{"type":"FeatureCollection","features":[{"type":"Feature","properties":{"name":"Indonesia","adm0_a3":"IDN"},"geometry":{"type":"MultiPolygon","coordinates":[[[[117.70361,4.16341],[117.90704,4.15668],[117.93482,4.05988],[117.88706,4.03193],[117.83855,4.04019],[117.70361,4.16341]]],[[[117.56707,4.15961],[117.51856,4.12226],[117.37306,4.16974],[117.4074,4.12499],[117.39584,4.09894],[117.46648,4.0799],[117.46827,4.04352],[117.52027,4.0493],[117.61378,3.9571],[117.67848,3.93244],[117.68849,3.909],[117.65089,3.89521],[117.57008,3.93317],[117.52345,3.92951],[117.57944,3.91454],[117.63673,3.87287],[117.68165,3.88227],[117.71909,3.86058],[117.78289,3.77904],[117.70216,3.77871],[117.73422,3.75214],[117.81788,3.73005],[117.82618,3.7036],[117.74855,3.63695],[117.62867,3.63207],[117.54664,3.66401],[117.50359,3.76874],[117.46876,3.7923],[117.52345,3.65021],[117.50978,3.60737],[117.43092,3.63467],[117.0905,3.64582],[117.05568,3.6319],[117.03053,3.59439],[117.08318,3.61664],[117.19923,3.61628],[117.21656,3.60301],[117.19996,3.555],[117.24285,3.49067],[117.30454,3.46939],[117.32545,3.43602],[117.37436,3.44864],[117.44654,3.43476],[117.4419,3.37303],[117.36964,3.30524],[117.35955,3.24429],[117.33367,3.23212],[117.27377,3.2648],[117.27003,3.23432],[117.35271,3.18281],[117.45395,3.17121],[117.45509,3.12816],[117.4817,3.10126],[117.6172,3.08588],[117.6294,3.04238],[117.56495,2.98355],[117.65561,2.99738],[117.68507,2.96308],[117.54379,2.9221],[117.73634,2.9016],[117.61964,2.82551],[117.75221,2.78461],[117.78403,2.75825],[117.80079,2.65717],[117.82618,2.60741],[117.97902,2.46654],[118.03712,2.36396],[118.04469,2.38154],[118.0822,2.33747],[118.09938,2.27782],[118.05779,2.21996],[117.95541,2.18228],[117.91472,2.09349],[117.82618,2.10651],[117.9004,2.04999],[117.82545,2.03628],[117.74073,2.04499],[117.75001,2.03144],[117.81886,2.01716],[117.85564,1.98338],[117.87338,1.99046],[117.87224,1.92471],[117.85727,1.89765],[117.89389,1.87376],[117.92408,1.81916],[118.04615,1.78311],[118.04786,1.74356],[118.12672,1.65469],[118.42506,1.48574],[118.39967,1.45441],[118.4489,1.43553],[118.45631,1.3946],[118.47625,1.40204],[118.61329,1.35122],[118.67514,1.28042],[118.75416,1.22956],[118.78468,1.18171],[118.76417,1.16401],[118.80893,1.13972],[118.85694,1.05817],[118.88771,1.05817],[118.91554,1.0786],[118.9852,1.05756],[119.00554,1.03758],[118.99757,1.00361],[119.01173,0.97626],[118.95655,0.91266],[118.865,0.86884],[118.84099,0.8299],[118.79819,0.80492],[118.66277,0.84638],[118.56528,0.80402],[118.4284,0.83999],[118.38396,0.80492],[118.3169,0.85883],[118.18784,0.87523],[118.09669,0.90864],[118.04469,0.95515],[117.98951,1.0786],[117.924,1.12499],[117.89389,1.11347],[117.90138,1.0786],[117.97527,0.9831],[117.98463,0.92622],[118.02475,0.87279],[118.03297,0.80024],[117.98268,0.79133],[117.94744,0.83112],[117.90252,0.83747],[117.81129,0.81175],[117.74318,0.74055],[117.71909,0.63679],[117.62037,0.50202],[117.62713,0.43439],[117.56951,0.38906],[117.51726,0.29096],[117.52312,0.22578],[117.48015,0.16649],[117.51726,0.1402],[117.46998,0.10879],[117.4756,0.0576],[117.49708,0.05101],[117.48911,0.03718],[117.51686,0.01594],[117.53028,-0.03232],[117.48487,-0.09222],[117.43507,-0.23968],[117.44207,-0.28192],[117.49708,-0.35027],[117.45753,-0.42702],[117.46648,-0.45729],[117.44142,-0.52516],[117.59596,-0.42262],[117.63014,-0.41872],[117.6316,-0.44752],[117.55454,-0.5027],[117.59897,-0.52142],[117.57846,-0.59694],[117.53028,-0.60711],[117.57594,-0.62998],[117.53989,-0.67449],[117.55128,-0.68963],[117.48292,-0.69964],[117.61362,-0.73406],[117.62713,-0.77093],[117.53761,-0.8126],[117.48911,-0.79892],[117.4935,-0.82781],[117.45818,-0.82049],[117.44654,-0.87705],[117.41285,-0.87493],[117.37924,-0.83929],[117.33904,-0.9013],[117.32789,-0.84148],[117.2815,-0.80918],[117.25034,-0.90928],[117.16391,-0.9817],[117.0652,-1.12184],[117.03924,-1.13779],[117.02369,-1.2029],[116.95769,-1.23992],[116.81984,-1.26141],[116.83074,-1.195],[116.81137,-1.19264],[116.79713,-1.21722],[116.78745,-1.15887],[116.74635,-1.11053],[116.75685,-1.0237],[116.74318,-1.02484],[116.71534,-1.12477],[116.75709,-1.18222],[116.7361,-1.22096],[116.79086,-1.24391],[116.76303,-1.29852],[116.76238,-1.36533],[116.56764,-1.44655],[116.53924,-1.48122],[116.53712,-1.52565],[116.56446,-1.58343],[116.54021,-1.62274],[116.32488,-1.70387],[116.22242,-1.78965],[116.24293,-1.80576],[116.2859,-1.80706],[116.33009,-1.77809],[116.42482,-1.76637],[116.44825,-1.79608],[116.41358,-1.84726],[116.46656,-1.90748],[116.45045,-1.95745],[116.45786,-2.04241],[116.42693,-2.07635],[116.33668,-2.10817],[116.28321,-2.16937],[116.37086,-2.13787],[116.41066,-2.20379],[116.51783,-2.16644],[116.54274,-2.20924],[116.59864,-2.18385],[116.60328,-2.22422],[116.54005,-2.51287],[116.51791,-2.55389],[116.48243,-2.56032],[116.44459,-2.49831],[116.32106,-2.51198],[116.30421,-2.52565],[116.32374,-2.54754],[116.29689,-2.60817],[116.31056,-2.615],[116.34156,-2.56658],[116.36622,-2.55674],[116.39308,-2.57399],[116.36573,-2.6526],[116.36476,-2.86142],[116.28761,-2.98707],[116.26336,-3.00547],[116.22877,-3.00164],[116.21241,-2.93035],[116.17408,-2.90301],[116.15064,-2.81634],[116.13771,-2.82342],[116.13982,-2.86891],[116.11134,-2.93027],[116.12672,-2.96608],[116.10572,-2.99798],[116.16139,-3.00351],[116.1775,-3.0499],[116.25489,-3.10866],[116.2649,-3.1369],[116.16725,-3.15634],[116.18767,-3.23203],[116.16847,-3.2658],[116.12623,-3.27988],[116.13429,-3.25433],[116.15358,-3.25937],[116.17213,-3.22617],[116.11052,-3.24619],[116.02345,-3.4118],[115.98951,-3.5827],[115.96795,-3.60882],[115.85816,-3.62021],[115.7588,-3.69695],[115.58334,-3.78053],[115.06031,-3.98577],[114.66432,-4.18418],[114.62477,-4.17051],[114.60662,-4.13226],[114.6316,-4.01287],[114.60426,-3.85516],[114.6111,-3.68385],[114.52231,-3.5193],[114.5503,-3.34808],[114.50001,-3.38274],[114.47682,-3.50066],[114.41245,-3.48528],[114.28883,-3.42449],[114.26352,-3.39756],[114.36476,-3.21152],[114.24806,-3.36028],[114.18653,-3.38226],[114.12582,-3.36785],[114.10825,-3.34734],[114.11769,-3.19036],[114.09718,-3.27606],[114.042,-3.35556],[113.81471,-3.45526],[113.71314,-3.47259],[113.6325,-3.4568],[113.62477,-3.38226],[113.6421,-3.25596],[113.6115,-3.17425],[113.48618,-3.17474],[113.45216,-3.1994],[113.43971,-3.23846],[113.36573,-3.25286],[113.34588,-3.23789],[113.32936,-3.18279],[113.30274,-3.16253],[113.35108,-3.27239],[113.23048,-3.16432],[113.20167,-3.09303],[113.10133,-3.04258],[113.03517,-2.92295],[113.03712,-2.9931],[113.01734,-3.0368],[112.98316,-3.04974],[112.94109,-3.10638],[112.96844,-3.14398],[113.0215,-3.16253],[112.63803,-3.41676],[112.58155,-3.41595],[112.5451,-3.44427],[112.34897,-3.32285],[112.30274,-3.3139],[112.20289,-3.32952],[112.11687,-3.38226],[111.97316,-3.52557],[111.90528,-3.57204],[111.80877,-3.53297],[111.84295,-3.38445],[111.81495,-3.19036],[111.83253,-3.06162],[111.76026,-2.90765],[111.75408,-2.82391],[111.73357,-2.8034],[111.75408,-2.73854],[111.71078,-2.77459],[111.71314,-2.8484],[111.67254,-2.89463],[111.70346,-2.94362],[111.56984,-3.01572],[111.53435,-3.01214],[111.51442,-2.9638],[111.48569,-2.9415],[111.36305,-2.92295],[111.29615,-2.93646],[110.98618,-3.0875],[110.9065,-3.08327],[110.82374,-3.0372],[110.75424,-3.02606],[110.80437,-2.95908],[110.96583,-2.89959],[110.95606,-2.879],[110.79396,-2.94354],[110.69793,-3.06268],[110.66245,-3.08074],[110.63063,-3.05332],[110.64259,-3.01873],[110.61695,-2.90984],[110.58855,-2.87656],[110.54949,-2.86761],[110.40406,-2.9205],[110.30104,-2.99798],[110.26319,-3.00286],[110.20484,-2.89617],[110.24708,-2.81512],[110.21168,-2.6526],[110.15699,-2.62127],[110.19923,-2.55234],[110.2649,-2.55657],[110.28053,-2.51824],[110.24684,-2.53981],[110.22104,-2.53281],[110.15992,-2.43646],[110.14088,-2.28973],[110.09718,-2.23577],[110.12916,-2.06951],[110.09254,-1.94964],[110.07504,-1.92246],[109.95362,-1.87428],[109.90382,-1.8261],[109.92433,-1.81316],[109.91066,-1.77898],[109.99391,-1.73024],[110.03395,-1.64617],[110.06853,-1.43255],[110.06137,-1.34637],[110.02955,-1.2859],[109.9642,-1.26572],[109.95151,-1.23089],[109.92986,-1.22324],[109.93458,-1.11256],[109.83546,-1.0862],[109.74049,-0.96754],[109.73487,-0.91766],[109.76352,-0.87086],[109.72438,-0.88877],[109.71412,-0.94736],[109.67726,-0.98382],[109.62989,-0.95192],[109.60524,-0.95664],[109.58172,-0.89446],[109.52564,-0.8624],[109.42799,-0.84661],[109.41383,-0.86012],[109.41896,-0.90358],[109.3908,-0.91188],[109.2732,-0.85361],[109.24529,-0.6959],[109.26254,-0.66741],[109.31381,-0.695],[109.38307,-0.6959],[109.4686,-0.73707],[109.50172,-0.73105],[109.50652,-0.7164],[109.4616,-0.71299],[109.41293,-0.664],[109.35515,-0.64813],[109.36883,-0.63388],[109.35515,-0.61395],[109.42408,-0.62021],[109.40064,-0.59734],[109.344,-0.58375],[109.26238,-0.59246],[109.2151,-0.5534],[109.1714,-0.55633],[109.13942,-0.52858],[109.1006,-0.36972],[109.136,-0.36004],[109.09083,-0.2872],[109.10133,-0.25758],[109.07643,-0.25058],[109.06707,-0.27125],[109.04624,-0.24586],[109.06031,-0.21673],[109.11866,-0.20306],[109.22478,-0.23724],[109.1906,-0.18874],[109.18686,-0.08221],[109.1565,0.02009],[109.17213,0.03417],[109.30047,0.01048],[109.16676,0.11229],[109.10231,0.24311],[109.03321,0.29336],[108.95314,0.30174],[108.92872,0.31509],[108.92091,0.34028],[108.94435,0.42251],[108.91,0.53058],[108.93116,0.6162],[108.87599,0.71467],[108.88966,0.75373],[108.85548,0.83222],[108.89332,0.86791],[108.94142,0.88402],[108.9808,0.95604],[108.92433,1.16401],[109.14283,1.25064],[109.26637,1.3946],[109.24049,1.4042],[109.13738,1.26227],[109.08823,1.23631],[108.98585,1.21581],[108.99041,1.24746],[109.05437,1.35224],[109.07301,1.53392],[109.27223,1.69379],[109.34783,1.80956],[109.33692,1.81879],[109.28679,1.77822],[109.33513,1.85016],[109.34099,1.93553],[109.57887,1.99763],[109.64527,2.08324],[109.60027,1.98314],[109.52844,1.88999],[109.55562,1.80216],[109.64181,1.781],[109.64171,1.63716],[109.65804,1.59719],[109.76635,1.49647],[109.77555,1.45795],[109.8078,1.45996],[109.84284,1.40328],[109.92025,1.39477],[109.96376,1.29858],[110.03073,1.25357],[110.05181,1.21548],[110.17036,1.17445],[110.25656,1.03906],[110.26348,0.99431],[110.36415,0.98139],[110.46026,0.87974],[110.5539,0.85137],[110.61343,0.89395],[110.66129,0.87214],[110.70418,0.90139],[110.75834,0.91452],[110.77673,0.90325],[110.79699,0.94966],[110.88039,1.01053],[110.97341,1.01772],[111.19758,1.07523],[111.37411,1.00754],[111.47209,1.02221],[111.5032,0.95844],[111.53886,0.99772],[111.62268,1.03027],[111.76282,0.99302],[111.82308,1.00847],[111.9101,1.11404],[112.09293,1.14314],[112.1874,1.37966],[112.18181,1.40002],[112.15412,1.40953],[112.16156,1.43454],[112.29519,1.50381],[112.39854,1.52334],[112.47048,1.56766],[112.80152,1.54378],[112.85495,1.58272],[112.97319,1.56985],[113.01411,1.55078],[113.02435,1.51438],[112.9582,1.41565],[113.08904,1.43134],[113.1586,1.38816],[113.32366,1.35139],[113.39755,1.29393],[113.52447,1.31356],[113.62483,1.22758],[113.80817,1.33971],[113.86822,1.4155],[113.90967,1.44247],[114.09426,1.46567],[114.17342,1.42051],[114.37486,1.50694],[114.50064,1.43604],[114.5456,1.43495],[114.56802,1.4694],[114.56317,1.53639],[114.62446,1.59879],[114.669,1.69401],[114.67954,1.84074],[114.83199,1.90252],[114.84108,2.03822],[114.78062,2.03605],[114.75303,2.13481],[114.77876,2.2472],[114.91333,2.28405],[114.92222,2.35391],[114.97296,2.35748],[115.10505,2.46569],[115.19269,2.49055],[115.20612,2.50987],[115.19238,2.55106],[115.15197,2.59705],[115.11497,2.6079],[115.07146,2.59462],[115.05647,2.60863],[115.07187,2.67183],[115.05699,2.71126],[115.10463,2.76149],[115.06908,2.83264],[115.12282,2.91295],[115.20798,2.9807],[115.24209,3.04162],[115.31,2.98592],[115.46409,3.03082],[115.48218,3.11097],[115.51701,3.15728],[115.4828,3.20647],[115.51763,3.35716],[115.55722,3.42545],[115.58502,3.41682],[115.60124,3.43023],[115.5444,3.62916],[115.58863,3.8576],[115.5383,3.89782],[115.53882,3.92062],[115.58099,3.94692],[115.60951,3.99692],[115.64692,4.1691],[115.7326,4.23938],[115.77074,4.22561],[115.81746,4.28132],[115.82118,4.34434],[115.84412,4.38922],[115.8649,4.38258],[115.87885,4.35214],[115.97724,4.32863],[115.99357,4.28891],[116.02065,4.27085],[116.10995,4.34511],[116.12576,4.37891],[116.2288,4.35612],[116.31066,4.38338],[116.3582,4.35545],[116.39107,4.29467],[116.41132,4.28865],[116.44636,4.31726],[116.49411,4.32485],[116.48646,4.34883],[116.52222,4.39679],[116.59023,4.33113],[116.61555,4.34408],[116.68004,4.33992],[116.71167,4.36679],[116.80448,4.33007],[116.88302,4.3449],[116.98059,4.32956],[117.16466,4.33315],[117.2027,4.35607],[117.35659,4.25951],[117.43648,4.18561],[117.56707,4.15961]]],[[[113.4061,-8.45322],[113.40919,-8.48675],[113.37192,-8.49472],[113.29249,-8.49481],[113.278,-8.47332],[113.29591,-8.44704],[113.28907,-8.43279],[113.4061,-8.45322]]],[[[117.67311,-8.15407],[117.69256,-8.18353],[117.64031,-8.22405],[117.55372,-8.379],[117.53395,-8.38494],[117.49252,-8.36102],[117.48561,-8.34303],[117.51124,-8.2955],[117.48268,-8.25066],[117.48683,-8.18287],[117.56349,-8.1452],[117.67311,-8.15407]]],[[[109.88307,-7.84482],[109.65675,-7.78167],[109.4861,-7.76181],[109.42628,-7.77418],[109.39666,-7.74749],[109.40349,-7.72633],[109.36883,-7.71347],[109.09815,-7.68686],[109.04656,-7.70185],[109.01442,-7.7326],[108.97364,-7.70224],[108.90154,-7.68963],[108.87322,-7.61061],[108.82748,-7.63079],[108.76105,-7.69276],[108.71388,-7.6657],[108.69174,-7.6723],[108.67315,-7.69075],[108.67262,-7.72064],[108.65174,-7.71627],[108.63893,-7.68792],[108.53956,-7.69232],[108.50782,-7.7195],[108.49527,-7.79292],[108.45371,-7.8185],[108.32683,-7.81747],[107.95353,-7.73987],[107.86453,-7.74513],[107.83023,-7.72917],[107.82814,-7.70049],[107.80674,-7.68668],[107.68655,-7.66208],[107.66084,-7.61421],[107.59096,-7.57043],[107.48115,-7.53819],[107.47051,-7.51691],[107.41139,-7.49586],[107.36153,-7.50371],[107.10705,-7.45641],[106.52266,-7.41096],[106.48083,-7.37567],[106.43393,-7.36199],[106.39776,-7.37846],[106.39906,-7.33482],[106.37536,-7.31019],[106.38608,-7.23064],[106.41489,-7.18768],[106.4673,-7.17645],[106.45655,-7.14479],[106.5405,-7.05461],[106.53715,-6.98296],[106.5108,-6.9638],[106.4517,-6.95506],[106.42387,-6.96322],[106.40162,-6.9931],[106.33302,-7.00075],[106.25424,-6.96429],[106.20116,-6.91368],[106.12471,-6.89628],[106.05298,-6.83681],[105.97871,-6.81771],[105.91896,-6.82399],[105.88438,-6.84767],[105.87374,-6.83471],[105.77474,-6.85023],[105.70289,-6.83571],[105.55519,-6.85568],[105.53512,-6.87233],[105.48614,-6.86752],[105.44223,-6.84254],[105.4201,-6.85687],[105.39796,-6.82952],[105.31078,-6.81035],[105.27467,-6.84938],[105.25611,-6.84238],[105.21681,-6.77207],[105.27467,-6.76165],[105.36378,-6.66497],[105.40821,-6.70599],[105.44068,-6.79412],[105.4712,-6.81585],[105.49008,-6.80902],[105.52858,-6.72332],[105.62224,-6.63161],[105.61897,-6.5325],[105.64386,-6.48233],[105.67779,-6.47492],[105.68224,-6.51154],[105.71136,-6.53456],[105.78223,-6.51211],[105.82409,-6.43465],[105.83237,-6.22869],[105.8672,-6.11012],[105.88787,-6.07057],[105.97731,-5.98349],[105.99724,-5.91774],[106.05274,-5.88104],[106.08522,-5.88551],[106.10711,-5.9109],[106.11158,-5.97519],[106.15919,-6.00954],[106.20948,-5.9983],[106.25652,-5.94158],[106.29884,-5.945],[106.36101,-5.99342],[106.47006,-6.03436],[106.54933,-6.00652],[106.6854,-6.01246],[106.72088,-6.03094],[106.7378,-6.08392],[106.79322,-6.1041],[107.00514,-6.07236],[107.01498,-6.02898],[106.99903,-6.00351],[107.02564,-5.95867],[107.02125,-5.92409],[107.04444,-5.91432],[107.11443,-5.93816],[107.16969,-5.97975],[107.28094,-5.95477],[107.35414,-5.976],[107.47027,-6.14543],[107.56318,-6.18425],[107.62113,-6.18747],[107.67822,-6.23802],[107.73219,-6.23255],[107.78297,-6.20574],[107.81031,-6.2112],[107.81084,-6.18935],[107.82626,-6.18513],[107.86396,-6.2064],[107.88536,-6.18692],[107.89562,-6.23102],[108.09368,-6.32685],[108.14226,-6.32262],[108.19508,-6.28706],[108.20529,-6.24982],[108.18656,-6.23119],[108.33217,-6.26165],[108.36027,-6.2464],[108.37223,-6.34035],[108.45541,-6.44207],[108.53956,-6.48691],[108.60548,-6.76165],[108.6631,-6.76735],[108.74879,-6.81219],[108.79225,-6.81113],[108.83497,-6.78786],[108.94484,-6.84938],[108.98341,-6.84173],[109.00131,-6.78916],[109.02084,-6.78867],[109.14283,-6.85622],[109.3519,-6.87566],[109.43824,-6.86012],[109.49293,-6.80153],[109.53199,-6.83514],[109.7256,-6.86305],[109.94068,-6.92344],[110.13884,-6.89715],[110.1775,-6.85622],[110.21258,-6.9],[110.38103,-6.97568],[110.48618,-6.93792],[110.57154,-6.8362],[110.6447,-6.68816],[110.6819,-6.5219],[110.67107,-6.49993],[110.73048,-6.45696],[110.8423,-6.41806],[110.92482,-6.40374],[110.9725,-6.43174],[111.01075,-6.42099],[111.05926,-6.4699],[111.14438,-6.69183],[111.36638,-6.71201],[111.4441,-6.68906],[111.49342,-6.62347],[111.61012,-6.66497],[111.695,-6.75514],[111.74041,-6.78167],[111.88234,-6.80869],[111.97625,-6.78484],[112.084,-6.90602],[112.15064,-6.91009],[112.33969,-6.87314],[112.41505,-6.8825],[112.43523,-6.87054],[112.50074,-6.91082],[112.54282,-6.91758],[112.56251,-6.8668],[112.58277,-6.87054],[112.60377,-6.90456],[112.58277,-6.98992],[112.61801,-7.04119],[112.6574,-7.03786],[112.66578,-7.05486],[112.61769,-7.07057],[112.61411,-7.09124],[112.68385,-7.1749],[112.66432,-7.19883],[112.60377,-7.19264],[112.70069,-7.25465],[112.74513,-7.20517],[112.76824,-7.1994],[112.82325,-7.26263],[112.81609,-7.38714],[112.76148,-7.44891],[112.76148,-7.53118],[112.8449,-7.59287],[112.97202,-7.64764],[113.056,-7.66302],[113.13266,-7.7278],[113.19956,-7.74749],[113.24122,-7.74066],[113.28533,-7.78167],[113.32309,-7.78558],[113.41375,-7.73626],[113.52858,-7.70037],[113.65895,-7.72015],[113.72299,-7.70827],[113.7859,-7.72633],[113.85475,-7.67702],[113.94508,-7.67799],[114.01612,-7.6181],[114.04558,-7.61199],[114.14039,-7.70086],[114.19597,-7.71412],[114.25856,-7.70037],[114.32521,-7.75026],[114.38893,-7.75807],[114.44597,-7.79469],[114.4673,-7.83099],[114.44044,-7.93255],[114.44679,-8.01426],[114.35865,-8.40911],[114.37672,-8.51946],[114.40113,-8.51718],[114.40561,-8.44704],[114.42319,-8.46502],[114.42612,-8.56243],[114.44532,-8.6028],[114.58912,-8.66424],[114.62566,-8.71608],[114.62477,-8.74066],[114.59718,-8.77557],[114.55535,-8.77793],[114.46762,-8.74814],[114.36695,-8.74147],[114.39194,-8.70029],[114.38526,-8.66473],[114.30258,-8.61191],[114.26173,-8.61094],[114.19703,-8.6456],[114.17482,-8.61981],[114.10402,-8.63812],[114.05934,-8.63144],[114.03199,-8.6041],[113.97999,-8.62021],[113.96437,-8.56243],[113.92286,-8.57676],[113.83717,-8.54209],[113.8235,-8.55633],[113.80616,-8.50107],[113.72389,-8.52825],[113.70729,-8.49236],[113.67262,-8.49481],[113.64047,-8.45859],[113.57301,-8.42596],[113.52719,-8.4293],[113.46656,-8.37754],[113.41358,-8.39023],[113.32309,-8.30926],[113.24073,-8.28094],[113.0267,-8.30299],[112.90268,-8.40398],[112.83383,-8.37575],[112.81788,-8.39658],[112.78419,-8.38681],[112.6727,-8.44704],[112.52068,-8.39178],[112.44239,-8.39178],[112.37664,-8.37127],[112.38404,-8.3576],[112.34156,-8.3327],[112.2444,-8.34197],[112.209,-8.32366],[112.02475,-8.30495],[111.97071,-8.27776],[111.91863,-8.30299],[111.87477,-8.27386],[111.792,-8.25652],[111.77101,-8.28151],[111.77036,-8.31732],[111.75066,-8.3235],[111.73536,-8.29404],[111.7173,-8.29274],[111.69484,-8.34637],[111.71127,-8.36102],[111.69581,-8.37127],[111.65406,-8.35809],[111.63054,-8.3235],[111.61256,-8.33701],[111.5617,-8.31666],[111.51783,-8.32977],[111.44874,-8.31292],[111.44207,-8.27606],[111.42506,-8.26881],[111.30063,-8.26295],[111.27613,-8.2483],[111.16196,-8.28192],[111.14828,-8.25351],[111.11476,-8.24196],[111.10304,-8.2068],[111.06666,-8.25254],[111.01734,-8.25465],[110.84791,-8.2011],[110.71534,-8.19313],[110.38038,-8.07318],[110.32838,-8.02117],[110.28736,-8.01507],[110.03419,-7.8847],[109.90602,-7.83766],[109.88307,-7.84482]]],[[[108.67726,-1.7138],[108.72316,-1.69362],[108.77809,-1.70273],[108.7588,-1.71746],[108.67726,-1.7138]]],[[[109.1819,-1.26621],[109.13852,-1.31414],[109.1338,-1.29713],[109.10076,-1.30055],[109.16131,-1.25661],[109.1819,-1.26621]]],[[[109.2649,-1.17498],[109.25294,-1.2125],[109.2234,-1.22715],[109.22389,-1.19134],[109.2649,-1.17498]]],[[[104.4878,-0.2741],[104.49708,-0.2986],[104.4865,-0.31072],[104.41822,-0.31854],[104.40089,-0.2973],[104.42124,-0.27809],[104.4878,-0.2741]]],[[[102.83912,0.29096],[102.91391,0.32026],[102.92726,0.31086],[102.84702,0.27806],[102.83912,0.29096]]],[[[103.08432,0.60855],[103.077,0.57477],[103.03663,0.65754],[103.06577,0.64924],[103.08432,0.60855]]],[[[103.51743,0.69843],[103.4979,0.62702],[103.47202,0.62299],[103.47389,0.65347],[103.49952,0.6955],[103.51743,0.69843]]],[[[103.12094,0.77998],[103.1045,0.73542],[103.08627,0.72468],[103.08025,0.76862],[103.10662,0.79296],[103.12094,0.77998]]],[[[104.52345,0.7884],[104.62159,0.78742],[104.61354,0.76586],[104.55397,0.7707],[104.51124,0.75031],[104.52345,0.7884]]],[[[103.66774,0.83967],[103.72731,0.77985],[103.71339,0.76244],[103.66774,0.83967]]],[[[103.47267,0.90884],[103.47934,0.87885],[103.45826,0.8697],[103.40707,0.91144],[103.45346,0.92056],[103.47267,0.90884]]],[[[119.86232,-0.83416],[119.85402,-0.7164],[119.792,-0.60711],[119.75782,-0.4699],[119.7811,-0.23935],[119.80836,-0.18279],[119.79998,-0.12379],[119.792,-0.10678],[119.73048,-0.12135],[119.6753,-0.09938],[119.6277,-0.01836],[119.63445,0.01048],[119.66847,-0.00384],[119.6753,0.03034],[119.77833,-0.07635],[119.83269,-0.0844],[119.88819,0.07128],[119.79396,0.1966],[119.78517,0.23949],[119.86948,0.28718],[119.85402,0.34223],[119.90187,0.46174],[119.96461,0.50113],[120.0,0.50383],[120.0,-5.57289],[119.91489,-5.56894],[119.80568,-5.69248],[119.72364,-5.70379],[119.64796,-5.67881],[119.63404,-5.61745],[119.60971,-5.60914],[119.57,-5.65594],[119.51759,-5.55804],[119.45533,-5.57383],[119.4699,-5.59564],[119.43328,-5.58782],[119.42213,-5.5512],[119.43751,-5.52174],[119.36036,-5.39642],[119.35279,-5.35564],[119.40366,-5.12412],[119.45997,-5.0735],[119.51979,-4.91668],[119.49708,-4.71795],[119.52516,-4.69801],[119.59108,-4.56414],[119.6268,-4.31455],[119.60011,-4.24245],[119.6268,-4.16302],[119.60629,-4.10467],[119.62062,-4.02646],[119.64698,-3.97796],[119.60711,-3.97584],[119.59344,-4.02646],[119.58522,-3.97031],[119.45428,-3.70013],[119.51401,-3.56308],[119.49757,-3.49529],[119.34693,-3.4306],[119.29762,-3.42791],[119.22967,-3.48528],[119.15797,-3.47845],[119.09938,-3.50506],[119.02703,-3.5097],[118.99871,-3.525],[119.0044,-3.55975],[118.97022,-3.53981],[118.94947,-3.56902],[118.92677,-3.5661],[118.8423,-3.36834],[118.85255,-3.29559],[118.81715,-3.17181],[118.78199,-3.1443],[118.76417,-3.09092],[118.79135,-3.06015],[118.8484,-3.0678],[118.88551,-2.86956],[118.83432,-2.841],[118.77166,-2.86207],[118.75734,-2.77581],[118.80616,-2.62982],[118.84148,-2.6277],[118.8711,-2.6539],[118.9144,-2.64837],[119.0149,-2.57724],[119.04737,-2.51287],[119.13575,-2.45428],[119.13404,-2.20355],[119.18556,-2.12086],[119.21608,-2.00994],[119.26442,-1.96331],[119.33644,-1.97015],[119.34702,-1.9594],[119.36704,-1.83294],[119.32879,-1.78118],[119.30543,-1.65203],[119.33326,-1.5735],[119.30242,-1.49375],[119.29477,-1.40537],[119.33326,-1.35019],[119.31365,-1.24578],[119.39918,-1.13348],[119.45314,-1.09645],[119.48243,-0.96347],[119.52516,-0.86045],[119.68214,-0.73691],[119.65943,-0.69622],[119.73365,-0.63388],[119.82488,-0.85866],[119.84653,-0.87461],[119.86232,-0.83416]]],[[[100.94728,1.82538],[100.94825,1.88276],[100.88551,2.03632],[100.8235,2.11595],[100.79998,2.20893],[100.84116,2.28083],[100.88592,2.29828],[101.0503,2.29149],[101.06739,2.21979],[101.18181,2.14501],[101.31715,2.0246],[101.32667,1.91645],[101.37762,1.77326],[101.42701,1.7093],[101.56739,1.65591],[101.71168,1.67113],[101.7492,1.66153],[102.0215,1.43789],[102.11818,1.38654],[102.14332,1.35773],[102.15333,1.31147],[102.14723,1.24779],[102.19728,1.19961],[102.19418,1.0659],[102.20851,1.02408],[102.42506,0.80427],[102.53224,0.74238],[102.59498,0.73603],[102.66717,0.75031],[102.87713,0.72639],[102.95379,0.67585],[103.08375,0.51557],[103.0923,0.46918],[103.07472,0.44233],[102.71567,0.25764],[102.6277,0.23432],[102.58188,0.1811],[102.55494,0.18643],[102.5027,0.2364],[102.43043,0.24632],[102.48072,0.23428],[102.54575,0.16914],[102.57789,0.15851],[102.69549,0.23208],[102.76344,0.22895],[102.90268,0.26777],[103.00758,0.32465],[103.07594,0.383],[103.16627,0.4079],[103.22364,0.48843],[103.36215,0.53628],[103.42124,0.5163],[103.54103,0.43464],[103.58766,0.37653],[103.60629,0.31086],[103.64527,0.34528],[103.74342,0.27733],[103.81398,0.01887],[103.80177,-0.00726],[103.67115,-0.01743],[103.66424,-0.04054],[103.62916,-0.04839],[103.59205,-0.01068],[103.577,-0.01397],[103.56471,-0.02426],[103.58578,-0.04473],[103.57586,-0.10442],[103.4944,-0.11842],[103.46681,-0.18304],[103.41456,-0.21673],[103.30144,-0.23756],[103.27052,-0.25758],[103.33253,-0.26385],[103.48927,-0.21152],[103.5027,-0.2304],[103.49464,-0.2536],[103.45672,-0.289],[103.43678,-0.33799],[103.34555,-0.36688],[103.40056,-0.38454],[103.49301,-0.37542],[103.5984,-0.43678],[103.54705,-0.48984],[103.41798,-0.51776],[103.3729,-0.4494],[103.38038,-0.51434],[103.41456,-0.55185],[103.41627,-0.57537],[103.3729,-0.64813],[103.38575,-0.68092],[103.34555,-0.6959],[103.37599,-0.72682],[103.46314,-0.75774],[103.46485,-0.78297],[103.44117,-0.8126],[103.50734,-0.80495],[103.52711,-0.81601],[103.56471,-0.87461],[103.58578,-0.87461],[103.6504,-0.94297],[103.68873,-0.94915],[103.72511,-0.98561],[103.79412,-1.00945],[103.82887,-1.07342],[103.85629,-1.01377],[103.95582,-0.97698],[104.04078,-1.02174],[104.12696,-1.03167],[104.21241,-1.07334],[104.31959,-1.03362],[104.37721,-1.03167],[104.41049,-1.12835],[104.40138,-1.23089],[104.44923,-1.31601],[104.46274,-1.5735],[104.53761,-1.76068],[104.48341,-1.88144],[104.49708,-1.93597],[104.53736,-1.8541],[104.56446,-1.85768],[104.63697,-1.92156],[104.58888,-2.01946],[104.62062,-2.01043],[104.65455,-1.97015],[104.66383,-2.03134],[104.6858,-2.04469],[104.77263,-1.99774],[104.81463,-2.0084],[104.85027,-2.03786],[104.88282,-2.12566],[104.85971,-2.1994],[104.75701,-2.3305],[104.6714,-2.35125],[104.60621,-2.40211],[104.70965,-2.37086],[104.73015,-2.45273],[104.71314,-2.55779],[104.69874,-2.58221],[104.63282,-2.60516],[104.56951,-2.65643],[104.53598,-2.71933],[104.5311,-2.77264],[104.59986,-2.66375],[104.73146,-2.59075],[104.76856,-2.49472],[104.77182,-2.41424],[104.8322,-2.34531],[104.84596,-2.30218],[104.88331,-2.28493],[104.90105,-2.2929],[104.91163,-2.36028],[104.92897,-2.37477],[104.94142,-2.3362],[104.98024,-2.32643],[105.0451,-2.36736],[105.08668,-2.36126],[105.11671,-2.38047],[105.24692,-2.34287],[105.33106,-2.37314],[105.535,-2.39479],[105.55209,-2.40211],[105.53842,-2.40895],[105.549,-2.42116],[105.59002,-2.39528],[105.62379,-2.40179],[105.63478,-2.44305],[105.60743,-2.52874],[105.61842,-2.5949],[105.67311,-2.66302],[105.77809,-2.69012],[105.79493,-2.72405],[105.79176,-2.86207],[105.80958,-2.89902],[105.87924,-2.9511],[105.97511,-2.95281],[106.02849,-2.98284],[106.05405,-3.04697],[106.05934,-3.17002],[106.07976,-3.21152],[106.07301,-3.25555],[105.96274,-3.32879],[105.90024,-3.40716],[105.81959,-3.67254],[105.82569,-3.71152],[105.85108,-3.74334],[105.93344,-3.80234],[105.95248,-3.83375],[105.9358,-3.90984],[105.87013,-4.00416],[105.81276,-4.2387],[105.85328,-4.4039],[105.90626,-4.46933],[105.90943,-4.54664],[105.88795,-4.60182],[105.90504,-4.6701],[105.88185,-4.69622],[105.86744,-4.82464],[105.90968,-4.94313],[105.86744,-5.04127],[105.86451,-5.25555],[105.83953,-5.33717],[105.83961,-5.46893],[105.82407,-5.53045],[105.8296,-5.65472],[105.78256,-5.82855],[105.72975,-5.89666],[105.7129,-5.83213],[105.60206,-5.80983],[105.58619,-5.79078],[105.56861,-5.68035],[105.54526,-5.65765],[105.5254,-5.67881],[105.48357,-5.65895],[105.27963,-5.44427],[105.2505,-5.45908],[105.25701,-5.51727],[105.23878,-5.56894],[105.18002,-5.5805],[105.19581,-5.6679],[105.21632,-5.69801],[105.1548,-5.72682],[105.15805,-5.74293],[105.21534,-5.75905],[105.16326,-5.78606],[105.11842,-5.78216],[105.07301,-5.74635],[104.79078,-5.60947],[104.68133,-5.50693],[104.60621,-5.47894],[104.61305,-5.49928],[104.55144,-5.50848],[104.53419,-5.52386],[104.53321,-5.55983],[104.68873,-5.80788],[104.71608,-5.92108],[104.56129,-5.92832],[104.54176,-5.84189],[104.46314,-5.78281],[104.38404,-5.69248],[104.2977,-5.64332],[104.29078,-5.62542],[104.31446,-5.60508],[104.30152,-5.58563],[104.25799,-5.53981],[104.12664,-5.46168],[103.99318,-5.31268],[104.00245,-5.26287],[103.99138,-5.24635],[103.96258,-5.22503],[103.90138,-5.21852],[103.91342,-5.13926],[103.89112,-5.10418],[103.79217,-5.03094],[103.72608,-5.01678],[103.73552,-4.97796],[103.70541,-4.95501],[103.68165,-4.95468],[103.65406,-4.97918],[103.61695,-4.91985],[103.55356,-4.90887],[103.50001,-4.86395],[103.46168,-4.85573],[103.41456,-4.86932],[103.386,-4.80495],[103.35922,-4.78737],[103.32887,-4.79412],[103.30356,-4.73414],[103.17286,-4.61793],[103.04998,-4.54306],[102.92042,-4.49261],[102.87631,-4.42059],[102.70118,-4.27044],[102.31251,-3.99147],[102.28354,-3.93092],[102.31088,-3.86541],[102.26319,-3.79314],[102.22218,-3.64284],[101.87696,-3.42132],[101.61134,-3.22454],[101.41896,-2.92734],[101.327,-2.73919],[101.29933,-2.70762],[101.10483,-2.58709],[100.92311,-2.33343],[100.834,-2.15911],[100.88722,-2.03721],[100.8576,-1.89186],[100.77605,-1.80576],[100.65447,-1.61761],[100.63258,-1.50799],[100.57057,-1.44256],[100.58424,-1.39471],[100.56918,-1.33082],[100.45826,-1.26385],[100.42579,-1.27606],[100.40602,-1.26442],[100.43181,-1.23455],[100.43328,-1.20672],[100.36606,-1.15049],[100.38494,-1.10394],[100.37127,-1.07334],[100.41285,-1.07334],[100.41635,-1.04778],[100.37989,-1.03045],[100.35304,-0.97715],[100.344,-0.90879],[100.30144,-0.81634],[100.15968,-0.6679],[100.03492,-0.48797],[99.82398,-0.31341],[99.80592,-0.2278],[99.75945,-0.16839],[99.76678,-0.07537],[99.74724,-0.02984],[99.61085,0.09858],[99.49049,0.15542],[99.39259,0.1717],[99.34108,0.23876],[99.23341,0.21703],[99.13795,0.26309],[99.15846,0.32001],[99.11061,0.34565],[99.13234,0.41206],[99.12257,0.50902],[99.11061,0.52383],[99.0984,0.51423],[99.10027,0.60175],[99.07276,0.6308],[99.0486,0.61994],[99.04176,0.77704],[98.98121,0.83173],[98.97584,0.92084],[98.91733,1.11717],[98.83904,1.30126],[98.84457,1.34589],[98.78858,1.4138],[98.76808,1.4936],[98.73024,1.51439],[98.70965,1.56411],[98.73365,1.56989],[98.75343,1.53563],[98.8226,1.63044],[98.8191,1.68232],[98.7881,1.69135],[98.77394,1.7486],[98.72706,1.7919],[98.71111,1.77912],[98.72706,1.7565],[98.72022,1.73347],[98.69068,1.73627],[98.53517,1.93647],[98.44402,1.99116],[98.3545,2.00381],[98.32984,2.03828],[98.26922,2.03807],[98.24366,2.08755],[98.1526,2.15693],[97.9559,2.27172],[97.86687,2.24746],[97.79477,2.27782],[97.7444,2.28107],[97.65821,2.41157],[97.64405,2.66889],[97.60271,2.8662],[97.40504,2.94334],[97.31349,3.06167],[97.27076,3.21442],[97.24049,3.23802],[97.17164,3.25483],[97.01856,3.52269],[96.92172,3.6057],[96.88356,3.68244],[96.76051,3.74868],[96.55982,3.74657],[96.4795,3.77871],[96.19776,4.12128],[96.15968,4.1413],[96.12517,4.13642],[96.0652,4.20502],[96.01002,4.22565],[95.72584,4.53168],[95.61655,4.6284],[95.56544,4.63752],[95.57252,4.67381],[95.52687,4.69725],[95.46844,4.7895],[95.42628,4.82734],[95.34889,5.0375],[95.2798,5.1225],[95.29916,5.15034],[95.29127,5.19164],[95.24871,5.23102],[95.23194,5.28229],[95.19898,5.29287],[95.25359,5.41157],[95.23194,5.45075],[95.24545,5.46052],[95.19728,5.54637],[95.21274,5.57315],[95.2798,5.57437],[95.4319,5.65469],[95.51124,5.60301],[95.5337,5.62214],[95.61158,5.62665],[95.76222,5.57685],[95.88754,5.51215],[95.90358,5.45075],[95.93043,5.4145],[96.08806,5.29548],[96.29054,5.25898],[96.40659,5.21723],[96.46632,5.23554],[96.52735,5.21117],[96.65056,5.21625],[96.82838,5.28018],[96.89438,5.26211],[96.9734,5.27342],[97.07434,5.23816],[97.14934,5.19877],[97.17596,5.16128],[97.22655,5.14622],[97.49684,5.2519],[97.52622,5.24226],[97.6644,5.07343],[97.90919,4.88959],[97.96323,4.7895],[97.97535,4.70624],[98.00701,4.63386],[97.99684,4.54645],[98.03883,4.55195],[98.04802,4.53901],[98.06129,4.55484],[98.08961,4.53278],[98.13819,4.53441],[98.1858,4.48444],[98.20574,4.49803],[98.27556,4.42536],[98.26637,4.21158],[98.1858,4.16974],[98.17897,4.10822],[98.26303,4.17731],[98.30568,4.08031],[98.40577,4.07892],[98.47722,4.04621],[98.50799,4.00458],[98.55779,4.0008],[98.56788,3.96646],[98.5949,3.94367],[98.67662,3.91455],[98.70027,3.8753],[98.71062,3.80378],[98.79658,3.72544],[98.95753,3.67133],[99.17976,3.54634],[99.36818,3.40794],[99.43328,3.38288],[99.48976,3.33625],[99.50603,3.29597],[99.55812,3.24457],[99.75074,3.18049],[99.78159,3.12075],[99.85288,3.04727],[99.85792,3.01146],[99.88998,3.01826],[99.9795,2.94847],[99.9979,2.79914],[99.95346,2.69623],[99.99269,2.66877],[100.00799,2.60261],[100.02817,2.61758],[100.01222,2.67878],[99.97397,2.70307],[100.01856,2.73168],[100.05494,2.72728],[100.077,2.6894],[100.09596,2.57046],[100.12582,2.5301],[100.13852,2.53791],[100.11744,2.60371],[100.1211,2.66356],[100.15943,2.70376],[100.21062,2.70624],[100.21746,2.67878],[100.24838,2.66206],[100.26881,2.59687],[100.31218,2.56289],[100.38168,2.35505],[100.43434,2.27334],[100.56105,2.15681],[100.61785,2.12906],[100.66619,2.13447],[100.81276,2.03974],[100.87241,1.97199],[100.90594,1.85692],[100.94728,1.82538]]],[[[119.97633,-9.99245],[119.86036,-9.92254],[119.79396,-9.91058],[119.69711,-9.85263],[119.68507,-9.81276],[119.63445,-9.78965],[119.63445,-9.76914],[119.4603,-9.7501],[119.42254,-9.76214],[119.4061,-9.79013],[119.34693,-9.75547],[119.17709,-9.74139],[119.09685,-9.71754],[119.03736,-9.67588],[118.99781,-9.6168],[118.94158,-9.57049],[118.9419,-9.52557],[119.02467,-9.43768],[119.16871,-9.38551],[119.26783,-9.36444],[119.38453,-9.37811],[119.4568,-9.3576],[119.52858,-9.37493],[119.62924,-9.34189],[119.66236,-9.34791],[119.68043,-9.37078],[119.79949,-9.38372],[119.95875,-9.29046],[120.0,-9.34771],[120.0,-10.02361],[119.97633,-9.99245]]],[[[115.57309,-8.67197],[115.6242,-8.76891],[115.58888,-8.80731],[115.46827,-8.73187],[115.51759,-8.67018],[115.57309,-8.67197]]],[[[119.7378,-8.61712],[119.79152,-8.6242],[119.78858,-8.64153],[119.74732,-8.67213],[119.7505,-8.68597],[119.70916,-8.69354],[119.70509,-8.72405],[119.72299,-8.76181],[119.69825,-8.80153],[119.65553,-8.76686],[119.61524,-8.77752],[119.60629,-8.76865],[119.63445,-8.72698],[119.6268,-8.71396],[119.66041,-8.68548],[119.64129,-8.67913],[119.63445,-8.59661],[119.69549,-8.66709],[119.7378,-8.61712]]],[[[119.56178,-8.53216],[119.58717,-8.56243],[119.5726,-8.56561],[119.56984,-8.59043],[119.52516,-8.59043],[119.50668,-8.56585],[119.4568,-8.59661],[119.47071,-8.61541],[119.49098,-8.61094],[119.47316,-8.64723],[119.44825,-8.65358],[119.44256,-8.67913],[119.4699,-8.74066],[119.37371,-8.73447],[119.40211,-8.66758],[119.39845,-8.63437],[119.38111,-8.62802],[119.37965,-8.56585],[119.41529,-8.55633],[119.42213,-8.53525],[119.41529,-8.44329],[119.4568,-8.42596],[119.48032,-8.48675],[119.56023,-8.48797],[119.57472,-8.50701],[119.56178,-8.53216]]],[[[116.66822,-8.28924],[116.73512,-8.35296],[116.74318,-8.39178],[116.68523,-8.48056],[116.681,-8.55633],[116.62778,-8.61484],[116.5553,-8.74497],[116.50044,-8.80269],[116.50912,-8.858],[116.5408,-8.83604],[116.58888,-8.86321],[116.56537,-8.89558],[116.50918,-8.89683],[116.4756,-8.92002],[116.44661,-8.92008],[116.43279,-8.9107],[116.47188,-8.8394],[116.42312,-8.83641],[116.3977,-8.85532],[116.40309,-8.9542],[116.37957,-8.91188],[116.35141,-8.9262],[116.32789,-8.89886],[116.20476,-8.92002],[116.16725,-8.87851],[116.10572,-8.87469],[116.07716,-8.89463],[116.06422,-8.88397],[116.08375,-8.865],[116.06861,-8.85573],[116.04029,-8.86468],[116.04029,-8.90228],[116.0193,-8.90814],[115.96925,-8.84938],[115.92823,-8.85491],[115.83926,-8.81686],[115.8307,-8.76981],[115.84859,-8.72479],[115.8794,-8.72479],[115.89226,-8.75482],[115.95445,-8.75372],[115.98303,-8.73706],[116.0232,-8.74814],[116.04119,-8.73414],[116.06567,-8.75997],[116.08758,-8.73724],[116.09148,-8.72698],[116.06027,-8.71391],[116.07264,-8.57778],[116.02794,-8.44501],[116.05005,-8.41464],[116.10572,-8.40545],[116.12281,-8.37444],[116.28639,-8.23626],[116.39381,-8.2011],[116.66822,-8.28924]]],[[[119.11305,-8.14666],[119.13746,-8.19061],[119.12721,-8.22047],[119.10035,-8.25156],[119.05152,-8.26141],[119.0228,-8.23431],[119.02027,-8.18971],[119.042,-8.14853],[119.08644,-8.13152],[119.11305,-8.14666]]],[[[119.19923,-8.6124],[119.17498,-8.64512],[119.18181,-8.7208],[119.15162,-8.74236],[118.97185,-8.75115],[118.89845,-8.68841],[118.85711,-8.72177],[118.76515,-8.71087],[118.702,-8.74814],[118.73618,-8.77467],[118.92693,-8.79656],[118.94972,-8.83367],[118.90805,-8.85052],[118.84596,-8.83685],[118.82928,-8.85052],[118.75734,-8.80202],[118.71404,-8.79998],[118.46502,-8.865],[118.41424,-8.85361],[118.38738,-8.79583],[118.43873,-8.69004],[118.41472,-8.58294],[118.4004,-8.59612],[118.39356,-8.67457],[118.33904,-8.69215],[118.29493,-8.76523],[118.15772,-8.86785],[118.07887,-8.84433],[118.02418,-8.85052],[117.99838,-8.88096],[117.89047,-8.93678],[117.8567,-8.93304],[117.83937,-8.90569],[117.78793,-8.93279],[117.72511,-8.91204],[117.55812,-9.00189],[117.38887,-9.05374],[117.33413,-9.05935],[117.19241,-9.02373],[117.1268,-9.09124],[117.00974,-9.10729],[116.94923,-9.06015],[116.90642,-9.06341],[116.76303,-9.01556],[116.72845,-8.9631],[116.74791,-8.92293],[116.73518,-8.8734],[116.77691,-8.82635],[116.81715,-8.81813],[116.82447,-8.799],[116.7907,-8.74537],[116.76408,-8.73819],[116.77227,-8.68026],[116.74852,-8.66654],[116.79009,-8.5837],[116.83204,-8.5748],[116.83814,-8.50791],[116.87965,-8.52825],[116.98455,-8.49578],[117.12615,-8.40545],[117.11769,-8.38348],[117.19508,-8.3576],[117.21559,-8.38494],[117.27377,-8.3952],[117.43393,-8.48113],[117.44272,-8.41074],[117.5197,-8.41872],[117.55812,-8.40545],[117.5923,-8.51474],[117.59995,-8.44606],[117.6233,-8.43841],[117.63966,-8.54062],[117.69874,-8.57676],[117.74383,-8.56927],[117.73634,-8.58294],[117.76368,-8.59531],[117.76466,-8.62127],[117.79152,-8.63812],[117.75734,-8.64512],[117.80519,-8.71998],[117.89389,-8.70029],[117.90447,-8.72698],[117.969,-8.74814],[118.06813,-8.65594],[118.15772,-8.64512],[118.2461,-8.65716],[118.28175,-8.64153],[118.28289,-8.58799],[118.23316,-8.54852],[118.20924,-8.57676],[118.13356,-8.48675],[118.1172,-8.49652],[118.05746,-8.45062],[118.00318,-8.47373],[117.97022,-8.46136],[117.82252,-8.35418],[117.71225,-8.2409],[117.71111,-8.20387],[117.74098,-8.14788],[117.91782,-8.08587],[117.95875,-8.08327],[117.97755,-8.10914],[118.11524,-8.11386],[118.14967,-8.13445],[118.17726,-8.23268],[118.25359,-8.34026],[118.27068,-8.33717],[118.31227,-8.37127],[118.36524,-8.34466],[118.46339,-8.24944],[118.50343,-8.24774],[118.52955,-8.26629],[118.64747,-8.28875],[118.69581,-8.37127],[118.6565,-8.52646],[118.66733,-8.5473],[118.7269,-8.45184],[118.71697,-8.37957],[118.75392,-8.32643],[118.85922,-8.28883],[118.9725,-8.30202],[118.9983,-8.32122],[119.02166,-8.41953],[119.05112,-8.47047],[119.03053,-8.54778],[119.05226,-8.64568],[119.13014,-8.6334],[119.13396,-8.59938],[119.15455,-8.59442],[119.16733,-8.55975],[119.19923,-8.6124]]],[[[120.0,-8.80981],[119.93588,-8.83685],[119.94272,-8.858],[119.9074,-8.87168],[119.89186,-8.80674],[119.83969,-8.7929],[119.80568,-8.74066],[119.80779,-8.57],[119.8711,-8.49407],[119.8672,-8.41286],[119.91944,-8.4612],[119.97047,-8.4376],[120.0,-8.44058],[120.0,-8.80981]]],[[[115.50245,-8.17262],[115.7142,-8.37518],[115.70094,-8.41912],[115.60483,-8.50107],[115.5337,-8.50652],[115.49879,-8.54844],[115.3226,-8.62379],[115.25392,-8.71461],[115.21241,-8.72845],[115.20314,-8.747],[115.22055,-8.789],[115.21437,-8.76181],[115.23243,-8.754],[115.22902,-8.83025],[115.13453,-8.85076],[115.09498,-8.83367],[115.09425,-8.81846],[115.15919,-8.78216],[115.1819,-8.74635],[115.18629,-8.72235],[115.1561,-8.66204],[114.92701,-8.46746],[114.79664,-8.40545],[114.63901,-8.39861],[114.57423,-8.36248],[114.46844,-8.21852],[114.4524,-8.09515],[114.50473,-8.09043],[114.55535,-8.13388],[114.59742,-8.11061],[114.8576,-8.19313],[115.02263,-8.17262],[115.13592,-8.07285],[115.19313,-8.05511],[115.50245,-8.17262]]],[[[108.95777,-7.72015],[109.04274,-7.76149],[109.04314,-7.7789],[108.85743,-7.73203],[108.80014,-7.73382],[108.79705,-7.70159],[108.82154,-7.67864],[108.95777,-7.72015]]],[[[115.57228,-6.9306],[115.51271,-6.93874],[115.4441,-6.91009],[115.41912,-6.92506],[115.38234,-6.91082],[115.34474,-6.92816],[115.34816,-6.94061],[115.40064,-6.97291],[115.35532,-6.98203],[115.31739,-6.95241],[115.30104,-6.97226],[115.31056,-7.00075],[115.2933,-7.00758],[115.26564,-6.98349],[115.27589,-6.93874],[115.22145,-6.93971],[115.21437,-6.92816],[115.25538,-6.86305],[115.24431,-6.84645],[115.25506,-6.83815],[115.37924,-6.83473],[115.48357,-6.85166],[115.57065,-6.90456],[115.57228,-6.9306]]],[[[112.71469,-5.7361],[112.74041,-5.78737],[112.71876,-5.84157],[112.60426,-5.84743],[112.5901,-5.78558],[112.64536,-5.73211],[112.71469,-5.7361]]],[[[102.40024,-5.41839],[102.36622,-5.44158],[102.39015,-5.47698],[102.29786,-5.47275],[102.28354,-5.49928],[102.2461,-5.44158],[102.09864,-5.33489],[102.14723,-5.28965],[102.20102,-5.2872],[102.39438,-5.37591],[102.40024,-5.41839]]],[[[115.85182,-4.73903],[115.85808,-4.77996],[115.80681,-4.82187],[115.77345,-4.81512],[115.85182,-4.73903]]],[[[116.40447,-3.37461],[116.43442,-3.40976],[116.386,-3.63958],[116.32472,-3.53297],[116.3589,-3.44085],[116.40447,-3.37461]]],[[[116.30974,-3.72454],[116.33326,-3.74977],[116.28924,-3.81561],[116.30649,-3.90447],[116.2151,-3.94378],[116.20476,-3.97527],[116.09148,-4.06683],[116.08286,-4.03777],[116.05738,-4.0407],[116.05014,-4.0202],[116.06422,-3.95452],[116.09148,-3.93434],[116.06886,-3.88551],[116.07447,-3.80088],[116.01905,-3.72487],[116.01637,-3.62916],[116.0525,-3.47869],[116.1194,-3.32415],[116.26783,-3.21884],[116.27858,-3.24472],[116.26303,-3.40553],[116.32106,-3.49774],[116.27638,-3.5136],[116.2741,-3.53289],[116.29705,-3.58473],[116.30974,-3.72454]]],[[[100.50847,-3.12217],[100.53639,-3.17685],[100.52882,-3.18353],[100.49366,-3.16025],[100.50847,-3.12217]]],[[[100.41163,-3.21347],[100.46697,-3.28729],[100.47828,-3.3152],[100.4607,-3.3344],[100.37867,-3.27239],[100.37623,-3.24114],[100.33692,-3.22259],[100.33033,-3.19736],[100.3602,-3.20745],[100.33766,-3.16155],[100.34522,-3.12656],[100.29233,-3.07708],[100.24822,-3.06943],[100.25465,-3.05332],[100.18946,-2.96657],[100.19996,-2.91985],[100.17897,-2.80291],[100.22731,-2.77264],[100.3851,-2.91465],[100.46754,-3.01531],[100.46453,-3.1325],[100.40602,-3.12835],[100.38071,-3.15252],[100.40211,-3.15887],[100.41163,-3.21347]]],[[[100.20973,-2.7077],[100.21518,-2.75286],[100.15895,-2.77264],[100.13852,-2.82049],[100.08985,-2.8244],[100.04965,-2.80682],[100.03834,-2.83375],[100.01564,-2.83416],[100.00131,-2.76531],[99.98683,-2.76718],[99.99627,-2.63877],[99.96713,-2.615],[99.9756,-2.5949],[99.96095,-2.55291],[99.97462,-2.49391],[100.00294,-2.4909],[100.1076,-2.60027],[100.16668,-2.62786],[100.20973,-2.7077]]],[[[99.82325,-2.2929],[99.85874,-2.35687],[99.85792,-2.37477],[99.8462,-2.38006],[99.83334,-2.35231],[99.71339,-2.31341],[99.67172,-2.27125],[99.60353,-2.26556],[99.61647,-2.23358],[99.59392,-2.2278],[99.58985,-2.21103],[99.57618,-2.22405],[99.52768,-2.14544],[99.56446,-2.13112],[99.54835,-2.06146],[99.56495,-2.03086],[99.594,-2.01482],[99.63136,-2.01849],[99.69435,-2.0678],[99.7072,-2.1277],[99.7754,-2.25872],[99.82325,-2.2929]]],[[[108.96754,-1.58799],[108.94825,-1.63152],[108.85816,-1.664],[108.82838,-1.657],[108.82748,-1.5866],[108.7933,-1.58034],[108.90056,-1.53289],[108.95574,-1.56357],[108.96754,-1.58799]]],[[[109.75978,-1.03167],[109.77687,-1.1408],[109.68776,-1.19606],[109.53598,-1.25905],[109.50245,-1.29217],[109.46559,-1.29339],[109.41725,-1.25449],[109.44451,-1.16888],[109.45232,-1.004],[109.47543,-0.97698],[109.5442,-0.99066],[109.5879,-0.97031],[109.65675,-1.00368],[109.72348,-0.98707],[109.75978,-1.03167]]],[[[99.26206,-1.58668],[99.292,-1.71893],[99.27442,-1.73797],[99.25416,-1.65447],[99.22674,-1.61444],[99.20004,-1.62811],[99.24537,-1.71551],[99.25489,-1.77207],[99.18214,-1.7737],[99.1185,-1.80234],[98.88478,-1.67938],[98.8226,-1.6076],[98.83033,-1.57024],[98.8117,-1.52898],[98.63087,-1.28484],[98.59376,-1.19842],[98.64894,-1.07204],[98.65821,-0.96347],[98.72364,-0.94297],[98.78858,-0.95664],[98.84002,-0.92246],[98.8982,-0.9157],[98.89161,-0.93548],[98.91798,-0.94012],[98.94581,-0.98463],[98.9393,-1.00368],[98.90528,-0.99066],[98.93832,-1.06512],[98.98032,-1.09368],[99.06764,-1.24139],[99.05307,-1.27264],[99.07765,-1.28338],[99.11671,-1.36663],[99.16472,-1.41424],[99.16529,-1.45623],[99.12428,-1.42889],[99.13063,-1.44818],[99.20362,-1.51727],[99.20973,-1.57293],[99.26206,-1.58668]]],[[[98.50457,-0.47356],[98.48683,-0.51092],[98.5005,-0.56561],[98.48683,-0.54559],[98.459,-0.55185],[98.46778,-0.53883],[98.44793,-0.5263],[98.42555,-0.54339],[98.42205,-0.5866],[98.27516,-0.52516],[98.30201,-0.51092],[98.33611,-0.51776],[98.36402,-0.44199],[98.36402,-0.36004],[98.42547,-0.2986],[98.42921,-0.24383],[98.45118,-0.2584],[98.50734,-0.36492],[98.50457,-0.47356]]],[[[98.49732,-0.1998],[98.55982,-0.27825],[98.54152,-0.34303],[98.549,-0.38112],[98.40553,-0.16823],[98.34352,-0.04473],[98.29566,-0.00726],[98.36402,0.01048],[98.4061,-0.00738],[98.46998,-0.10752],[98.49732,-0.1998]]],[[[103.29786,0.60472],[103.29575,0.54938],[103.28077,0.53803],[103.17066,0.51374],[103.14047,0.53937],[103.15895,0.66478],[103.17921,0.6955],[103.21176,0.70816],[103.24692,0.69404],[103.29786,0.60472]]],[[[103.5232,0.80793],[103.52345,0.77782],[103.49049,0.82128],[103.42579,0.8544],[103.42124,0.87324],[103.49732,0.84024],[103.5232,0.80793]]],[[[103.86329,0.8769],[103.92416,0.82246],[103.94142,0.7757],[103.91139,0.78075],[103.81861,0.88622],[103.86329,0.8769]]],[[[103.45973,0.82038],[103.51002,0.74286],[103.45948,0.65811],[103.43434,0.64728],[103.4157,0.65738],[103.34555,0.76337],[103.33872,0.80492],[103.35743,0.87246],[103.38551,0.88886],[103.40089,0.88007],[103.42758,0.83161],[103.45973,0.82038]]],[[[103.81707,0.8417],[103.83953,0.7884],[103.83229,0.76537],[103.74635,0.82274],[103.72625,0.87324],[103.74342,0.89374],[103.81707,0.8417]]],[[[103.952,0.98794],[103.96664,0.94721],[103.92164,0.93464],[103.85662,0.96841],[103.83888,1.003],[103.85662,1.01439],[103.87379,1.00361],[103.88006,1.03148],[103.952,0.98794]]],[[[104.79119,1.02408],[104.84352,1.01822],[104.85279,0.97549],[104.83277,0.95515],[104.82594,0.99299],[104.79119,1.02408]]],[[[107.56202,1.03718],[107.60157,1.00983],[107.55958,0.97016],[107.54713,0.97626],[107.55942,1.00361],[107.53598,1.00788],[107.53126,1.0279],[107.56202,1.03718]]],[[[103.44484,1.00617],[103.4236,0.99018],[103.34083,1.01952],[103.31479,1.06159],[103.34213,1.1197],[103.38982,1.13028],[103.3978,1.06415],[103.4284,1.04719],[103.44484,1.00617]]],[[[103.05177,0.78465],[103.04371,0.72069],[103.00734,0.69383],[102.8947,0.78998],[102.68149,0.80492],[102.55787,0.78026],[102.51637,0.79133],[102.4065,0.87324],[102.42457,0.9145],[102.50066,0.95327],[102.46762,1.10643],[102.48902,1.13329],[102.52752,1.13984],[102.55641,1.12568],[102.61573,1.05768],[102.60548,1.01118],[102.62176,1.00161],[102.66375,0.99608],[102.71876,1.01728],[102.78256,1.00178],[103.02174,0.84528],[103.05177,0.78465]]],[[[103.16326,0.8996],[103.16749,0.85895],[103.12713,0.83442],[103.08627,0.84101],[102.95151,0.92463],[102.90675,0.96882],[102.82439,0.99543],[102.7907,1.03148],[102.71192,1.03148],[102.64763,1.00629],[102.62477,1.02196],[102.71559,1.15445],[102.80177,1.16328],[102.88624,1.13329],[103.03712,1.04458],[103.16326,0.8996]]],[[[104.15235,1.14004],[104.13111,1.04877],[104.10597,1.06501],[104.1128,1.03775],[104.0923,0.98994],[104.04916,0.9842],[103.9961,1.00983],[103.95582,1.00983],[103.90675,1.07168],[103.91407,1.0998],[103.93816,1.07958],[103.95623,1.08487],[103.94451,1.13524],[103.9961,1.13329],[104.03094,1.18789],[104.08546,1.13329],[104.07862,1.18171],[104.1032,1.18952],[104.13819,1.17202],[104.15235,1.14004]]],[[[104.64715,1.10497],[104.66749,1.03059],[104.64715,0.99689],[104.6587,0.92788],[104.61638,0.9062],[104.59986,0.83503],[104.56707,0.82954],[104.48341,0.85895],[104.48374,0.8933],[104.44923,0.92162],[104.48463,0.92219],[104.48658,0.93708],[104.42107,0.95661],[104.42758,0.9748],[104.46274,0.9831],[104.46274,1.01728],[104.4852,1.03368],[104.43873,1.05687],[104.32716,1.00678],[104.27101,1.00361],[104.24562,1.01728],[104.23194,1.09333],[104.31658,1.13288],[104.34132,1.17959],[104.38933,1.17866],[104.39967,1.20262],[104.50815,1.17951],[104.57203,1.20905],[104.57569,1.22541],[104.59254,1.1988],[104.58823,1.1446],[104.64715,1.10497]]],[[[102.4795,1.21914],[102.44557,1.07616],[102.46485,0.96345],[102.39967,0.92788],[102.36931,0.93521],[102.2671,1.03685],[102.23292,1.09951],[102.24513,1.20392],[102.20102,1.29776],[102.21746,1.40917],[102.29086,1.40453],[102.45143,1.26728],[102.4795,1.21914]]],[[[102.49049,1.48969],[102.50953,1.27729],[102.47877,1.27074],[102.31463,1.42133],[102.09555,1.47525],[102.02654,1.54768],[102.0044,1.58568],[102.00782,1.61538],[102.07244,1.62324],[102.15235,1.58112],[102.33814,1.5585],[102.46266,1.51545],[102.49049,1.48969]]],[[[98.55519,1.68203],[98.59913,1.63198],[98.52882,1.62324],[98.43995,1.64985],[98.43019,1.67646],[98.46266,1.7093],[98.52101,1.65558],[98.55519,1.68203]]],[[[97.14479,2.05195],[97.10231,2.01606],[97.06902,2.08714],[97.10035,2.11127],[97.1338,2.10716],[97.14479,2.05195]]],[[[101.75799,2.0113],[101.77556,1.94798],[101.73585,1.88768],[101.72918,1.79906],[101.64942,1.72224],[101.57732,1.7093],[101.53061,1.71817],[101.46013,1.76553],[101.39381,1.93061],[101.40577,2.01386],[101.44093,2.06493],[101.55055,2.05809],[101.61508,2.11709],[101.64926,2.12848],[101.68165,2.10895],[101.75799,2.0113]]],[[[96.65797,2.12181],[96.66538,2.08788],[96.6229,2.07062],[96.60963,2.08015],[96.61834,2.12686],[96.65797,2.12181]]],[[[97.31984,2.17866],[97.3423,2.05809],[97.32179,2.03144],[97.32179,2.05809],[97.30616,2.0572],[97.20737,2.17552],[97.10279,2.21271],[97.17172,2.2331],[97.20802,2.20759],[97.24676,2.23066],[97.28126,2.22907],[97.2815,2.20893],[97.31984,2.17866]]],[[[118.57488,2.29418],[118.65431,2.18228],[118.57846,2.23688],[118.55641,2.3122],[118.57846,2.31879],[118.6338,2.27167],[118.63266,2.26069],[118.57488,2.29418]]],[[[109.11394,2.52318],[109.07846,2.49604],[109.0267,2.48583],[109.01246,2.49754],[109.02328,2.52782],[108.97983,2.52912],[108.96811,2.54365],[108.98276,2.56061],[109.00831,2.56013],[109.11394,2.52318]]],[[[106.23316,2.8063],[106.2378,2.73286],[106.21949,2.75837],[106.2033,2.81908],[106.23316,2.8063]]],[[[96.4795,2.41498],[96.48121,2.364],[96.42091,2.343],[96.36964,2.36726],[96.33497,2.35546],[96.30763,2.37409],[96.32814,2.39452],[96.28517,2.43643],[96.23992,2.44868],[96.06568,2.57941],[95.9651,2.61424],[95.93141,2.59561],[95.88307,2.62043],[95.86256,2.65461],[95.79054,2.65461],[95.79428,2.69623],[95.7352,2.75788],[95.74008,2.77806],[95.69801,2.77875],[95.69956,2.83177],[95.78004,2.84638],[95.76678,2.87812],[95.79152,2.94253],[95.81414,2.9221],[95.91188,2.90624],[95.91041,2.87368],[95.88299,2.88394],[95.88307,2.84638],[95.91725,2.86066],[96.00327,2.777],[96.10678,2.74966],[96.13087,2.71528],[96.10279,2.65461],[96.12973,2.66478],[96.16188,2.64777],[96.14373,2.67878],[96.15797,2.68041],[96.2461,2.6],[96.3213,2.56615],[96.35914,2.52143],[96.37526,2.47386],[96.39527,2.47736],[96.3965,2.52485],[96.42433,2.51057],[96.4795,2.41498]]],[[[108.85572,3.00336],[108.88136,3.003],[108.89861,2.98286],[108.88412,2.94164],[108.88966,2.88801],[108.8296,2.8476],[108.77516,2.89509],[108.82928,2.93626],[108.85572,3.00336]]],[[[107.81324,2.99494],[107.76824,2.97907],[107.74513,2.98355],[107.75123,3.01203],[107.77296,3.0253],[107.79624,3.02554],[107.81324,2.99494]]],[[[105.81349,2.99604],[105.85328,2.98355],[105.84693,2.96992],[105.83334,2.97736],[105.81186,2.90449],[105.72975,2.88117],[105.76442,2.84968],[105.71266,2.84317],[105.69557,2.88459],[105.72348,2.97736],[105.6819,3.01146],[105.69557,3.03417],[105.68873,3.05996],[105.70289,3.06611],[105.73707,3.03197],[105.73854,2.9881],[105.78492,2.97736],[105.81349,2.99604]]],[[[106.28517,3.08723],[106.25782,3.11392],[106.24187,3.10786],[106.2107,3.12816],[106.20777,3.22533],[106.23854,3.22651],[106.27735,3.19623],[106.28517,3.08723]]],[[[117.52084,3.32453],[117.5215,3.28807],[117.417,3.28872],[117.42091,3.32241],[117.44988,3.34394],[117.52084,3.32453]]],[[[106.292,3.36815],[106.28566,3.26386],[106.2767,3.29238],[106.26466,3.28897],[106.27906,3.23062],[106.23048,3.25796],[106.25489,3.34516],[106.292,3.36815]]],[[[117.56666,3.43842],[117.67156,3.42699],[117.68393,3.3996],[117.66733,3.27155],[117.64845,3.24604],[117.62485,3.28327],[117.55641,3.33186],[117.53126,3.40314],[117.54152,3.42845],[117.56666,3.43842]]],[[[117.89552,3.48627],[117.89129,3.45563],[117.82618,3.49409],[117.78549,3.53848],[117.78492,3.58198],[117.80372,3.59105],[117.84791,3.57543],[117.89552,3.48627]]],[[[117.49676,3.45555],[117.37306,3.4975],[117.27076,3.50019],[117.22975,3.52538],[117.21803,3.56029],[117.2684,3.59292],[117.30795,3.57319],[117.39373,3.56639],[117.43531,3.5246],[117.51393,3.49531],[117.51726,3.47704],[117.49676,3.45555]]],[[[117.83155,3.79808],[117.78403,3.81965],[117.7295,3.86807],[117.76678,3.87401],[117.82911,3.84125],[117.85288,3.8124],[117.83155,3.79808]]],[[[117.74122,4.08828],[117.75318,4.05182],[117.70558,3.98749],[117.66529,3.98306],[117.62029,4.01533],[117.59449,4.06387],[117.6128,4.10822],[117.66114,4.14924],[117.74122,4.08828]]],[[[108.4065,3.88459],[108.31764,3.68378],[108.23854,3.67626],[108.18385,3.64834],[108.09449,3.69619],[108.12501,3.74787],[108.16489,3.75727],[108.18702,3.7923],[108.22438,3.78535],[108.28004,3.73151],[108.26238,3.7923],[108.24537,3.81346],[108.18035,3.81684],[108.06235,3.85594],[107.98463,4.01203],[108.02247,4.06354],[108.06031,4.07412],[108.22486,4.24482],[108.25026,4.21125],[108.25734,4.13056],[108.39617,3.99091],[108.40358,3.93635],[108.36207,3.88858],[108.39617,3.87482],[108.4065,3.88459]]],[[[108.01271,4.76813],[107.99342,4.69131],[107.93735,4.69139],[107.99122,4.76398],[108.01271,4.76813]]],[[[95.19109,5.60847],[95.15626,5.59479],[95.10914,5.62202],[95.14178,5.66413],[95.19109,5.60847]]],[[[95.12696,5.70205],[95.12208,5.66926],[95.09474,5.68358],[95.06072,5.65624],[95.04786,5.68964],[95.06072,5.732],[95.01466,5.74462],[95.05828,5.75731],[95.12696,5.70205]]],[[[95.35133,5.88703],[95.38282,5.84186],[95.38282,5.80707],[95.35548,5.82758],[95.35043,5.78364],[95.32032,5.78075],[95.27296,5.80707],[95.21461,5.9101],[95.24781,5.90522],[95.28386,5.85741],[95.32496,5.89802],[95.35133,5.88703]]],[[[113.98992,-6.87786],[114.10979,-6.9469],[114.1248,-6.98161],[113.98113,-7.02068],[113.95557,-7.04495],[113.90998,-7.04806],[113.87066,-7.09518],[113.89536,-7.12054],[113.83253,-7.13202],[113.66521,-7.11004],[113.64533,-7.13113],[113.59338,-7.1389],[113.54898,-7.23378],[113.51342,-7.24778],[113.47247,-7.22205],[113.23439,-7.20762],[113.16554,-7.2199],[113.14633,-7.17156],[113.1587,-7.15106],[113.12232,-7.13942],[113.10336,-7.17889],[113.14869,-7.21478],[113.12794,-7.23105],[112.81813,-7.16139],[112.72641,-7.15879],[112.72731,-7.08953],[112.70134,-7.09206],[112.69264,-7.05853],[112.70094,-7.0333],[112.73414,-7.02809],[112.79265,-6.98406],[112.844,-6.92506],[112.84197,-6.90887],[112.91529,-6.8917],[113.44558,-6.88238],[113.52623,-6.89629],[113.92368,-6.86484],[113.98992,-6.87786]]],[[[105.26417,-6.52793],[105.25603,-6.62819],[105.20387,-6.67327],[105.18295,-6.67156],[105.20216,-6.62347],[105.17547,-6.5831],[105.12013,-6.63096],[105.13795,-6.58734],[105.18849,-6.54762],[105.26417,-6.52793]]],[[[104.84636,-5.77256],[104.83839,-5.82041],[104.79005,-5.78769],[104.77036,-5.75205],[104.78679,-5.74212],[104.84636,-5.77256]]],[[[106.9157,-2.95094],[106.8908,-2.99489],[106.89527,-3.01849],[106.86118,-3.02898],[106.72267,-2.96608],[106.74952,-2.92311],[106.81251,-2.89218],[106.90895,-2.92978],[106.9157,-2.95094]]],[[[107.09923,-2.85906],[107.08375,-2.90984],[107.01708,-2.88021],[107.0735,-2.82049],[107.09923,-2.85906]]],[[[107.40024,-2.85076],[107.48439,-2.82049],[107.50473,-2.85467],[107.48097,-2.8987],[107.41015,-2.94756],[107.34129,-2.88686],[107.39503,-2.86891],[107.40024,-2.85076]]],[[[108.28875,-2.86663],[108.20436,-3.00547],[108.21062,-3.03965],[108.18385,-3.10475],[108.21062,-3.13584],[108.09083,-3.16139],[108.07398,-3.22601],[107.98097,-3.23984],[107.96608,-3.15097],[107.88844,-3.0875],[107.87045,-3.05169],[107.82545,-3.06618],[107.84181,-3.14544],[107.8152,-3.16725],[107.75315,-3.19846],[107.68627,-3.19821],[107.65884,-3.23263],[107.6314,-3.24086],[107.60279,-3.22886],[107.60527,-3.17654],[107.64259,-3.12835],[107.59791,-3.08392],[107.58106,-3.01068],[107.61101,-2.9179],[107.55299,-2.92799],[107.54713,-2.91668],[107.55795,-2.89398],[107.60336,-2.87103],[107.59425,-2.78631],[107.64259,-2.74847],[107.63868,-2.68499],[107.67026,-2.56146],[107.77296,-2.56032],[107.83432,-2.52508],[107.84816,-2.5499],[107.88347,-2.56422],[108.00514,-2.58026],[108.0324,-2.64235],[108.06658,-2.5945],[108.09791,-2.60817],[108.14959,-2.65032],[108.16277,-2.68328],[108.19776,-2.67816],[108.26726,-2.75742],[108.28875,-2.86663]]],[[[106.81544,-2.56097],[106.83326,-2.58026],[106.73805,-2.61443],[106.67482,-2.6998],[106.60377,-2.91025],[106.61305,-2.94256],[106.73846,-3.00457],[106.75196,-3.07366],[106.67066,-3.09612],[106.60125,-3.07106],[106.57374,-3.07676],[106.56642,-3.10166],[106.53224,-3.10564],[106.49968,-3.039],[106.43605,-2.97064],[106.36866,-2.96697],[106.30201,-2.91326],[106.094,-2.84059],[105.9865,-2.82122],[105.90756,-2.67457],[105.90162,-2.62868],[105.94435,-2.49879],[105.92888,-2.45672],[105.82879,-2.39512],[105.82594,-2.30722],[105.78045,-2.15081],[105.66944,-2.11484],[105.60743,-2.11484],[105.56577,-2.06699],[105.45037,-2.12265],[105.30641,-2.13502],[105.26791,-2.0875],[105.22983,-2.07008],[105.14747,-2.08001],[105.12794,-2.04461],[105.13592,-1.96551],[105.1836,-1.91692],[105.29835,-1.87396],[105.37566,-1.82187],[105.40235,-1.7833],[105.39454,-1.73797],[105.33546,-1.69793],[105.35108,-1.68678],[105.34986,-1.6487],[105.45965,-1.56292],[105.53679,-1.55527],[105.56577,-1.53192],[105.59409,-1.52557],[105.61101,-1.54022],[105.62875,-1.61403],[105.70289,-1.65545],[105.6517,-1.70696],[105.6631,-1.73968],[105.7151,-1.77353],[105.761,-1.76531],[105.77809,-1.79266],[105.81276,-1.79266],[105.75099,-1.70306],[105.75758,-1.6452],[105.69557,-1.53192],[105.80909,-1.52565],[105.87574,-1.48919],[105.91375,-1.49424],[105.93946,-1.53533],[105.98048,-1.53875],[106.04152,-1.58359],[106.03549,-1.67832],[106.09108,-1.7457],[106.0984,-1.77695],[106.12696,-1.79013],[106.12135,-1.81927],[106.17945,-1.88828],[106.16261,-2.00701],[106.20069,-2.17815],[106.26417,-2.35133],[106.31886,-2.43133],[106.39617,-2.48211],[106.44109,-2.47137],[106.5534,-2.51043],[106.81544,-2.56097]]],[[[104.59295,-0.44842],[104.59164,-0.48358],[104.53419,-0.52858],[104.51124,-0.61395],[104.47674,-0.61403],[104.42042,-0.57496],[104.38364,-0.6535],[104.35629,-0.66172],[104.33578,-0.54266],[104.25367,-0.46006],[104.33253,-0.34645],[104.34555,-0.3637],[104.33481,-0.40488],[104.34604,-0.4284],[104.35288,-0.38738],[104.38266,-0.40146],[104.46957,-0.33213],[104.52491,-0.36688],[104.59295,-0.44842]]],[[[103.73463,-0.28118],[103.76686,-0.32464],[103.74936,-0.34881],[103.69825,-0.34954],[103.61256,-0.38738],[103.58033,-0.372],[103.54664,-0.38299],[103.49,-0.36159],[103.46168,-0.36688],[103.46062,-0.33392],[103.48512,-0.2868],[103.55787,-0.2234],[103.62867,-0.23431],[103.64959,-0.25482],[103.73463,-0.28118]]],[[[105.01148,-0.28151],[105.0027,-0.29485],[104.93523,-0.27809],[104.91717,-0.28753],[104.93523,-0.33213],[104.85133,-0.3012],[104.71266,-0.20924],[104.65496,-0.21592],[104.60621,-0.24407],[104.58513,-0.23724],[104.52866,-0.26995],[104.4979,-0.22812],[104.43995,-0.21429],[104.43727,-0.18108],[104.51075,-0.1137],[104.52508,-0.00774],[104.53736,0.02131],[104.55836,0.00308],[104.56463,0.03034],[104.67555,-0.05381],[104.68133,-0.06524],[104.64723,-0.07269],[104.65252,-0.08953],[104.70582,-0.09629],[104.76629,-0.18825],[104.81414,-0.1928],[104.82594,-0.14772],[104.84889,-0.13958],[104.92897,-0.23724],[105.01148,-0.28151]]],[[[104.49008,0.08259],[104.46957,0.06379],[104.47657,0.0235],[104.41139,0.0917],[104.40138,0.11909],[104.42872,0.10611],[104.4087,0.15095],[104.41391,0.17585],[104.49008,0.08259]]],[[[104.70786,0.04365],[104.68393,0.03628],[104.6399,0.07005],[104.62615,0.10224],[104.60621,0.09178],[104.59522,0.10163],[104.49024,0.24262],[104.5311,0.21597],[104.54811,0.22431],[104.70786,0.04365]]],[[[104.41619,0.3288],[104.42018,0.3063],[104.40512,0.29214],[104.33937,0.36546],[104.35816,0.36888],[104.41619,0.3288]]],[[[104.21583,0.70816],[104.28761,0.65078],[104.27735,0.62617],[104.21583,0.70816]]],[[[104.2977,0.70816],[104.20558,0.72606],[104.18824,0.76447],[104.19581,0.77998],[104.27296,0.79654],[104.2977,0.70816]]],[[[104.24147,0.87702],[104.26629,0.85586],[104.25026,0.83002],[104.17644,0.79849],[104.14763,0.85895],[104.0923,0.88007],[104.09913,0.94892],[104.1277,0.94253],[104.17213,0.88349],[104.24147,0.87702]]],[[[97.93922,0.98607],[97.90138,0.90595],[97.90406,0.81489],[97.87428,0.62202],[97.81935,0.55854],[97.77426,0.58519],[97.76417,0.56757],[97.72641,0.58519],[97.70411,0.57274],[97.67872,0.59886],[97.69093,0.62421],[97.65821,0.67463],[97.65919,0.7154],[97.61378,0.82355],[97.48634,0.91421],[97.47934,0.94343],[97.39536,0.94489],[97.37159,1.05976],[97.24724,1.26703],[97.19158,1.29776],[97.12843,1.38264],[97.08229,1.40762],[97.06861,1.3946],[97.06365,1.41523],[97.10694,1.43602],[97.16481,1.41071],[97.23585,1.41669],[97.32106,1.47407],[97.33546,1.53766],[97.34978,1.5454],[97.39161,1.50894],[97.41676,1.51923],[97.44166,1.47968],[97.48634,1.47655],[97.69361,1.18602],[97.79225,1.14399],[97.83627,1.06997],[97.89039,1.05817],[97.93922,0.98607]]],[[[114.54103,-7.11858],[114.62184,-7.1373],[114.61883,-7.16725],[114.49537,-7.15472],[114.4992,-7.13787],[114.54103,-7.11858]]],[[[114.34295,-7.05576],[114.39686,-7.13146],[114.39186,-7.17889],[114.29282,-7.14315],[114.26976,-7.08084],[114.29483,-7.05467],[114.34295,-7.05576]]],[[[115.8943,-7.11159],[115.8943,-7.16448],[115.83774,-7.1972],[115.79591,-7.19004],[115.74301,-7.15032],[115.76987,-7.14218],[115.77817,-7.11549],[115.80795,-7.14984],[115.88022,-7.15846],[115.86671,-7.1373],[115.8943,-7.11159]]],[[[110.45924,-5.83164],[110.46363,-5.85711],[110.438,-5.88104],[110.42066,-5.84368],[110.45924,-5.83164]]],[[[98.59005,0.17166],[98.80574,0.16092],[98.8358,0.14147],[98.85168,0.10962],[98.84459,0.08486],[98.689,0.07078],[98.53874,0.09034],[98.5246,0.1452],[98.59005,0.17166]]],[[[104.74098,0.74893],[104.75416,0.73725],[104.73927,0.71625],[104.72071,0.73786],[104.74098,0.74893]]],[[[104.66277,0.83422],[104.65154,0.80996],[104.6255,0.8107],[104.64861,0.8579],[104.66277,0.83422]]]]}},{"type":"Feature","properties":{"name":"Malaysia","adm0_a3":"MYS"},"geometry":{"type":"MultiPolygon","coordinates":[[[[117.69711,4.16905],[117.64015,4.22744],[117.70167,4.26752],[117.78541,4.24665],[117.81772,4.20474],[117.89625,4.18134],[117.90704,4.15668],[117.69711,4.16905]]],[[[102.07309,6.25751],[102.16358,6.1975],[102.18702,6.20344],[102.18312,6.22305],[102.16684,6.21796],[102.17807,6.23363],[102.19956,6.23282],[102.33814,6.17699],[102.37989,6.13296],[102.52076,5.87173],[102.62631,5.79719],[102.6692,5.725],[102.87566,5.57144],[102.95948,5.54206],[103.0276,5.4855],[103.12029,5.38133],[103.22242,5.22114],[103.44801,4.80654],[103.44264,4.74282],[103.46941,4.55004],[103.45143,4.48847],[103.49643,4.30622],[103.44801,4.21748],[103.45484,4.18277],[103.39519,4.11628],[103.43434,3.95002],[103.41163,3.96394],[103.3947,3.935],[103.37843,3.80244],[103.36101,3.80199],[103.33872,3.7582],[103.38722,3.62474],[103.46217,3.53412],[103.44801,3.50495],[103.48219,3.51179],[103.42807,3.36717],[103.45606,3.20376],[103.44117,2.9221],[103.52019,2.78901],[103.63844,2.6721],[103.71616,2.64155],[103.76515,2.64891],[103.7671,2.62385],[103.81398,2.58149],[103.83969,2.52485],[103.83766,2.46381],[103.94898,2.33991],[103.98365,2.25365],[103.97641,2.19237],[104.1128,1.97614],[104.12428,1.87055],[104.14918,1.83747],[104.16749,1.84707],[104.19532,1.79873],[104.25522,1.63776],[104.29371,1.47158],[104.27735,1.36734],[104.23959,1.36734],[104.21925,1.34618],[104.17408,1.34821],[104.10621,1.37519],[104.1006,1.41885],[104.06495,1.44864],[104.05942,1.48534],[104.14763,1.5454],[104.11118,1.54507],[104.0534,1.50629],[104.01222,1.59687],[103.96599,1.64785],[103.97039,1.60863],[104.00831,1.54873],[104.00978,1.44864],[103.97446,1.41983],[103.83969,1.47655],[103.7531,1.44864],[103.6976,1.45063],[103.60011,1.35346],[103.56471,1.35985],[103.54786,1.38207],[103.54851,1.33169],[103.51637,1.27045],[103.45484,1.33942],[103.41391,1.46784],[103.36736,1.5384],[103.20606,1.61042],[103.03712,1.71552],[102.93458,1.74754],[102.83562,1.84565],[102.80445,1.86009],[102.73878,1.84662],[102.69939,1.85944],[102.65064,1.9409],[102.55763,2.01874],[102.54469,2.05769],[102.15431,2.23566],[102.05128,2.34089],[101.99903,2.36164],[101.98878,2.39452],[101.92677,2.42243],[101.86524,2.39452],[101.85108,2.47895],[101.80323,2.51801],[101.77442,2.58657],[101.54233,2.66128],[101.50278,2.6894],[101.39918,2.81908],[101.28639,2.84968],[101.30348,2.89484],[101.28102,2.89785],[101.28305,2.9112],[101.37281,3.00235],[101.365,3.07636],[101.32342,3.12446],[101.29762,3.2746],[101.23569,3.34414],[101.1976,3.35932],[101.10841,3.47394],[101.04054,3.62198],[100.9336,3.68928],[100.88648,3.75633],[100.81227,3.78657],[100.84539,3.85126],[100.78484,3.83934],[100.70948,3.88304],[100.70631,3.98359],[100.80152,3.99112],[100.83465,4.01854],[100.87143,4.01887],[100.8615,4.04035],[100.7776,4.02139],[100.76588,4.09984],[100.67774,4.16519],[100.63258,4.15546],[100.61524,4.25165],[100.56544,4.31916],[100.64552,4.56004],[100.59734,4.57193],[100.59441,4.61091],[100.61695,4.63825],[100.63258,4.62906],[100.66619,4.66991],[100.60418,4.66584],[100.59449,4.74307],[100.63258,4.75812],[100.61207,4.77237],[100.61736,4.79291],[100.57618,4.79926],[100.5774,4.85432],[100.55006,4.87543],[100.4944,4.87226],[100.51531,4.88907],[100.511,4.90693],[100.4817,4.92471],[100.45387,4.90892],[100.44158,4.92284],[100.36451,5.0843],[100.40903,5.12665],[100.43328,5.21117],[100.41896,5.24848],[100.43328,5.29002],[100.38022,5.39069],[100.38494,5.49925],[100.35084,5.58422],[100.344,5.66926],[100.37631,5.66332],[100.3864,5.6791],[100.36451,5.69408],[100.37574,5.81094],[100.34913,6.01268],[100.2479,6.22077],[100.17457,6.29096],[100.13746,6.38052],[100.12729,6.44229],[100.1457,6.53952],[100.1672,6.56614],[100.15609,6.62058],[100.16684,6.69512],[100.18756,6.70796],[100.21236,6.68918],[100.27396,6.69626],[100.3292,6.55777],[100.38739,6.52208],[100.46723,6.51322],[100.63068,6.44478],[100.72995,6.4932],[100.73388,6.45638],[100.77326,6.44731],[100.80561,6.4148],[100.833,6.23668],[100.85512,6.24791],[100.9101,6.2358],[100.97428,6.27262],[101.02306,6.24099],[101.08166,6.24647],[101.08916,6.18885],[101.05345,6.15761],[101.05252,6.13456],[101.09427,6.08575],[101.07877,5.93817],[101.07112,5.91985],[101.01531,5.89835],[100.96529,5.79241],[100.99862,5.72955],[101.0598,5.70958],[101.12218,5.62989],[101.2123,5.68152],[101.24899,5.78699],[101.55791,5.91135],[101.63408,5.85559],[101.63078,5.8284],[101.66592,5.76559],[101.68669,5.7612],[101.72679,5.78647],[101.76286,5.74955],[101.80048,5.73991],[101.91293,5.85931],[101.93474,5.98173],[102.06,6.0948],[102.07309,6.25751]]],[[[115.14617,4.90852],[115.18946,4.91747],[115.21062,4.9597],[115.23862,4.93732],[115.28533,4.93122],[115.30397,4.90616],[115.35841,4.90278],[115.47975,5.02603],[115.55698,5.06721],[115.5735,5.16966],[115.60524,5.2121],[115.59864,5.22549],[115.52377,5.20881],[115.40064,5.29999],[115.39975,5.3242],[115.36524,5.30744],[115.39259,5.41328],[115.55014,5.54019],[115.60483,5.63581],[115.61883,5.61286],[115.58432,5.54849],[115.60483,5.51972],[115.61915,5.56806],[115.67408,5.52936],[115.76238,5.52314],[115.81772,5.53335],[115.84864,5.56],[115.89422,5.64326],[115.93068,5.76301],[116.05079,5.84227],[116.06642,5.93065],[116.14186,6.07306],[116.12623,6.10252],[116.10377,6.09471],[116.10597,6.12645],[116.15406,6.14728],[116.22267,6.23721],[116.25221,6.24592],[116.29152,6.23261],[116.29274,6.27578],[116.2361,6.27261],[116.28321,6.30736],[116.32,6.31338],[116.34767,6.37958],[116.50318,6.49518],[116.52068,6.56875],[116.63901,6.69929],[116.6692,6.87641],[116.70582,6.90534],[116.71892,6.97541],[116.77735,7.02676],[116.83814,6.96214],[116.85182,6.8902],[116.82252,6.90412],[116.8108,6.86286],[116.85239,6.83853],[116.85865,6.81786],[116.84392,6.75226],[116.79274,6.66974],[116.78395,6.59162],[116.82447,6.58173],[116.84547,6.59203],[116.97381,6.70808],[116.98414,6.75495],[117.05787,6.84553],[117.03053,6.93114],[117.08326,6.94847],[117.07838,6.99262],[117.11988,6.98578],[117.15024,7.00312],[117.25652,6.93797],[117.23032,6.81753],[117.27198,6.75373],[117.29591,6.6363],[117.36476,6.62515],[117.45851,6.54755],[117.5337,6.62104],[117.53761,6.57832],[117.56495,6.55439],[117.55812,6.54011],[117.60328,6.51472],[117.64088,6.52172],[117.69532,6.45136],[117.7107,6.46377],[117.72706,6.45116],[117.74383,6.38988],[117.72853,6.36237],[117.73878,6.33568],[117.72299,6.25462],[117.65626,6.25275],[117.60035,6.19782],[117.66114,6.10562],[117.66114,6.06778],[117.63331,6.03986],[117.6683,6.01341],[117.66896,5.97264],[117.61964,5.93744],[117.49285,5.89468],[117.46876,5.86856],[117.56935,5.9029],[117.77426,5.90803],[117.77166,5.94428],[117.88404,5.95466],[117.97364,6.04776],[118.01686,6.06098],[118.05096,6.02619],[118.07716,5.93159],[118.12517,5.86392],[118.09596,5.82416],[118.05885,5.80899],[117.92115,5.80903],[117.90846,5.78465],[117.9603,5.68716],[118.0547,5.71833],[118.07887,5.70466],[118.10662,5.71259],[118.13404,5.68964],[118.15154,5.70515],[118.16082,5.7934],[118.17628,5.80516],[118.26222,5.82787],[118.34067,5.79426],[118.36524,5.81379],[118.594,5.68207],[118.56202,5.56802],[118.56544,5.52595],[118.6006,5.58128],[118.60304,5.61872],[118.65105,5.63642],[118.73658,5.54784],[118.80006,5.52212],[118.81935,5.4781],[118.83237,5.50544],[118.91879,5.45498],[118.93572,5.43399],[118.93946,5.41283],[118.92172,5.40302],[118.93263,5.39411],[118.97641,5.39558],[118.97088,5.42829],[118.9839,5.43651],[119.0857,5.40986],[119.1893,5.45075],[119.27809,5.34463],[119.2671,5.20108],[119.15594,5.10619],[118.68149,4.94432],[118.57228,4.97163],[118.49936,4.93146],[118.4284,5.01878],[118.35719,5.0388],[118.29168,5.00092],[118.29127,4.97785],[118.2527,4.98713],[118.21697,4.96581],[118.13648,4.88231],[118.13494,4.8596],[118.17799,4.83076],[118.219,4.75629],[118.2776,4.69514],[118.33351,4.65156],[118.38054,4.64265],[118.41114,4.60151],[118.4284,4.59431],[118.44459,4.61494],[118.47674,4.60114],[118.48951,4.5751],[118.46941,4.53718],[118.49659,4.50829],[118.55193,4.53278],[118.59962,4.51919],[118.594,4.50552],[118.64576,4.43675],[118.62623,4.41934],[118.59213,4.42914],[118.59278,4.39737],[118.5569,4.36351],[118.39194,4.34638],[118.35328,4.36152],[118.33253,4.33902],[118.16082,4.30622],[117.98268,4.23115],[117.89226,4.25698],[117.82252,4.30622],[117.80828,4.33356],[117.70753,4.36994],[117.67115,4.42601],[117.65602,4.42422],[117.6058,4.38202],[117.62875,4.36176],[117.65366,4.27216],[117.59897,4.20694],[117.62713,4.1765],[117.56715,4.15965],[117.43648,4.18561],[117.35659,4.25951],[117.2027,4.35607],[117.16466,4.33315],[116.98059,4.32956],[116.88302,4.3449],[116.80448,4.33007],[116.71167,4.36679],[116.68004,4.33992],[116.61555,4.34408],[116.59023,4.33113],[116.52222,4.39679],[116.48646,4.34883],[116.49411,4.32485],[116.44636,4.31726],[116.41132,4.28865],[116.39107,4.29467],[116.3582,4.35545],[116.31066,4.38338],[116.2288,4.35612],[116.12576,4.37891],[116.10995,4.34511],[116.02065,4.27085],[115.99357,4.28891],[115.97724,4.32863],[115.87885,4.35214],[115.8649,4.38258],[115.84412,4.38922],[115.82118,4.34434],[115.81746,4.28132],[115.77074,4.22561],[115.7326,4.23938],[115.64692,4.1691],[115.60951,3.99692],[115.58099,3.94692],[115.53882,3.92062],[115.5383,3.89782],[115.58863,3.8576],[115.5444,3.62916],[115.60124,3.43023],[115.58502,3.41682],[115.55722,3.42545],[115.51763,3.35716],[115.4828,3.20647],[115.51701,3.15728],[115.48218,3.11097],[115.46409,3.03082],[115.31,2.98592],[115.24209,3.04162],[115.20798,2.9807],[115.12282,2.91295],[115.06908,2.83264],[115.10463,2.76149],[115.05699,2.71126],[115.07187,2.67183],[115.05647,2.60863],[115.07146,2.59462],[115.11497,2.6079],[115.15197,2.59705],[115.19238,2.55106],[115.20612,2.50987],[115.19269,2.49055],[115.10505,2.46569],[114.97296,2.35748],[114.92222,2.35391],[114.91333,2.28405],[114.77876,2.2472],[114.75303,2.13481],[114.78062,2.03605],[114.84108,2.03822],[114.83199,1.90252],[114.67954,1.84074],[114.669,1.69401],[114.62446,1.59879],[114.56317,1.53639],[114.56802,1.4694],[114.5456,1.43495],[114.50064,1.43604],[114.37486,1.50694],[114.17342,1.42051],[114.09426,1.46567],[113.90967,1.44247],[113.86822,1.4155],[113.80817,1.33971],[113.62483,1.22758],[113.52447,1.31356],[113.39755,1.29393],[113.32366,1.35139],[113.1586,1.38816],[113.08904,1.43134],[112.9582,1.41565],[113.02435,1.51438],[113.01411,1.55078],[112.97319,1.56985],[112.85495,1.58272],[112.80152,1.54378],[112.47048,1.56766],[112.39854,1.52334],[112.29519,1.50381],[112.16156,1.43454],[112.15412,1.40953],[112.18181,1.40002],[112.1874,1.37966],[112.09293,1.14314],[111.9101,1.11404],[111.82308,1.00847],[111.76282,0.99302],[111.62268,1.03027],[111.53886,0.99772],[111.5032,0.95844],[111.47209,1.02221],[111.37411,1.00754],[111.19758,1.07523],[110.97341,1.01772],[110.88039,1.01053],[110.79699,0.94966],[110.77673,0.90325],[110.75834,0.91452],[110.70418,0.90139],[110.66129,0.87214],[110.61343,0.89395],[110.5539,0.85137],[110.46026,0.87974],[110.36415,0.98139],[110.26348,0.99431],[110.25656,1.03906],[110.17036,1.17445],[110.05181,1.21548],[110.03073,1.25357],[109.96376,1.29858],[109.92025,1.39477],[109.84284,1.40328],[109.8078,1.45996],[109.77555,1.45795],[109.76635,1.49647],[109.65804,1.59719],[109.64171,1.63716],[109.64181,1.781],[109.55562,1.80216],[109.52844,1.88999],[109.60027,1.98314],[109.64527,2.08324],[109.66358,1.98306],[109.65463,1.937],[109.69304,1.87311],[109.88673,1.7602],[109.92774,1.69229],[110.16765,1.70185],[110.21168,1.68203],[110.25416,1.7062],[110.29078,1.67398],[110.30787,1.7093],[110.30104,1.77074],[110.32936,1.80256],[110.34303,1.79751],[110.36647,1.71589],[110.39015,1.69904],[110.42115,1.6957],[110.44361,1.7187],[110.50799,1.74091],[110.52076,1.72297],[110.46559,1.62055],[110.50636,1.633],[110.53631,1.59687],[110.58904,1.60627],[110.72674,1.54743],[110.73341,1.49868],[110.67791,1.44864],[110.72511,1.45311],[110.76344,1.47968],[110.76661,1.55166],[110.7933,1.57241],[110.92482,1.5312],[111.04396,1.42695],[111.14194,1.37153],[111.23268,1.3946],[111.34059,1.33332],[111.38356,1.35366],[111.32553,1.36734],[111.3047,1.40762],[111.24635,1.42133],[111.17677,1.40058],[111.06495,1.46271],[111.01108,1.54296],[111.00563,1.58446],[111.03785,1.67695],[111.09547,1.68797],[111.13706,1.68203],[111.17945,1.62702],[111.2151,1.63984],[111.24578,1.62132],[111.26743,1.62735],[111.17286,1.65937],[111.15821,1.69229],[111.12615,1.70661],[111.09604,1.77448],[111.13022,1.7919],[111.10987,1.81542],[111.11313,1.83552],[111.1753,1.95319],[111.2059,2.069],[111.26783,2.06753],[111.24187,2.08942],[111.25392,2.12612],[111.33644,2.11213],[111.37794,2.16181],[111.35678,2.16621],[111.32911,2.12873],[111.27052,2.1538],[111.18474,2.14509],[111.18482,2.19477],[111.21998,2.2204],[111.24008,2.21638],[111.18482,2.25365],[111.22096,2.41608],[111.24635,2.4361],[111.36549,2.34077],[111.44825,2.37238],[111.49342,2.34614],[111.42416,2.42723],[111.40455,2.48395],[111.48732,2.47394],[111.52125,2.49071],[111.46168,2.508],[111.41725,2.55512],[111.44028,2.68012],[111.45786,2.70563],[111.66961,2.84308],[111.86061,2.8806],[112.01352,2.88593],[112.72731,3.06611],[113.00782,3.16169],[113.08229,3.25678],[113.06935,3.279],[113.16212,3.35346],[113.19956,3.41551],[113.2776,3.4842],[113.30812,3.55931],[113.39145,3.64834],[113.43426,3.75316],[113.73683,4.00129],[113.94679,4.27383],[113.96778,4.32217],[113.96062,4.36152],[113.9922,4.43708],[113.97584,4.59471],[113.99879,4.60114],[114.11896,4.56164],[114.20908,4.50815],[114.21673,4.48766],[114.24556,4.48143],[114.2899,4.36131],[114.29672,4.31666],[114.27626,4.28902],[114.28267,4.26491],[114.41992,4.26013],[114.47738,4.14497],[114.56937,4.0644],[114.58663,4.02144],[114.62776,4.01668],[114.76688,4.13182],[114.81721,4.25966],[114.8138,4.2771],[114.78258,4.26442],[114.78196,4.28493],[114.82899,4.34049],[114.84563,4.39511],[114.8479,4.42374],[114.80605,4.43332],[114.78817,4.4612],[114.7739,4.63682],[114.74197,4.72945],[114.85576,4.80666],[114.94836,4.81893],[114.9589,4.86629],[115.0158,4.91641],[115.02681,4.66003],[115.07983,4.50396],[115.09182,4.40542],[115.16995,4.36126],[115.2207,4.35976],[115.34627,4.31377],[115.35826,4.35028],[115.2856,4.43536],[115.27248,4.47466],[115.27268,4.63677],[115.20736,4.8256],[115.1468,4.88562],[115.14617,4.90852]]],[[[118.23308,5.85114],[118.21949,5.82758],[118.16554,5.82754],[118.181,5.85126],[118.23308,5.85114]]],[[[111.38185,2.52334],[111.41049,2.37222],[111.39096,2.38215],[111.36988,2.35981],[111.34262,2.41389],[111.31267,2.43134],[111.31764,2.53677],[111.299,2.7027],[111.31544,2.78449],[111.34995,2.77131],[111.38103,2.6979],[111.38185,2.52334]]],[[[104.22511,2.73591],[104.21078,2.71507],[104.17213,2.70775],[104.13063,2.7458],[104.12696,2.78559],[104.16033,2.81786],[104.15382,2.86408],[104.17066,2.8911],[104.18621,2.88532],[104.21062,2.82787],[104.22511,2.73591]]],[[[118.74879,4.4855],[118.75611,4.45722],[118.67482,4.43659],[118.64405,4.49531],[118.74879,4.4855]]],[[[118.52377,4.66572],[118.57781,4.6551],[118.59962,4.6352],[118.57537,4.62739],[118.57228,4.60114],[118.54811,4.62157],[118.53517,4.6013],[118.34645,4.67622],[118.4253,4.67622],[118.45631,4.69725],[118.47608,4.69379],[118.51026,4.64887],[118.52377,4.66572]]],[[[115.25978,5.31538],[115.24171,5.27269],[115.20411,5.2836],[115.15919,5.25218],[115.18914,5.34479],[115.24171,5.3874],[115.25978,5.31538]]],[[[100.2741,5.46849],[100.34344,5.41763],[100.28875,5.26268],[100.18434,5.26854],[100.19614,5.29999],[100.17945,5.4582],[100.21062,5.444],[100.23471,5.4645],[100.2741,5.46849]]],[[[99.80044,6.27281],[99.83698,6.29423],[99.82643,6.19068],[99.8056,6.17179],[99.76723,6.2238],[99.80044,6.27281]]],[[[99.90062,6.3643],[99.91627,6.33153],[99.86569,6.29053],[99.84459,6.32469],[99.82533,6.3241],[99.72874,6.26148],[99.71904,6.35323],[99.6587,6.36262],[99.64523,6.43584],[99.77093,6.41984],[99.81429,6.45404],[99.8392,6.45482],[99.84203,6.46964],[99.91334,6.3902],[99.90062,6.3643]]],[[[117.46876,6.76667],[117.51075,6.70429],[117.5066,6.67349],[117.46876,6.64313],[117.41236,6.63491],[117.34693,6.65498],[117.35499,6.67963],[117.44386,6.69855],[117.4393,6.72394],[117.40358,6.72582],[117.41163,6.75137],[117.46876,6.76667]]],[[[117.01686,7.3426],[117.02036,7.29458],[117.01002,7.27998],[116.99155,7.29719],[116.97674,7.29023],[116.98219,7.25332],[116.88648,7.2294],[116.90512,7.20893],[116.89096,7.19367],[116.85182,7.19806],[116.90016,7.28742],[116.96168,7.30793],[117.00262,7.3557],[117.01686,7.3426]]],[[[117.24627,7.35578],[117.28191,7.33234],[117.26238,7.20197],[117.24708,7.18317],[117.22975,7.19184],[117.14039,7.16763],[117.09889,7.14346],[117.07154,7.10248],[117.05641,7.20287],[117.06772,7.28002],[117.14527,7.33552],[117.24627,7.35578]]],[[[101.26734,3.0353],[101.24383,3.02619],[101.23699,3.03506],[101.26287,3.05634],[101.26734,3.0353]]],[[[101.33619,3.06501],[101.3353,3.00902],[101.26808,2.96516],[101.30592,3.06395],[101.33619,3.06501]]]]}},{"type":"Feature","properties":{"name":"Ethiopia","adm0_a3":"ETH"},"geometry":{"type":"Polygon","coordinates":[[[40.0,14.45521],[40.10456,14.46597],[40.23768,14.42744],[40.42165,14.27376],[40.58587,14.19469],[40.77232,14.14836],[40.8332,14.10596],[41.04362,13.87249],[41.19204,13.61586],[41.53073,13.39378],[41.7118,13.24793],[41.78477,13.16457],[41.89432,12.94797],[41.94662,12.87617],[42.1373,12.77333],[42.18495,12.73305],[42.25016,12.62398],[42.37946,12.46591],[41.93639,11.82744],[41.80823,11.73624],[41.79242,11.70446],[41.74911,11.53795],[41.78797,11.25973],[41.78559,11.06739],[41.76131,10.9962],[41.77381,10.98005],[41.91685,10.94706],[41.93752,10.92982],[42.0384,10.95044],[42.09627,10.99026],[42.22164,10.98434],[42.33853,11.0155],[42.39176,11.00589],[42.47971,11.05912],[42.61562,11.08966],[42.72962,11.06501],[42.77179,10.99646],[42.87328,10.97825],[42.90811,11.00419],[42.92372,10.99879],[42.89354,10.91967],[42.81943,10.87257],[42.80124,10.82079],[42.73809,10.75978],[42.71164,10.67516],[42.64725,10.63222],[42.64859,10.61103],[42.6952,10.52471],[42.76579,10.45195],[42.78946,10.33332],[42.83628,10.20809],[42.9819,10.09163],[43.03988,9.94999],[43.06769,9.92252],[43.18721,9.88333],[43.20633,9.85121],[43.24881,9.65233],[43.30597,9.61755],[43.37066,9.54423],[43.41903,9.41302],[43.54822,9.33607],[43.6215,9.3369],[44.02386,8.98553],[46.97923,7.99657],[47.97917,7.99657],[46.42392,6.49674],[45.93599,5.99669],[44.94152,4.91148],[44.91259,4.89939],[43.96898,4.95396],[43.52848,4.84157],[43.11926,4.6477],[42.96041,4.51737],[42.89963,4.3611],[42.83163,4.30232],[42.29729,4.20173],[42.10289,4.19189],[41.92347,4.07055],[41.9122,4.00797],[41.83593,3.94945],[41.69981,3.99692],[41.64297,3.96945],[41.58633,3.98415],[41.42954,3.94888],[41.163,3.94268],[41.07008,3.99692],[41.0059,4.08668],[40.89769,4.14592],[40.84601,4.21499],[40.76374,4.28493],[40.7007,4.24352],[40.38268,4.12138],[40.36573,4.09487],[40.16719,4.03547],[40.16244,4.01939],[40.0,3.94039],[40.0,14.45521]]]}},{"type":"Feature","properties":{"name":"Somalia","adm0_a3":"SOM"},"geometry":{"type":"Polygon","coordinates":[[[46.48805,6.55864],[47.97917,7.99657],[46.97923,7.99657],[44.02386,8.98553],[43.6215,9.3369],[43.54822,9.33607],[43.41903,9.41302],[43.37066,9.54423],[43.30597,9.61755],[43.24881,9.65233],[43.20633,9.85121],[43.18721,9.88333],[43.06769,9.92252],[43.03988,9.94999],[42.9819,10.09163],[42.83628,10.20809],[42.78946,10.33332],[42.76579,10.45195],[42.6952,10.52471],[42.64859,10.61103],[42.64725,10.63222],[42.71164,10.67516],[42.73809,10.75978],[42.80124,10.82079],[42.81943,10.87257],[42.89354,10.91967],[42.92372,10.99879],[43.24073,11.48786],[43.28834,11.46035],[43.28272,11.49893],[43.37599,11.39159],[43.45973,11.35106],[43.48943,11.38093],[43.47902,11.2718],[43.50636,11.20897],[43.55909,11.17601],[43.65895,10.98798],[43.92213,10.72419],[44.34755,10.41451],[44.3892,10.39721],[44.58615,10.38358],[44.75066,10.42787],[44.96201,10.4158],[44.99415,10.44269],[44.98797,10.4604],[45.15724,10.54108],[45.32057,10.6621],[45.40919,10.65949],[45.48707,10.68472],[45.57301,10.75812],[45.67311,10.79621],[45.7693,10.87812],[45.8169,10.86921],[45.85564,10.82396],[45.88445,10.84121],[45.97755,10.79914],[46.10222,10.77066],[46.23756,10.79243],[46.33513,10.7097],[46.44776,10.6931],[46.65968,10.75434],[46.86598,10.87189],[46.88648,10.89859],[47.00807,10.93895],[47.18068,11.08047],[47.40594,11.18464],[47.52272,11.18696],[47.71046,11.10126],[47.76734,11.13019],[48.13038,11.13666],[48.16082,11.14566],[48.2199,11.21113],[48.30421,11.22752],[48.34278,11.27546],[48.47853,11.29633],[48.52198,11.31928],[48.6548,11.33063],[48.88884,11.25056],[48.97682,11.25141],[49.23959,11.30028],[49.30348,11.34544],[49.3357,11.33462],[49.4192,11.34479],[49.52174,11.39378],[49.57683,11.46003],[49.68678,11.47435],[49.80486,11.4584],[49.85125,11.46491],[49.94215,11.51557],[50.07252,11.50873],[50.16188,11.56338],[50.26832,11.5893],[50.37232,11.66893],[50.43702,11.69062],[50.51271,11.77123],[50.52947,11.85952],[50.57594,11.92097],[50.64112,11.95441],[50.66147,11.94758],[50.77198,11.98578],[50.79786,11.98912],[50.86706,11.94289],[50.97008,11.93232],[51.04884,11.87865],[51.1277,11.87865],[51.2927,11.83311],[51.24936,11.72878],[51.2478,11.65239],[51.12086,11.50532],[51.12501,11.44798],[51.08131,11.3415],[51.07252,11.23379],[51.08595,11.18797],[51.13094,11.16075],[51.17444,11.15876],[51.1895,11.13831],[51.12379,11.03876],[51.11508,10.99335],[51.13819,10.67674],[51.16066,10.59846],[51.10743,10.57656],[51.0923,10.48216],[51.03582,10.46752],[51.0101,10.43403],[51.0381,10.41608],[51.22039,10.44204],[51.19654,10.47744],[51.17612,10.56281],[51.29253,10.48007],[51.39517,10.47902],[51.41704,10.44748],[51.39751,10.39579],[51.36742,10.36773],[51.27287,10.3779],[51.2566,10.42032],[51.24098,10.4256],[51.0901,10.40731],[50.92739,10.32784],[50.9017,10.23444],[50.91281,10.17685],[50.8838,10.10126],[50.9017,10.01166],[50.83326,9.76878],[50.82447,9.65107],[50.80616,9.62446],[50.84034,9.45612],[50.83033,9.41962],[50.76832,9.31928],[50.68946,9.27485],[50.64698,9.21137],[50.64845,9.11042],[50.63364,9.07319],[50.43971,8.88817],[50.37428,8.69888],[50.32651,8.6411],[50.30348,8.50458],[50.2562,8.47256],[50.15642,8.32062],[50.09108,8.16104],[49.92937,8.05174],[49.82423,7.9339],[49.80323,7.82689],[49.82342,7.80532],[49.82504,7.75776],[49.75221,7.6503],[49.74415,7.58906],[49.5866,7.31476],[49.36704,7.0257],[49.24732,6.81061],[49.07472,6.41527],[49.08562,6.30736],[49.0713,6.21992],[49.03614,6.14423],[48.69581,5.58735],[48.64674,5.48005],[48.54811,5.37507],[48.44801,5.20873],[48.32887,5.07966],[48.2024,4.90892],[48.05568,4.61294],[47.9485,4.4571],[47.57797,4.05988],[47.48927,3.93635],[47.01295,3.44107],[46.83424,3.23249],[46.70004,3.11327],[46.62574,3.02391],[46.35157,2.78864],[46.2894,2.69623],[46.2365,2.66763],[46.04762,2.45506],[45.82634,2.30882],[45.23219,1.96768],[45.00148,1.86636],[44.55006,1.55907],[44.33277,1.38996],[44.22136,1.27562],[44.15789,1.24079],[44.13803,1.1916],[44.03289,1.09748],[43.97877,1.06867],[43.93263,1.00983],[43.78191,0.92162],[43.73422,0.85497],[43.65895,0.80492],[43.46762,0.62055],[42.77027,-0.12933],[42.58033,-0.29754],[42.55079,-0.3576],[42.5193,-0.36932],[42.47975,-0.42205],[42.47641,-0.466],[42.46599,-0.4494],[42.41261,-0.49098],[42.16652,-0.80267],[42.13551,-0.82171],[42.07154,-0.82871],[42.06251,-0.83929],[42.08172,-0.84344],[42.07195,-0.88445],[42.01637,-0.96803],[41.97193,-0.99977],[41.95281,-0.89446],[41.94646,-0.95477],[41.97169,-1.02361],[41.87387,-1.17604],[41.8729,-1.19549],[41.89747,-1.1832],[41.88543,-1.20965],[41.8628,-1.21234],[41.82911,-1.16888],[41.8366,-1.2623],[41.65211,-1.56512],[41.61061,-1.59319],[41.53508,-1.6963],[41.53858,-1.6137],[41.52287,-1.57277],[40.97975,-0.8708],[40.96538,2.81414],[40.97975,2.8419],[41.34273,3.20115],[41.9122,4.00797],[41.92347,4.07055],[42.06837,4.17455],[42.13534,4.20008],[42.29729,4.20173],[42.83163,4.30232],[42.89963,4.3611],[42.96041,4.51737],[43.11926,4.6477],[43.52848,4.84157],[43.93228,4.9452],[43.96898,4.95396],[44.91259,4.89939],[44.94152,4.91148],[45.93599,5.99669],[46.48805,6.55864]]]}},{"type":"Feature","properties":{"name":"Kenya","adm0_a3":"KEN"},"geometry":{"type":"MultiPolygon","coordinates":[[[[40.0,3.94039],[40.16244,4.01939],[40.16719,4.03547],[40.36573,4.09487],[40.38268,4.12138],[40.7007,4.24352],[40.76374,4.28493],[40.84601,4.21499],[40.89769,4.14592],[41.0059,4.08668],[41.07008,3.99692],[41.163,3.94268],[41.42954,3.94888],[41.58633,3.98415],[41.64297,3.96945],[41.69981,3.99692],[41.83593,3.94945],[41.88502,3.97723],[41.34273,3.20115],[40.96538,2.81414],[40.97975,-0.8708],[41.52287,-1.57277],[41.53858,-1.6137],[41.53508,-1.6963],[41.45834,-1.77484],[41.41765,-1.84726],[41.28272,-1.96852],[41.26734,-1.94964],[41.23146,-1.9555],[41.21901,-1.92246],[41.1858,-1.99017],[41.10914,-1.97763],[41.01295,-2.04241],[40.9795,-2.00498],[41.00611,-1.90179],[40.97071,-1.92897],[40.96664,-2.04656],[40.94532,-2.07318],[40.92677,-2.05926],[40.90821,-1.99774],[40.86101,-1.96347],[40.84913,-1.97763],[40.85597,-2.01849],[40.87224,-2.01141],[40.89381,-2.02606],[40.88315,-2.06015],[40.90431,-2.08034],[40.91196,-2.19199],[40.92482,-2.21722],[40.95688,-2.21893],[40.97926,-2.24212],[40.96949,-2.27898],[40.92262,-2.31374],[40.91944,-2.30242],[40.95216,-2.28606],[40.92107,-2.2706],[40.89373,-2.2282],[40.86305,-2.23138],[40.79469,-2.29046],[40.77394,-2.27923],[40.79558,-2.30999],[40.79347,-2.34197],[40.82862,-2.37477],[40.8169,-2.39788],[40.71176,-2.46657],[40.65056,-2.53932],[40.6159,-2.5525],[40.4909,-2.5285],[40.38982,-2.56032],[40.23211,-2.66904],[40.17498,-2.76263],[40.18865,-2.81357],[40.16261,-2.93426],[40.18377,-2.95029],[40.19068,-2.98805],[40.23211,-2.97064],[40.23292,-2.98187],[40.16383,-3.06699],[40.15317,-3.13519],[40.11915,-3.18353],[40.1229,-3.26735],[40.0,-3.36456],[40.0,3.94039]]],[[[41.06568,-2.03631],[41.14332,-2.0595],[41.16277,-2.09092],[41.15528,-2.11207],[41.13689,-2.11549],[41.12338,-2.09368],[41.10483,-2.13405],[41.0818,-2.12152],[40.99562,-2.14381],[40.98618,-2.16595],[41.00994,-2.18719],[40.99366,-2.1972],[40.9795,-2.16937],[40.95729,-2.17401],[40.96925,-2.11981],[40.98292,-2.09734],[41.04518,-2.06976],[41.06568,-2.03631]]]]}},{"type":"Feature","properties":{"name":"Tanzania","adm0_a3":"TZA"},"geometry":{"type":"Polygon","coordinates":[[[40.0,-10.81532],[40.0,-10.1302],[40.12965,-10.16823],[40.13551,-10.24765],[40.12062,-10.27117],[40.16041,-10.28045],[40.17384,-10.25514],[40.23211,-10.29664],[40.23894,-10.26873],[40.26686,-10.26873],[40.19801,-10.24212],[40.23211,-10.20045],[40.24537,-10.20468],[40.25945,-10.24212],[40.30104,-10.26873],[40.34881,-10.35809],[40.42213,-10.35565],[40.42677,-10.33587],[40.39259,-10.31211],[40.41774,-10.29664],[40.44939,-10.34539],[40.4109,-10.39227],[40.43686,-10.39227],[40.42457,-10.43719],[40.43686,-10.47479],[40.42103,-10.50375],[40.35333,-10.5607],[40.2507,-10.61093],[40.16109,-10.70436],[40.0,-10.81532]]]}},{"type":"Feature","properties":{"name":"China","adm0_a3":"CHN"},"geometry":{"type":"MultiPolygon","coordinates":[[[[97.3235,28.21748],[97.22965,28.27461],[97.21053,28.30809],[97.07845,28.37514],[96.96579,28.33047],[96.71692,28.43654],[96.56152,28.44729],[96.36964,28.37812],[96.30185,28.42071],[96.33646,28.47967],[96.50238,28.64448],[96.50104,28.68763],[96.59801,28.70991],[96.59258,28.75788],[96.57667,28.80853],[96.51083,28.88552],[96.49223,28.948],[96.45213,28.97038],[96.4576,28.99459],[96.36657,29.03654],[96.24859,28.94534],[96.19532,28.94111],[96.17462,29.10884],[96.21008,29.14577],[96.31642,29.17186],[96.36624,29.25723],[96.3371,29.27971],[96.26785,29.24173],[96.23529,29.24121],[96.17628,29.28646],[96.14197,29.36847],[95.95374,29.35922],[95.86313,29.32398],[95.79594,29.35289],[95.74478,29.34043],[95.74736,29.27365],[95.71716,29.21828],[95.56443,29.24561],[95.55017,29.21248],[95.51534,29.20943],[95.52144,29.13786],[95.48758,29.06899],[95.36741,29.0365],[95.22492,29.05936],[95.1997,29.09425],[94.98906,29.15398],[94.77657,29.1667],[94.76148,29.17471],[94.76768,29.21385],[94.70422,29.2847],[94.63043,29.31945],[94.59994,29.31664],[94.51478,29.22106],[94.39644,29.20708],[94.33577,29.14962],[94.2875,29.14794],[94.27079,29.09793],[94.34731,29.02435],[94.25018,28.93311],[94.17366,28.93016],[94.1354,28.89779],[93.99202,28.84465],[93.98159,28.76813],[93.92779,28.68275],[93.86308,28.70487],[93.78174,28.6805],[93.72248,28.69665],[93.62553,28.67236],[93.44621,28.67189],[93.31717,28.60346],[93.28697,28.52052],[93.18629,28.432],[93.21807,28.39465],[93.20782,28.34054],[92.97492,28.28231],[92.90382,28.2497],[92.83478,28.18353],[92.79023,28.1789],[92.77917,28.1959],[92.67861,28.13306],[92.63892,28.05749],[92.68926,28.04832],[92.73639,27.98591],[92.68367,27.91045],[92.63647,27.89537],[92.57498,27.84781],[92.47511,27.8466],[92.42757,27.82117],[92.39284,27.85603],[92.36793,27.80383],[92.35005,27.80254],[92.32918,27.83293],[92.30385,27.78616],[92.23957,27.86528],[92.12629,27.81272],[92.06488,27.76172],[91.9889,27.7694],[91.95225,27.72482],[91.86491,27.72999],[91.82659,27.80763],[91.72987,27.80414],[91.68013,27.84982],[91.62834,27.85269],[91.65283,27.91675],[91.62172,27.95072],[91.41884,27.99473],[91.34143,28.03056],[91.29017,28.09141],[91.2697,28.07286],[91.19467,28.07059],[91.09256,27.97168],[91.05194,27.96279],[90.97515,27.98209],[90.90952,28.03266],[90.7269,28.0617],[90.66747,28.09033],[90.57528,28.06583],[90.47523,28.07234],[90.48567,28.12466],[90.5976,28.20038],[90.58773,28.2333],[90.50542,28.24976],[90.45604,28.28268],[90.3869,28.29914],[90.35398,28.29914],[90.3295,28.2558],[90.29147,28.26135],[90.2618,28.29914],[90.2618,28.33535],[90.22559,28.3584],[90.15316,28.32218],[90.07086,28.34523],[89.86292,28.29579],[89.78086,28.22877],[89.75584,28.18438],[89.57942,28.14464],[89.45881,28.0478],[89.33602,27.86908],[89.22492,27.80781],[89.1982,27.73058],[89.12466,27.61485],[89.09153,27.62586],[89.06403,27.61595],[88.97837,27.53028],[88.98297,27.49263],[88.95106,27.43314],[88.99702,27.33087],[88.97193,27.31238],[88.91516,27.33087],[88.89233,27.31554],[88.77358,27.40851],[88.75436,27.46422],[88.75756,27.51145],[88.74164,27.53168],[88.80567,27.65511],[88.85388,27.84368],[88.85156,27.87716],[88.81068,27.92786],[88.81771,27.99488],[88.73565,28.05526],[88.65204,28.0694],[88.61049,28.10583],[88.55282,28.07806],[88.50207,28.02888],[88.45577,28.03152],[88.37877,27.98263],[88.11574,27.94726],[88.0975,27.90401],[88.11822,27.86088],[88.02995,27.89334],[87.97843,27.88052],[87.83668,27.90832],[87.77984,27.83944],[87.72682,27.80776],[87.63608,27.82365],[87.57334,27.80502],[87.53159,27.8368],[87.36912,27.80394],[87.38534,27.84941],[87.36384,27.85525],[87.29052,27.81608],[87.1558,27.8258],[87.11652,27.84458],[87.00568,27.9515],[86.91472,27.94512],[86.84047,28.01478],[86.7398,28.0215],[86.73174,28.07692],[86.68006,28.10573],[86.61232,28.08028],[86.55356,28.10415],[86.5162,28.01224],[86.51046,27.95243],[86.4253,27.90992],[86.36298,27.9461],[86.32773,27.93969],[86.27807,27.98369],[86.20304,28.00258],[86.17224,28.07183],[86.18604,28.13353],[86.15596,28.15652],[86.06873,28.07676],[86.0847,28.04387],[86.07917,28.00113],[86.09813,27.98563],[86.11286,27.9268],[86.0617,27.88905],[85.98026,27.88517],[85.95122,27.91623],[85.95659,27.97623],[85.8983,28.03602],[85.86337,28.14335],[85.73449,28.22153],[85.69976,28.2691],[85.69294,28.33522],[85.61181,28.25114],[85.5653,28.27538],[85.47569,28.2791],[85.43156,28.29706],[85.36257,28.25967],[85.3126,28.28277],[85.24341,28.26791],[85.17359,28.30432],[85.13416,28.29197],[85.0874,28.30411],[85.07758,28.43568],[85.10946,28.4593],[85.12316,28.50459],[85.15375,28.5249],[85.16098,28.595],[85.05494,28.63869],[84.95495,28.5743],[84.92849,28.53847],[84.81196,28.54198],[84.75563,28.58541],[84.67776,28.6044],[84.68298,28.65076],[84.63264,28.66879],[84.61621,28.69365],[84.45084,28.73388],[84.42273,28.79917],[84.37659,28.84884],[84.23515,28.90002],[84.20672,28.94066],[84.23143,29.02598],[84.17546,29.0574],[84.16621,29.09846],[84.13226,29.1438],[84.16166,29.19253],[84.15546,29.20664],[84.11236,29.2091],[84.08973,29.25661],[84.03521,29.24762],[84.01252,29.2702],[83.97584,29.26374],[83.95796,29.28904],[83.91439,29.2894],[83.79321,29.23475],[83.69549,29.22618],[83.63927,29.15476],[83.52372,29.18359],[83.503,29.26103],[83.39313,29.35624],[83.38724,29.3935],[83.35701,29.41536],[83.3552,29.46074],[83.32797,29.48502],[83.26394,29.47301],[83.2472,29.49474],[83.26084,29.54205],[83.17356,29.62127],[83.09336,29.61514],[83.07956,29.57964],[83.06494,29.57879],[82.9759,29.66403],[82.93192,29.66418],[82.89972,29.68842],[82.83658,29.65979],[82.69095,29.78074],[82.68899,29.82774],[82.6185,29.83983],[82.54181,29.92324],[82.45706,29.95409],[82.39443,30.00313],[82.3473,30.00344],[82.31888,30.03181],[82.25573,30.03967],[82.21067,30.06442],[82.15383,30.05817],[82.12758,30.12436],[82.15569,30.18136],[82.08499,30.23082],[82.09321,30.31474],[82.07321,30.33722],[81.96903,30.32828],[81.94123,30.35396],[81.84439,30.37117],[81.77902,30.35804],[81.61401,30.4169],[81.53681,30.37856],[81.50937,30.32838],[81.46281,30.34135],[81.42612,30.37251],[81.38752,30.37391],[81.36804,30.30105],[81.37785,30.23263],[81.35005,30.15723],[81.3224,30.13377],[81.26696,30.12509],[81.27202,30.07992],[81.22572,30.05047],[81.21683,30.0082],[81.09777,30.01693],[80.97602,30.25521],[80.78166,30.32099],[80.72306,30.39205],[80.59635,30.4598],[80.5083,30.46233],[80.32588,30.54651],[80.25281,30.56501],[80.17984,30.55948],[80.2033,30.60635],[80.16661,30.67441],[80.20702,30.68614],[80.23141,30.72495],[80.1571,30.79316],[80.0922,30.7745],[80.06253,30.78479],[80.02863,30.83078],[79.90316,30.89021],[79.8335,30.96152],[79.73904,30.97925],[79.63031,30.9625],[79.57781,30.93837],[79.5127,30.96617],[79.47642,31.01402],[79.40159,31.02364],[79.36705,31.11156],[79.31942,31.14228],[79.28832,31.22547],[79.25286,31.24544],[79.26202,31.27851],[79.23832,31.32966],[79.1314,31.43843],[79.07021,31.46138],[78.92101,31.26968],[78.86199,31.29148],[78.78447,31.28827],[78.7451,31.30812],[78.76256,31.44511],[78.69538,31.4881],[78.69952,31.51002],[78.81889,31.60737],[78.75812,31.6666],[78.72401,31.67331],[78.69321,31.71853],[78.69559,31.74669],[78.67089,31.77052],[78.74458,31.9642],[78.72215,31.99459],[78.64929,32.03644],[78.51307,32.20757],[78.45798,32.22966],[78.46273,32.2818],[78.43452,32.38376],[78.45219,32.41678],[78.38098,32.52804],[78.38481,32.54755],[78.40816,32.55838],[78.63017,32.57801],[78.71326,32.63752],[78.75099,32.61279],[78.73693,32.54579],[78.77145,32.46166],[78.91129,32.35474],[78.94343,32.34637],[79.02818,32.37709],[79.07531,32.37079],[79.11293,32.47239],[79.28741,32.53258],[79.32047,32.59227],[79.37948,32.57645],[79.40682,32.52968],[79.4435,32.53477],[79.51574,32.60812],[79.5312,32.64832],[79.57617,32.67065],[79.62067,32.72872],[79.61391,32.76503],[79.56409,32.79393],[79.41409,32.97205],[79.33359,32.99429],[79.33979,33.01326],[79.39927,33.02688],[79.37317,33.11214],[79.42348,33.15783],[79.4561,33.2504],[79.42008,33.27517],[79.26006,33.29178],[79.09803,33.28766],[78.96499,33.34425],[78.91769,33.38626],[78.90984,33.49424],[78.8869,33.56689],[78.89599,33.62009],[78.94539,33.63412],[79.00255,33.61934],[79.01278,33.63368],[78.99128,33.75192],[78.94539,33.79982],[78.88751,33.94646],[78.90281,33.98317],[78.93506,34.00715],[79.07066,33.9955],[79.13226,34.02648],[79.37596,34.01141],[79.40552,34.0219],[79.49502,34.10593],[79.4882,34.18189],[79.53285,34.18417],[79.55156,34.20957],[79.50949,34.39216],[79.52303,34.42609],[79.66959,34.40744],[79.71268,34.41532],[79.73677,34.46332],[79.70173,34.5003],[79.70214,34.52035],[79.7315,34.54508],[79.81335,34.56538],[79.86678,34.65804],[79.99577,34.6475],[80.04972,34.67313],[80.08558,34.77659],[80.07791,34.83733],[80.16261,34.95088],[80.18796,35.15064],[80.26128,35.26989],[80.25549,35.31268],[80.27771,35.34523],[80.28442,35.44552],[80.32632,35.46678],[80.2915,35.60742],[80.1779,35.66695],[80.11107,35.68001],[80.00452,35.83893],[79.91855,35.82225],[79.87556,35.78496],[79.73754,35.80201],[79.46082,35.88577],[79.42826,35.90851],[79.42392,35.93982],[79.40025,35.96199],[79.32366,35.98003],[79.18362,35.94132],[79.19405,35.88692],[79.13253,35.83622],[79.02808,35.85237],[78.97143,35.88743],[78.66479,35.85254],[78.54531,35.78113],[78.43524,35.76097],[78.27577,35.69472],[78.22936,35.64749],[78.16187,35.62362],[78.10162,35.5383],[77.95476,35.56171],[77.91517,35.49417],[77.88985,35.48176],[77.76035,35.49809],[77.66061,35.4581],[77.51961,35.47744],[77.50868,35.58016],[77.46889,35.65188],[77.42135,35.64015],[77.34859,35.71978],[77.20896,35.70966],[77.08959,35.7402],[77.06861,35.77994],[77.00856,35.81973],[76.83906,35.85952],[76.77891,35.91026],[76.77891,36.03982],[76.75865,36.11004],[76.71876,36.15991],[76.66894,36.1904],[76.56828,36.1904],[76.46926,36.22001],[76.42865,36.23955],[76.38886,36.30977],[76.31858,36.33008],[76.239,36.3199],[76.14928,36.42455],[75.98108,36.44544],[75.87478,36.61947],[75.72874,36.72319],[75.57051,36.76675],[75.50798,36.74763],[75.49258,36.72071],[75.43191,36.72293],[75.41052,36.74732],[75.37796,36.89429],[75.31347,36.92876],[75.19513,36.94888],[75.11855,36.99123],[74.94233,36.977],[74.9105,36.96255],[74.87236,36.9071],[74.85324,36.95898],[74.79257,37.01516],[74.71919,37.01645],[74.66245,37.05448],[74.54235,37.02167],[74.5192,37.03025],[74.47662,37.08314],[74.38257,37.12657],[74.36831,37.16706],[74.45667,37.17732],[74.50008,37.23163],[74.59,37.24336],[74.62328,37.2308],[74.72146,37.29778],[74.73738,37.29612],[74.79402,37.21393],[74.89231,37.23111],[74.95153,37.28129],[75.06842,37.31214],[75.09178,37.37844],[75.16412,37.40064],[75.05343,37.49384],[74.94522,37.54856],[74.89189,37.5992],[74.88611,37.65346],[74.96517,37.76746],[74.94925,37.79532],[74.88611,37.83056],[74.9137,37.88084],[74.89076,37.89771],[74.89282,37.99401],[74.88042,38.02166],[74.80994,38.05321],[74.79071,38.08145],[74.77107,38.29154],[74.7843,38.32567],[74.83825,38.37942],[74.83288,38.46365],[74.76032,38.51998],[74.69645,38.52398],[74.64612,38.56111],[74.3342,38.667],[74.22144,38.64971],[74.12336,38.66948],[74.0844,38.61403],[74.03727,38.59847],[74.05877,38.54703],[74.0289,38.52724],[73.93288,38.52966],[73.8164,38.58659],[73.73641,38.72167],[73.73589,38.80042],[73.6808,38.87298],[73.71718,38.91858],[73.80958,38.93266],[73.82612,38.9769],[73.70933,39.06547],[73.67378,39.14263],[73.60784,39.20732],[73.60226,39.23577],[73.6438,39.35129],[73.63264,39.44834],[73.83831,39.47568],[73.87046,39.54679],[73.92162,39.58213],[73.8935,39.71039],[73.82953,39.74698],[73.81857,39.78605],[73.83201,39.82372],[73.88069,39.86501],[73.8932,39.91813],[73.94404,39.97007],[73.9767,40.0436],[74.1676,40.10639],[74.33379,40.09373],[74.47662,40.17243],[74.5654,40.24695],[74.70576,40.33129],[74.86213,40.32617],[74.85386,40.35883],[74.7874,40.42074],[74.83536,40.51164],[75.00238,40.4473],[75.06439,40.44384],[75.13808,40.46389],[75.19389,40.44125],[75.48183,40.61411],[75.55986,40.63287],[75.58766,40.61194],[75.60565,40.56941],[75.61795,40.49396],[75.66694,40.45025],[75.63831,40.38611],[75.65629,40.32307],[75.68182,40.2917],[75.77205,40.31015],[75.90186,40.29888],[75.96242,40.35733],[76.05162,40.3902],[76.15135,40.36813],[76.24416,40.4412],[76.27341,40.43412],[76.31351,40.34333],[76.4765,40.43614],[76.55639,40.56569],[76.60941,40.59711],[76.64786,40.76485],[76.76248,40.84702],[76.76682,40.94468],[76.86097,41.01321],[77.00773,41.04421],[77.11884,41.01166],[77.24317,41.00566],[77.33298,41.02065],[77.50352,40.98107],[77.65028,40.99714],[77.83104,41.06297],[78.07496,41.03951],[78.1905,41.11775],[78.27536,41.22885],[78.34946,41.2704],[78.35969,41.28746],[78.33933,41.34404],[78.3599,41.37753],[78.51038,41.45442],[78.61921,41.47809],[78.65828,41.53245],[78.80731,41.57844],[78.91583,41.63317],[78.97619,41.6418],[79.08874,41.70255],[79.19592,41.72952],[79.28232,41.7835],[79.39084,41.7727],[79.61098,41.86763],[79.74751,41.87974],[79.78327,41.90509],[79.81283,41.97762],[79.84291,42.00183],[79.93086,42.02328],[80.18191,42.02098],[80.23121,42.03369],[80.25653,42.08436],[80.22459,42.12557],[80.21033,42.18952],[80.24909,42.20489],[80.26841,42.23797],[80.19617,42.43459],[80.21053,42.49084],[80.16237,42.55239],[80.14377,42.64476],[80.24826,42.8162],[80.33394,42.81708],[80.5486,42.87847],[80.54292,42.91666],[80.37383,42.97518],[80.35513,43.00058],[80.36815,43.02846],[80.61847,43.13427],[80.66002,43.13282],[80.73154,43.10109],[80.77339,43.11292],[80.79345,43.14946],[80.74849,43.27516],[80.64286,43.32622],[80.69423,43.39472],[80.71273,43.45887],[80.47615,43.91024],[80.42313,43.97215],[80.40381,44.04894],[80.3389,44.12149],[80.37321,44.231],[80.33042,44.45305],[80.38375,44.60281],[80.35585,44.65288],[80.37631,44.67128],[80.49196,44.70172],[80.49228,44.72797],[80.31451,44.78032],[80.24474,44.81597],[79.99174,44.79365],[79.86864,44.84936],[79.84301,44.87349],[79.8582,44.90372],[80.10336,45.03219],[80.21901,45.02604],[80.29053,45.04624],[80.39006,45.04578],[80.44535,45.10422],[80.53682,45.10107],[80.69712,45.14365],[80.85386,45.1265],[81.54203,45.29331],[81.66523,45.34798],[81.73928,45.33806],[81.76517,45.30773],[81.79364,45.19564],[81.87534,45.18107],[81.95012,45.14448],[82.2453,45.23181],[82.34183,45.20489],[82.47582,45.1157],[82.53975,45.12366],[82.58522,45.17683],[82.61457,45.24856],[82.63199,45.41583],[82.61571,45.43542],[82.51303,45.46575],[82.36265,45.4812],[82.32746,45.49335],[82.29149,45.53319],[82.37221,45.73416],[82.48895,45.9017],[82.56827,46.19651],[82.67436,46.33113],[82.83895,46.73245],[82.98551,46.94251],[82.98551,47.01253],[83.00628,47.08062],[82.99822,47.11025],[83.02147,47.2059],[83.0716,47.21851],[83.15036,47.21154],[83.22198,47.1719],[83.35339,47.14498],[83.52449,47.0671],[83.90535,46.97396],[84.06963,46.96442],[84.15815,46.9931],[84.26584,47.00013],[84.4218,46.9931],[84.52102,46.9698],[84.66354,46.98385],[84.73166,46.94776],[84.7516,46.91799],[84.74959,46.88246],[84.71553,46.83518],[84.73961,46.81477],[84.91604,46.85055],[84.97577,46.902],[85.04822,46.9207],[85.22584,47.04157],[85.49864,47.05183],[85.55682,47.17875],[85.65966,47.20652],[85.67899,47.27489],[85.67036,47.38434],[85.58457,47.49294],[85.59543,47.62407],[85.51538,47.92028],[85.56178,48.03066],[85.58638,48.14125],[85.71867,48.35883],[85.78368,48.40759],[86.006,48.42955],[86.19203,48.41823],[86.2467,48.43736],[86.30737,48.48309],[86.43062,48.48588],[86.56508,48.52732],[86.60554,48.59011],[86.752,48.71543],[86.73918,48.78354],[86.78946,48.83914],[86.71804,48.91252],[86.70942,48.95422],[86.74352,49.00771],[86.85948,49.10532],[86.97544,49.0924],[87.11632,49.12977],[87.40043,49.07101],[87.47557,49.0876],[87.50606,49.12088],[87.81632,49.16584],[87.83555,49.10072],[87.8219,49.02874],[87.87224,49.00409],[87.8726,48.96802],[87.7569,48.92037],[87.73788,48.86937],[87.79607,48.83976],[87.82108,48.78829],[87.90758,48.75883],[87.97549,48.75599],[88.05941,48.70809],[88.05502,48.67341],[87.94283,48.59949],[87.98303,48.55234],[88.06251,48.54288],[88.16597,48.49373],[88.23563,48.49319],[88.30487,48.46901],[88.4167,48.3941],[88.50269,48.39255],[88.56512,48.34299],[88.56124,48.26827],[88.59622,48.19768],[88.63581,48.17585],[88.70919,48.16636],[88.80541,48.10595],[88.91682,48.10595],[89.04555,47.99299],[89.21872,47.97697],[89.35427,48.03877],[89.42542,48.02164],[89.5418,48.03102],[89.57188,48.02046],[89.58324,47.96204],[89.62738,47.94395],[89.65528,47.89982],[89.72339,47.87816],[89.7513,47.82432],[89.88907,47.82432],[89.93444,47.84426],[89.94668,47.88318],[90.04461,47.87977],[90.06435,47.85062],[90.05216,47.8107],[90.08285,47.7561],[90.16342,47.71001],[90.3448,47.65864],[90.32744,47.62304],[90.38159,47.53839],[90.44123,47.49304],[90.44815,47.40403],[90.48722,47.37819],[90.46872,47.30892],[90.71212,47.0147],[90.7424,46.99186],[90.82818,46.9823],[90.88513,46.94473],[90.9365,46.86443],[90.92533,46.81314],[91.00481,46.74043],[91.01556,46.7032],[90.99592,46.59462],[91.0475,46.56641],[90.93577,46.34386],[90.89619,46.30203],[90.94879,46.16829],[90.99592,46.11372],[91.00244,46.02184],[90.98621,45.99311],[90.91924,45.95006],[90.71077,45.7522],[90.65114,45.49314],[90.75325,45.42095],[90.79656,45.29284],[90.86663,45.25357],[90.85764,45.21507],[90.87324,45.18618],[90.97515,45.21486],[91.0568,45.21755],[91.13504,45.19786],[91.18434,45.15383],[91.24914,45.1297],[91.36655,45.11425],[91.43848,45.14613],[91.53398,45.0711],[91.66296,45.05952],[92.04299,45.07482],[92.2189,45.01012],[92.28535,45.01953],[92.47511,44.99746],[92.84759,45.03911],[92.94506,45.00583],[93.16571,45.00764],[93.24416,44.98154],[93.341,44.98485],[93.42058,44.95509],[93.52528,44.95126],[93.714,44.87458],[93.92742,44.67293],[94.05858,44.65128],[94.18188,44.66084],[94.27748,44.58958],[94.33846,44.51212],[94.43013,44.50447],[94.58806,44.4361],[94.69823,44.3435],[95.03681,44.25497],[95.39772,44.2805],[95.32269,44.15824],[95.31897,44.01711],[95.51027,43.97912],[95.53528,43.95768],[95.58924,43.86949],[95.69248,43.63054],[95.83284,43.4089],[95.87438,43.2471],[96.3187,42.91007],[96.35777,42.7245],[97.19327,42.78726],[99.47448,42.5642],[100.01698,42.67652],[101.21871,42.52983],[101.41074,42.54487],[101.52494,42.53746],[101.6376,42.51544],[101.73537,42.46116],[101.88647,42.27802],[101.97422,42.20789],[102.03416,42.18461],[103.07348,42.00452],[103.69143,41.75923],[104.50078,41.8706],[104.50492,41.65655],[104.89234,41.64477],[104.97383,41.58614],[105.01481,41.59614],[105.2009,41.74347],[105.3582,41.78585],[105.86861,41.99348],[106.76783,42.28662],[108.17736,42.45431],[108.31978,42.43255],[108.53646,42.43511],[108.79685,42.39837],[108.96129,42.44754],[109.25341,42.42594],[109.48513,42.4493],[109.66734,42.54898],[109.9127,42.62882],[110.06019,42.63836],[110.13987,42.68262],[110.40673,42.7686],[110.44941,42.83734],[110.60816,42.94467],[110.6801,43.05766],[110.97341,43.3156],[111.33856,43.43818],[111.4014,43.47551],[111.56769,43.50254],[111.75383,43.6632],[111.84581,43.66692],[111.93335,43.69664],[111.94431,43.78637],[111.83878,43.93879],[111.63446,44.06594],[111.54382,44.15674],[111.50372,44.22572],[111.49059,44.28262],[111.4106,44.32608],[111.39706,44.38737],[111.42413,44.44804],[111.53824,44.58343],[111.55136,44.69319],[111.73853,44.9663],[111.84333,45.03953],[111.92674,45.06092],[111.95826,45.08454],[112.10761,45.06738],[112.41281,45.06604],[112.52391,44.99328],[112.58603,44.92382],[112.7485,44.86527],[113.10486,44.79437],[113.47321,44.7707],[113.53243,44.74528],[113.60478,44.7397],[113.67247,44.76817],[113.88931,44.90827],[114.01705,44.92728],[114.08929,44.96175],[114.14934,45.03007],[114.41889,45.20148],[114.50229,45.30323],[114.53371,45.3855],[114.70331,45.42715],[114.93886,45.37377],[115.12634,45.39444],[115.33728,45.3947],[115.66739,45.45428],[116.00215,45.67556],[116.09486,45.67654],[116.16989,45.7091],[116.25164,45.80325],[116.2071,45.88087],[116.2132,45.90816],[116.35717,46.10556],[116.52511,46.22679],[116.56832,46.29087],[116.722,46.3287],[116.81461,46.38673],[116.95785,46.36642],[117.33747,46.35728],[117.3692,46.47569],[117.4125,46.52463],[117.3938,46.57137],[117.51007,46.57848],[117.56815,46.60354],[117.6252,46.53566],[117.67336,46.51602],[117.7976,46.52026],[117.90064,46.6076],[118.00554,46.62697],[118.08388,46.66826],[118.16904,46.6785],[118.26899,46.72294],[118.33555,46.72216],[118.4728,46.68568],[118.55197,46.68576],[118.60938,46.70578],[118.72007,46.67674],[118.75382,46.69116],[118.81624,46.75818],[118.84652,46.76549],[118.86745,46.75834],[118.89055,46.71353],[118.96724,46.74046],[119.03695,46.66873],[119.31693,46.61168],[119.50126,46.62801],[119.62348,46.61633],[119.68012,46.59163],[119.74027,46.61325],[119.78223,46.65563],[119.85442,46.65966],[119.90703,46.71831],[119.8831,46.75301],[119.90289,46.84241],[119.88145,46.87285],[119.89643,46.89859],[119.8523,46.91073],[119.77014,46.993],[119.75396,47.09444],[119.69996,47.15953],[119.58736,47.23836],[119.52509,47.25081],[119.47599,47.30921],[119.32065,47.40703],[119.2819,47.41486],[119.31776,47.46212],[119.31011,47.4761],[119.1339,47.52754],[119.08346,47.66156],[118.76741,47.75616],[118.54225,47.96625],[118.4728,47.98945],[118.28005,47.99813],[118.18248,48.02821],[117.97278,47.9979],[117.81516,48.00482],[117.7669,47.99314],[117.52722,47.78649],[117.43648,47.7305],[117.36083,47.65086],[117.31711,47.65407],[117.06968,47.81016],[116.82205,47.8763],[116.49969,47.83636],[116.24389,47.86289],[116.08431,47.80693],[115.9729,47.70905],[115.91451,47.68391],[115.8527,47.70556],[115.57572,47.90974],[115.51422,48.13164],[115.79999,48.24233],[115.80929,48.27395],[115.78656,48.49301],[115.8004,48.53037],[116.02819,48.76746],[116.04804,48.79976],[116.03781,48.87014],[116.68428,49.82326],[117.05759,49.67289],[117.25292,49.62245],[117.47286,49.61428],[117.75884,49.51274],[117.83687,49.50902],[117.87377,49.51321],[117.89382,49.54664],[117.93071,49.56731],[118.18848,49.68126],[118.2294,49.72921],[118.37296,49.78632],[118.39373,49.82001],[118.47704,49.83598],[118.52127,49.89406],[118.67056,49.96207],[118.71294,49.94946],[118.92378,49.99163],[118.99044,49.97933],[119.15514,50.0],[120.0,50.0],[120.0,40.06937],[119.91531,40.03615],[119.912,39.99809],[119.53559,39.89083],[119.51987,39.8583],[119.5307,39.8147],[119.4668,39.81485],[119.36787,39.74835],[119.28492,39.59544],[119.24537,39.59447],[119.20859,39.56957],[119.209,39.5502],[119.24301,39.5707],[119.22934,39.53596],[119.2624,39.57751],[119.2814,39.57501],[119.25642,39.49311],[119.30508,39.43298],[119.27943,39.38401],[119.25566,39.36552],[119.1848,39.35481],[119.01564,39.18976],[118.92604,39.1306],[118.8943,39.12442],[118.96998,39.1933],[118.88063,39.1728],[118.87379,39.21381],[118.79599,39.15178],[118.61936,39.16104],[118.52711,39.14924],[118.52915,39.12465],[118.3261,39.03093],[118.23528,39.0531],[118.14053,39.17284],[118.0964,39.20239],[118.02802,39.2198],[117.88559,39.20112],[117.75734,39.11445],[117.71542,39.1114],[117.75148,39.06791],[117.77526,38.98106],[117.70192,38.99531],[117.70875,38.98102],[117.584,38.81159],[117.54355,38.62132],[117.56597,38.61251],[117.71608,38.37851],[117.80389,38.29402],[117.9417,38.23395],[117.97754,38.19484],[118.0072,38.19701],[118.05373,38.17325],[118.06521,38.14308],[118.21583,38.14496],[118.44893,38.10779],[118.54298,38.06834],[118.65487,38.1457],[118.76035,38.15513],[118.8401,38.15257],[118.95004,38.09726],[118.92482,38.05777],[118.95615,38.0336],[118.99659,37.96312],[119.0484,37.94798],[119.09249,37.91277],[119.11694,37.85327],[119.24308,37.76948],[119.2596,37.71585],[119.25566,37.67187],[119.21774,37.67525],[119.12014,37.73751],[119.06947,37.74063],[119.03713,37.72209],[118.96998,37.59345],[118.94459,37.37812],[118.96119,37.29564],[119.14552,37.17886],[119.28712,37.13727],[119.44117,37.12055],[119.52451,37.13906],[119.7706,37.15184],[119.89731,37.24942],[119.84628,37.34369],[119.8589,37.36018],[120.0,37.42192],[120.0,35.72818],[119.96998,35.73237],[119.93776,35.76114],[119.90821,35.74486],[119.90016,35.73627],[119.93564,35.70502],[119.90162,35.67154],[119.90846,35.63398],[119.8956,35.62031],[119.8602,35.60611],[119.84327,35.61579],[119.8401,35.6579],[119.81162,35.6479],[119.74391,35.57591],[119.74838,35.60932],[119.73251,35.62084],[119.64796,35.58393],[119.55152,35.38003],[119.50766,35.33234],[119.42392,35.31346],[119.358,35.09711],[119.21266,35.05801],[119.19288,35.00043],[119.20338,34.93163],[119.1887,34.85627],[119.20192,34.78498],[119.18873,34.73306],[119.20338,34.7119],[119.22934,34.75971],[119.31178,34.75507],[119.34669,34.78083],[119.46323,34.73237],[119.47275,34.69815],[119.45655,34.68456],[119.64772,34.53384],[119.70533,34.53116],[119.82618,34.4704],[119.93995,34.45791],[120.0,34.43163],[120.0,32.00872],[119.9122,32.12372],[119.92213,32.21743],[119.90048,32.19819],[119.87428,32.26512],[119.81837,32.31371],[119.75807,32.32697],[119.69239,32.31977],[119.64088,32.35883],[119.61288,32.35456],[119.66074,32.32722],[119.6854,32.29243],[119.64902,32.21955],[119.60605,32.19693],[119.64527,32.19522],[119.69044,32.23534],[119.78858,32.19864],[119.76376,32.1625],[119.77247,32.12678],[119.85556,32.08698],[120.0,31.95461],[120.0,26.79153],[119.92514,26.79218],[119.93564,26.75902],[119.88803,26.68724],[119.90162,26.65974],[119.85694,26.65351],[119.85377,26.68769],[119.82919,26.71499],[119.79176,26.68769],[119.80226,26.76679],[119.8401,26.79002],[119.79176,26.79002],[119.79737,26.81639],[119.84628,26.8522],[119.78199,26.82852],[119.7562,26.73774],[119.73024,26.74291],[119.71201,26.80793],[119.6858,26.812],[119.67799,26.76313],[119.72739,26.71792],[119.72495,26.69782],[119.64601,26.75332],[119.62656,26.74909],[119.62184,26.78677],[119.60605,26.79694],[119.57553,26.78803],[119.55209,26.74909],[119.5547,26.71483],[119.59596,26.70332],[119.60825,26.68354],[119.59986,26.64606],[119.54444,26.6625],[119.55421,26.61518],[119.59986,26.57038],[119.67506,26.6188],[119.7422,26.60863],[119.73642,26.59146],[119.78492,26.57783],[119.78492,26.55048],[119.7706,26.56411],[119.76588,26.53437],[119.7986,26.51577],[119.78492,26.50202],[119.81886,26.45319],[119.81227,26.43378],[119.79176,26.43378],[119.79176,26.41332],[119.76197,26.40746],[119.73764,26.44367],[119.68979,26.45946],[119.65366,26.49803],[119.62037,26.46796],[119.5713,26.46572],[119.57309,26.43781],[119.63087,26.44872],[119.64845,26.43744],[119.65553,26.35562],[119.68873,26.33759],[119.6819,26.31712],[119.74708,26.32762],[119.7544,26.37206],[119.7706,26.36494],[119.79176,26.40648],[119.82578,26.42695],[119.85133,26.39281],[119.8401,26.37857],[119.89479,26.35871],[119.94996,26.36494],[119.87745,26.31338],[119.85475,26.32754],[119.80112,26.31757],[119.78492,26.29662],[119.80543,26.29043],[119.79274,26.28408],[119.76442,26.29662],[119.65431,26.27241],[119.63412,26.25507],[119.66822,26.24201],[119.66822,26.2215],[119.60011,26.17634],[119.59986,26.14582],[119.56113,26.12499],[119.45851,25.98249],[119.43556,25.98135],[119.41505,26.00926],[119.32692,26.04804],[119.27711,26.05292],[119.21583,26.10008],[119.09352,26.14582],[119.15732,26.09077],[119.19516,26.08759],[119.24684,25.96723],[119.32984,25.94428],[119.37753,25.94139],[119.44093,25.96381],[119.49,25.99421],[119.51905,26.0445],[119.56642,26.05024],[119.64845,26.01545],[119.67506,26.02228],[119.6954,26.00263],[119.7024,25.98505],[119.67506,25.92609],[119.61647,25.89265],[119.59986,25.84418],[119.58408,25.87694],[119.57423,25.88491],[119.56642,25.87206],[119.62086,25.76032],[119.59645,25.73151],[119.58994,25.68716],[119.5726,25.67967],[119.53541,25.70588],[119.47706,25.67967],[119.44907,25.68716],[119.46705,25.61392],[119.48325,25.62568],[119.49244,25.56476],[119.51734,25.55679],[119.53443,25.57587],[119.55844,25.56379],[119.57944,25.58466],[119.56837,25.54743],[119.59311,25.52949],[119.56642,25.51582],[119.59986,25.50837],[119.5726,25.48786],[119.60361,25.49116],[119.59986,25.47484],[119.62802,25.46137],[119.61402,25.43879],[119.63412,25.43325],[119.64601,25.39256],[119.62037,25.36498],[119.65455,25.35814],[119.57944,25.34447],[119.59986,25.37116],[119.57602,25.46735],[119.53858,25.46117],[119.53598,25.41914],[119.5582,25.40461],[119.54444,25.37718],[119.48325,25.37116],[119.50734,25.47443],[119.46616,25.47484],[119.44703,25.43879],[119.43312,25.45954],[119.44907,25.50528],[119.35654,25.52692],[119.38087,25.59089],[119.36036,25.5773],[119.34303,25.6092],[119.30519,25.60456],[119.32138,25.58735],[119.27784,25.57046],[119.2378,25.48176],[119.10255,25.42032],[119.17319,25.32514],[119.20338,25.35814],[119.22316,25.3166],[119.18149,25.28925],[119.20126,25.25971],[119.22584,25.27969],[119.24301,25.33023],[119.26515,25.31757],[119.27784,25.33023],[119.31886,25.27936],[119.3475,25.26777],[119.34425,25.24238],[119.28126,25.24144],[119.27247,25.23176],[119.28883,25.18911],[119.25563,25.1759],[119.22938,25.19322],[119.17563,25.1765],[119.14198,25.22098],[119.1161,25.21378],[119.10418,25.18295],[119.1338,25.13841],[119.15309,25.13972],[119.1338,25.12474],[119.09327,25.13565],[119.08546,25.12474],[119.09913,25.11115],[119.06479,25.12474],[119.07919,25.15209],[119.06471,25.16254],[119.04444,25.12474],[119.02906,25.14053],[119.06886,25.21674],[118.96933,25.22639],[118.97999,25.24486],[119.02495,25.25929],[119.0273,25.27824],[118.98365,25.28303],[118.87558,25.24384],[118.86484,25.22797],[118.91114,25.21723],[118.91529,25.17939],[118.94825,25.19717],[118.97462,25.18256],[118.94296,25.10883],[118.85768,25.09805],[118.84913,25.0738],[118.87794,25.04072],[118.9537,25.003],[118.97999,25.01179],[119.00416,25.05024],[118.98325,24.9951],[118.99732,24.95344],[119.01767,24.96027],[118.97706,24.93403],[118.96372,24.95441],[118.91163,24.95344],[118.90992,24.90717],[118.93417,24.88605],[118.97324,24.89378],[118.97617,24.87775],[118.952,24.87075],[118.79208,24.8911],[118.7776,24.8852],[118.78012,24.86782],[118.71608,24.84357],[118.69809,24.85952],[118.7295,24.90054],[118.69557,24.94042],[118.68881,24.89574],[118.66774,24.95344],[118.64039,24.9156],[118.67115,24.87466],[118.62412,24.86782],[118.57203,24.8852],[118.6128,24.85578],[118.63795,24.77212],[118.70175,24.81004],[118.71998,24.76936],[118.76295,24.76268],[118.74684,24.72069],[118.6854,24.66649],[118.65406,24.69343],[118.6421,24.6787],[118.63356,24.62788],[118.66415,24.61225],[118.66147,24.59032],[118.62045,24.54548],[118.55397,24.51805],[118.55445,24.55321],[118.57814,24.56021],[118.50123,24.60814],[118.42807,24.63133],[118.43124,24.69969],[118.40089,24.67231],[118.42189,24.6245],[118.4048,24.60664],[118.35165,24.58234],[118.28403,24.5978],[118.27296,24.57441],[118.24985,24.57612],[118.24179,24.54377],[118.219,24.54145],[118.18116,24.57612],[118.18165,24.5978],[118.21518,24.61481],[118.17433,24.6245],[118.18759,24.65738],[118.16049,24.69343],[118.15748,24.66266],[118.14145,24.65697],[118.11036,24.58405],[118.04444,24.61766],[118.03736,24.56061],[118.00294,24.56244],[118.00929,24.58072],[117.97486,24.55272],[118.05812,24.51586],[117.99952,24.47085],[118.02174,24.44575],[117.86769,24.48957],[117.82594,24.48046],[117.90113,24.45319],[117.79127,24.46748],[117.90732,24.38491],[118.04298,24.40668],[118.04078,24.36563],[118.01588,24.32685],[118.05299,24.34691],[118.09059,24.34146],[118.12648,24.26203],[118.07179,24.25458],[117.98927,24.1931],[117.97877,24.1621],[117.96786,24.15982],[117.94361,24.21259],[117.90732,24.18626],[117.93776,24.16169],[117.89576,24.08662],[117.89365,24.02802],[117.83912,24.02363],[117.77198,23.95893],[117.74806,23.90754],[117.72926,23.91938],[117.73788,23.95051],[117.79811,24.0218],[117.76173,24.01484],[117.77613,24.0373],[117.76328,24.07026],[117.75001,24.0373],[117.72413,24.03376],[117.66708,24.06273],[117.6797,24.03905],[117.70875,24.03547],[117.68849,23.9975],[117.69508,23.95356],[117.64863,23.90923],[117.62554,23.84015],[117.63927,23.7941],[117.59167,23.73706],[117.59816,23.85244],[117.57106,23.90327],[117.45484,23.9256],[117.4166,23.94684],[117.40968,23.9134],[117.46852,23.91193],[117.4996,23.87407],[117.49007,23.83258],[117.46348,23.78829],[117.43433,23.77592],[117.38242,23.79523],[117.3191,23.76162],[117.29257,23.7895],[117.27735,23.78221],[117.29233,23.76215],[117.26365,23.65542],[117.27912,23.63627],[117.25709,23.61562],[117.23896,23.60547],[117.24409,23.65755],[117.2295,23.69282],[117.20851,23.66494],[117.2192,23.62963],[117.15083,23.60687],[117.12846,23.57235],[117.08423,23.55061],[117.06841,23.65127],[117.02345,23.65868],[116.9507,23.61088],[116.91757,23.63793],[116.94093,23.65868],[116.91652,23.66275],[116.87208,23.60688],[116.88331,23.55964],[116.8497,23.5113],[116.87262,23.47381],[116.86663,23.45023],[116.77322,23.34943],[116.65784,23.35445],[116.56894,23.39102],[116.54322,23.42121],[116.5232,23.41852],[116.5232,23.37751],[116.57301,23.32368],[116.64189,23.31884],[116.69124,23.33898],[116.70941,23.31977],[116.74864,23.32629],[116.77711,23.24038],[116.80482,23.23612],[116.78395,23.21239],[116.70558,23.2766],[116.66725,23.28132],[116.7151,23.2438],[116.67117,23.21464],[116.64676,23.16299],[116.61522,23.17835],[116.61151,23.23873],[116.56998,23.24697],[116.50888,23.23412],[116.52699,23.20062],[116.56398,23.22297],[116.6045,23.20956],[116.54512,23.14478],[116.53365,23.10914],[116.55166,23.08672],[116.56325,23.01877],[116.52194,22.99841],[116.49469,22.93935],[116.45851,22.94742],[116.37961,22.92898],[116.28906,22.97894],[116.21363,22.98282],[116.20102,22.97346],[116.28146,22.95786],[116.14491,22.84782],[116.09569,22.8259],[116.09125,22.86841],[116.12372,22.89473],[116.0421,22.93292],[116.08725,22.88969],[116.07618,22.86787],[115.95801,22.80474],[115.8835,22.79462],[115.81003,22.74609],[115.78804,22.79784],[115.81357,22.77627],[115.80478,22.81509],[115.73687,22.85167],[115.69704,22.85067],[115.70358,22.86932],[115.68427,22.87778],[115.69264,22.90009],[115.72128,22.90453],[115.73032,22.93423],[115.69199,22.92902],[115.65333,22.89374],[115.57789,22.87726],[115.56056,22.84931],[115.53297,22.86205],[115.54762,22.89541],[115.50563,22.89777],[115.45094,22.93187],[115.43019,22.9182],[115.40602,22.92504],[115.42726,22.90062],[115.4642,22.91201],[115.483,22.90184],[115.49415,22.86078],[115.46803,22.84931],[115.55942,22.83609],[115.61207,22.86359],[115.52702,22.76704],[115.52394,22.74177],[115.55559,22.71437],[115.56732,22.74728],[115.5901,22.73721],[115.56251,22.70563],[115.57522,22.66834],[115.53616,22.66812],[115.46482,22.70103],[115.37351,22.69418],[115.33847,22.7331],[115.42413,22.76199],[115.41121,22.78827],[115.36399,22.76364],[115.33057,22.78854],[115.23339,22.78821],[115.23277,22.80534],[115.32016,22.85053],[115.31715,22.90453],[115.3038,22.90302],[115.24562,22.83535],[115.17294,22.82119],[115.18027,22.78481],[115.13288,22.81145],[115.06548,22.79598],[115.01783,22.73704],[115.0289,22.70838],[114.98534,22.68931],[114.95467,22.70354],[114.94166,22.75385],[114.92677,22.76118],[114.91676,22.74404],[114.86252,22.76322],[114.88187,22.74752],[114.88074,22.72147],[114.92673,22.71693],[114.96663,22.67649],[114.90194,22.59806],[114.91912,22.56116],[114.89597,22.54752],[114.88022,22.55911],[114.88682,22.59087],[114.86582,22.60174],[114.75414,22.58971],[114.74378,22.6094],[114.73745,22.66905],[114.75378,22.69338],[114.74195,22.73265],[114.82125,22.79056],[114.77524,22.81582],[114.75489,22.78168],[114.69548,22.79264],[114.63779,22.75507],[114.56332,22.73273],[114.5711,22.70235],[114.52206,22.70596],[114.50661,22.64652],[114.58253,22.65526],[114.59034,22.64387],[114.49537,22.56196],[114.50929,22.54955],[114.54322,22.5694],[114.61769,22.51415],[114.51582,22.45264],[114.48512,22.46833],[114.47958,22.54621],[114.39576,22.61351],[114.31715,22.60236],[114.30714,22.58544],[114.27622,22.58796],[114.22983,22.55581],[114.16195,22.56054],[114.14872,22.53811],[114.09146,22.53439],[114.05527,22.50694],[113.9638,22.53811],[113.94776,22.49041],[113.91033,22.48583],[113.89034,22.45271],[113.86616,22.51149],[113.89389,22.52114],[113.82236,22.58723],[113.79357,22.66161],[113.77293,22.67245],[113.75807,22.7534],[113.71217,22.76333],[113.67237,22.74689],[113.65358,22.75873],[113.66261,22.79808],[113.6172,22.89029],[113.6172,22.83625],[113.60556,22.84724],[113.61036,22.90453],[113.5923,22.88906],[113.63819,23.0349],[113.61671,23.00788],[113.59669,22.9182],[113.6172,23.0349],[113.57618,22.93871],[113.58302,23.02123],[113.55397,22.98762],[113.52882,23.01081],[113.53639,23.06314],[113.58212,23.09846],[113.72022,23.13793],[113.83009,23.1175],[113.70314,23.15778],[113.542,23.08641],[113.50912,23.06216],[113.41749,23.09699],[113.39869,23.08332],[113.48121,23.0515],[113.50231,23.02042],[113.48398,22.92426],[113.42994,22.93134],[113.30763,22.89411],[113.21298,22.90453],[113.29225,22.87726],[113.35043,22.88972],[113.44003,22.80414],[113.49423,22.77485],[113.43954,22.73945],[113.37753,22.7674],[113.46632,22.7165],[113.59917,22.57518],[113.59474,22.52339],[113.54636,22.43758],[113.55812,22.38076],[113.61036,22.37018],[113.57358,22.30073],[113.58766,22.23788],[113.52296,22.21304],[113.52988,22.20226],[113.48374,22.15514],[113.42563,22.18622],[113.41188,22.22553],[113.36451,22.26777],[113.35703,22.30191],[113.27638,22.37206],[113.23194,22.47907],[113.16529,22.57559],[113.16017,22.48762],[113.22731,22.42528],[113.40197,22.17957],[113.30274,22.1833],[113.25099,22.11567],[113.24716,22.05427],[113.15747,22.0247],[113.11886,22.06584],[113.11061,22.09919],[113.12745,22.16096],[113.11061,22.21931],[113.08505,22.20759],[113.07729,22.14727],[113.05789,22.12109],[113.02661,22.14321],[113.02064,22.12598],[113.02562,21.94942],[112.98935,21.93732],[112.95708,21.87565],[112.91159,21.85629],[112.8794,21.87519],[112.85157,21.94831],[112.82602,21.96613],[112.74374,21.93195],[112.73048,21.89033],[112.70045,21.89033],[112.64511,21.84935],[112.64755,21.82266],[112.608,21.77509],[112.55087,21.77285],[112.42604,21.84516],[112.41114,21.90119],[112.49366,21.96613],[112.43629,21.94562],[112.39064,21.95551],[112.37631,21.98656],[112.39747,22.06851],[112.36484,22.03449],[112.35654,21.97972],[112.39064,21.90119],[112.40211,21.80142],[112.38795,21.75609],[112.36329,21.73334],[112.28622,21.70881],[112.24488,21.70653],[112.18238,21.753],[112.20314,21.80671],[112.19264,21.84317],[112.1727,21.81444],[112.02817,21.79735],[112.00709,21.81867],[112.04127,21.88418],[111.96925,21.82404],[111.93409,21.89045],[111.89039,21.92512],[111.90406,21.81525],[111.94638,21.78588],[112.00026,21.77432],[111.86793,21.6767],[111.83888,21.67813],[111.85377,21.70742],[111.87672,21.69855],[111.86061,21.7215],[111.83619,21.71699],[111.83505,21.76683],[111.8069,21.74331],[111.78793,21.76],[111.7579,21.75332],[111.67807,21.78116],[111.76059,21.72582],[111.77963,21.67544],[111.77369,21.65013],[111.74692,21.64395],[111.78793,21.61603],[111.7129,21.62344],[111.63046,21.52985],[111.58188,21.58186],[111.59555,21.53408],[111.53785,21.52045],[111.52101,21.53408],[111.47608,21.51362],[111.47267,21.55459],[111.4441,21.56362],[111.43222,21.60297],[111.41114,21.56826],[111.438,21.53408],[111.3628,21.5412],[111.3497,21.52668],[111.40431,21.52668],[111.26734,21.43936],[111.25294,21.44473],[111.30128,21.49934],[111.19239,21.5312],[111.15797,21.51362],[111.17164,21.49934],[111.22633,21.49934],[111.14365,21.46581],[111.08839,21.47264],[111.12998,21.49934],[111.08839,21.49311],[111.0276,21.54092],[110.98593,21.51362],[111.01393,21.48566],[110.97975,21.44473],[111.00815,21.4499],[111.04225,21.48456],[111.06861,21.47264],[111.04371,21.46939],[110.99293,21.42487],[110.96591,21.43285],[110.86988,21.38325],[110.76816,21.39753],[110.70484,21.34854],[110.65089,21.2604],[110.6548,21.3146],[110.67758,21.34854],[110.64332,21.32184],[110.63648,21.37027],[110.75538,21.4134],[110.76002,21.44473],[110.63559,21.38105],[110.61573,21.30122],[110.64332,21.25292],[110.63648,21.23017],[110.57521,21.24673],[110.58872,21.22557],[110.48146,21.21719],[110.43116,21.19147],[110.42579,21.26923],[110.43735,21.27338],[110.42433,21.28766],[110.47885,21.27338],[110.48634,21.30134],[110.44484,21.30756],[110.48634,21.33552],[110.46534,21.32868],[110.46534,21.34854],[110.43393,21.30878],[110.42392,21.34162],[110.43735,21.39753],[110.41953,21.37743],[110.40097,21.38703],[110.36899,21.42487],[110.3895,21.45214],[110.35849,21.43574],[110.39438,21.364],[110.3895,21.32868],[110.32814,21.33552],[110.3567,21.31916],[110.3628,21.28766],[110.40821,21.23802],[110.39942,21.17658],[110.33375,21.11636],[110.2693,21.08918],[110.21884,21.02757],[110.2046,21.08222],[110.19557,21.07128],[110.15675,20.98603],[110.14308,20.99226],[110.1548,20.97728],[110.14926,20.92398],[110.17726,20.86249],[110.15675,20.87678],[110.15675,20.84886],[110.1915,20.84886],[110.1915,20.83584],[110.28712,20.84203],[110.31967,20.85993],[110.3611,20.83588],[110.36899,20.84886],[110.40943,20.75096],[110.38356,20.71345],[110.35646,20.73233],[110.34181,20.82152],[110.3213,20.79426],[110.33212,20.76789],[110.30763,20.75324],[110.30763,20.73896],[110.33749,20.72582],[110.30079,20.65705],[110.32814,20.67756],[110.31446,20.63654],[110.3628,20.64338],[110.3628,20.6223],[110.38063,20.63378],[110.40854,20.58592],[110.47885,20.56769],[110.53419,20.47826],[110.50229,20.41275],[110.47535,20.39765],[110.40683,20.30516],[110.36207,20.30488],[110.34433,20.27924],[110.28028,20.253],[110.23715,20.27497],[110.12753,20.24799],[110.03785,20.3017],[110.00595,20.28034],[109.96583,20.28095],[109.91725,20.23932],[109.92872,20.32636],[109.91725,20.35228],[109.87412,20.37629],[109.8899,20.38272],[109.8628,20.40632],[109.90358,20.4311],[109.98243,20.35155],[110.01547,20.4184],[110.00978,20.43423],[109.96494,20.47826],[109.9581,20.45161],[109.94361,20.46068],[109.93092,20.50625],[109.91725,20.44477],[109.89609,20.49258],[109.82211,20.51655],[109.84824,20.59565],[109.82106,20.55463],[109.80201,20.61628],[109.74586,20.62979],[109.75156,20.67373],[109.80592,20.67951],[109.82773,20.69798],[109.8414,20.68439],[109.86044,20.71548],[109.78688,20.69115],[109.75644,20.7497],[109.7732,20.76691],[109.75815,20.79279],[109.7732,20.81411],[109.75204,20.84203],[109.75953,20.85505],[109.74537,20.86766],[109.73154,20.85505],[109.73902,20.80785],[109.70436,20.84203],[109.71786,20.80785],[109.66562,20.88093],[109.66122,20.92756],[109.69125,20.95873],[109.67897,20.97386],[109.69752,21.0406],[109.71168,21.03384],[109.69996,21.08299],[109.67018,21.12324],[109.70436,21.17845],[109.75204,21.16413],[109.74667,21.17967],[109.7732,21.2154],[109.76572,21.35594],[109.78688,21.32868],[109.80738,21.35594],[109.92408,21.36278],[109.9048,21.39069],[109.95126,21.4584],[109.92457,21.46503],[109.94443,21.49311],[109.85898,21.48282],[109.8414,21.50678],[109.81422,21.4584],[109.80055,21.55459],[109.77011,21.55158],[109.7732,21.58186],[109.74806,21.57494],[109.74781,21.54523],[109.7732,21.48566],[109.75953,21.49311],[109.74147,21.47403],[109.64967,21.52045],[109.67701,21.5751],[109.67701,21.62344],[109.63722,21.60163],[109.62526,21.5854],[109.636,21.56826],[109.608,21.5751],[109.61549,21.65013],[109.5853,21.63084],[109.56088,21.67129],[109.5608,21.70726],[109.59449,21.7464],[109.56772,21.76],[109.49269,21.69855],[109.5062,21.68496],[109.49269,21.67813],[109.51987,21.68496],[109.52101,21.66576],[109.46469,21.66446],[109.52988,21.63569],[109.57276,21.58173],[109.56088,21.52668],[109.53077,21.49164],[109.47218,21.46581],[109.47218,21.49934],[109.42441,21.45238],[109.34376,21.45352],[109.32081,21.48013],[109.29892,21.44326],[109.24496,21.43163],[109.23878,21.48566],[109.21461,21.41743],[109.17197,21.41755],[109.14942,21.43854],[109.15626,21.40375],[109.13868,21.4016],[109.03981,21.45026],[109.06007,21.48013],[109.13282,21.49592],[109.14259,21.5102],[109.13575,21.60297],[109.12436,21.59097],[109.10108,21.6092],[109.07765,21.59699],[109.06674,21.61603],[109.0464,21.60297],[109.06674,21.64395],[108.99244,21.6092],[108.92799,21.61506],[108.89747,21.67129],[108.85524,21.68496],[108.86948,21.70539],[108.86549,21.73973],[108.92408,21.76683],[108.89747,21.76],[108.90309,21.77432],[108.86948,21.75381],[108.87574,21.80097],[108.85524,21.78116],[108.84986,21.79169],[108.86142,21.81525],[108.80136,21.81834],[108.77955,21.81525],[108.82106,21.80097],[108.81422,21.78116],[108.83261,21.78384],[108.84352,21.74502],[108.81666,21.71638],[108.80592,21.75845],[108.79306,21.75381],[108.7999,21.73334],[108.78688,21.74018],[108.77955,21.72582],[108.7999,21.72582],[108.79306,21.71284],[108.83432,21.68574],[108.82106,21.64395],[108.86142,21.64395],[108.84995,21.62596],[108.78736,21.64142],[108.73854,21.61603],[108.74537,21.60297],[108.73349,21.61274],[108.72755,21.64476],[108.71119,21.65013],[108.73316,21.66242],[108.75156,21.65013],[108.75156,21.69172],[108.73854,21.67129],[108.71266,21.68842],[108.72486,21.7464],[108.6832,21.70539],[108.64918,21.73334],[108.6832,21.74018],[108.64633,21.75137],[108.67701,21.81525],[108.65602,21.79483],[108.64234,21.82209],[108.63551,21.77432],[108.615,21.78791],[108.62867,21.7464],[108.59449,21.74018],[108.60751,21.78791],[108.58058,21.78132],[108.57138,21.81281],[108.6006,21.83063],[108.63551,21.89033],[108.59449,21.91767],[108.58766,21.89785],[108.56031,21.89549],[108.55299,21.91767],[108.57382,21.93545],[108.57333,21.95181],[108.56715,21.93879],[108.55299,21.95181],[108.52564,21.90461],[108.50514,21.91083],[108.51881,21.89033],[108.48487,21.8771],[108.49147,21.85627],[108.46314,21.86298],[108.47779,21.94501],[108.45802,21.91767],[108.44874,21.86579],[108.48463,21.82209],[108.47096,21.82209],[108.47779,21.80781],[108.49708,21.80903],[108.50514,21.78791],[108.49147,21.74018],[108.46347,21.74018],[108.50514,21.71906],[108.47779,21.69855],[108.50514,21.69172],[108.50514,21.67129],[108.52011,21.71263],[108.53305,21.71906],[108.51881,21.67129],[108.55299,21.69855],[108.56544,21.67853],[108.54518,21.66608],[108.54689,21.64305],[108.51197,21.64395],[108.53305,21.63032],[108.51197,21.6092],[108.51881,21.59553],[108.48121,21.58186],[108.48911,21.60761],[108.50514,21.60297],[108.49147,21.62344],[108.46347,21.59553],[108.4712,21.5812],[108.45802,21.56826],[108.47096,21.562],[108.42001,21.55687],[108.38966,21.5751],[108.39064,21.59536],[108.40675,21.60025],[108.4319,21.58324],[108.4437,21.62344],[108.42758,21.61668],[108.41635,21.63032],[108.47096,21.67129],[108.40968,21.66446],[108.42384,21.69855],[108.386,21.67292],[108.33766,21.69746],[108.34132,21.72582],[108.31137,21.68171],[108.32765,21.63032],[108.30649,21.63032],[108.31398,21.61603],[108.29347,21.5893],[108.31398,21.58186],[108.28378,21.54474],[108.21103,21.50064],[108.25278,21.58853],[108.22682,21.62556],[108.23829,21.64395],[108.2103,21.63032],[108.20606,21.64256],[108.2103,21.60297],[108.17636,21.57575],[108.13526,21.58186],[108.12827,21.56273],[108.11476,21.5751],[108.1058,21.55907],[108.06625,21.562],[108.07106,21.53657],[108.0171,21.55524],[107.99122,21.54841],[108.03956,21.52045],[108.01124,21.50654],[108.02223,21.48566],[108.06105,21.49616],[108.08058,21.48566],[108.01661,21.47036],[107.97071,21.43163],[107.96534,21.44733],[107.99122,21.48566],[107.81164,21.64783],[107.74482,21.65754],[107.67186,21.61765],[107.53305,21.60866],[107.50132,21.58153],[107.46102,21.59636],[107.45704,21.6315],[107.42603,21.65206],[107.34816,21.59936],[107.27266,21.71831],[107.21214,21.70524],[107.17235,21.71506],[107.06585,21.79583],[107.0029,21.81056],[106.98714,21.84482],[107.02115,21.89226],[107.00936,21.92745],[106.97123,21.93582],[106.92038,21.91696],[106.86477,21.96807],[106.78152,21.97504],[106.72876,22.00832],[106.6746,21.96218],[106.65311,21.96889],[106.67218,22.0925],[106.63967,22.1909],[106.66293,22.2233],[106.63378,22.30944],[106.5418,22.3451],[106.52691,22.43827],[106.57714,22.59531],[106.60763,22.60999],[106.64634,22.5688],[106.68019,22.57945],[106.74664,22.74435],[106.7915,22.77212],[106.78984,22.79719],[106.73036,22.79763],[106.66747,22.86752],[106.61037,22.85287],[106.58169,22.89527],[106.48779,22.92542],[106.45798,22.88897],[106.31566,22.8538],[106.2554,22.85465],[106.22709,22.87556],[106.20238,22.947],[106.1321,22.97501],[105.99924,22.97537],[105.96121,22.9324],[105.876,22.92827],[105.85388,22.90465],[105.75471,23.00568],[105.69032,23.04397],[105.55157,23.05968],[105.52827,23.15551],[105.47385,23.1945],[105.4259,23.27321],[105.38952,23.27543],[105.34404,23.30419],[105.31216,23.36581],[105.24554,23.33018],[105.2009,23.25401],[105.15563,23.26685],[105.06106,23.23246],[104.93507,23.15427],[104.89476,23.17034],[104.87006,23.16355],[104.86128,23.1196],[104.79792,23.08557],[104.82361,22.92413],[104.7742,22.89623],[104.70077,22.81825],[104.60982,22.823],[104.58843,22.80685],[104.55354,22.83605],[104.449,22.74518],[104.34017,22.68637],[104.23682,22.74208],[104.22876,22.78344],[104.24116,22.8244],[104.08686,22.79156],[104.02381,22.71918],[103.98536,22.52715],[103.95952,22.5071],[103.83633,22.60276],[103.64693,22.79905],[103.59004,22.76802],[103.54715,22.70068],[103.55092,22.64079],[103.50364,22.58141],[103.44752,22.61826],[103.40431,22.6888],[103.40173,22.73784],[103.35708,22.77603],[103.30964,22.78794],[103.24489,22.6687],[103.14174,22.60704],[103.13002,22.57795],[103.142,22.5378],[103.04418,22.48648],[103.04506,22.44054],[103.02904,22.43016],[102.90259,22.47723],[102.83184,22.59971],[102.7519,22.62529],[102.69273,22.6705],[102.61248,22.69159],[102.58669,22.71608],[102.53579,22.69582],[102.51579,22.74518],[102.46778,22.76859],[102.42561,22.7453],[102.39497,22.68053],[102.35585,22.66994],[102.38432,22.62885],[102.25255,22.49548],[102.21803,22.41068],[102.16454,22.42551],[102.10734,22.39755],[102.08553,22.42912],[101.99499,22.44742],[101.89164,22.42969],[101.86792,22.37884],[101.8178,22.40633],[101.78488,22.47222],[101.75506,22.49553],[101.68912,22.47889],[101.65455,22.44612],[101.6437,22.36468],[101.6237,22.34665],[101.60122,22.27699],[101.55099,22.27668],[101.51575,22.24536],[101.56153,22.17612],[101.55543,22.09033],[101.6068,21.9676],[101.67367,21.93138],[101.75108,21.81614],[101.72855,21.71754],[101.7548,21.68979],[101.75594,21.64865],[101.80384,21.62592],[101.80617,21.60597],[101.79356,21.58824],[101.7362,21.57088],[101.74824,21.5145],[101.72969,21.47425],[101.71511,21.32113],[101.73651,21.29229],[101.81227,21.25814],[101.82281,21.22413],[101.80524,21.2045],[101.76007,21.19597],[101.76674,21.15065],[101.7179,21.13447],[101.68829,21.14584],[101.65512,21.1892],[101.58179,21.17566],[101.58396,21.22439],[101.51761,21.24263],[101.38149,21.22248],[101.2753,21.17411],[101.209,21.24553],[101.22036,21.29627],[101.20744,21.31482],[101.23478,21.36366],[101.17143,21.4034],[101.18657,21.53533],[101.15422,21.56804],[101.17386,21.61191],[101.16145,21.65837],[101.12766,21.69516],[101.11887,21.75981],[101.06869,21.76203],[100.99278,21.71144],[100.83491,21.65754],[100.70396,21.51641],[100.62174,21.46908],[100.45669,21.45502],[100.39912,21.51889],[100.34197,21.53037],[100.28952,21.48313],[100.18714,21.42789],[100.1625,21.43637],[100.08999,21.52892],[100.09485,21.59884],[100.14374,21.64002],[100.14281,21.65491],[100.08234,21.68447],[99.99672,21.68612],[99.95026,21.72116],[99.91796,21.82916],[99.96566,21.963],[99.93434,22.01886],[99.94241,22.04553],[99.84784,22.05504],[99.84174,22.02708],[99.82102,22.01778],[99.72366,22.07059],[99.68387,22.03902],[99.63354,22.08475],[99.53897,22.10671],[99.49039,22.10434],[99.43861,22.12423],[99.36492,22.09886],[99.25289,22.10279],[99.16638,22.13209],[99.14447,22.15353],[99.17506,22.16867],[99.15935,22.18469],[99.24369,22.34122],[99.24307,22.39316],[99.28276,22.41192],[99.35779,22.49548],[99.34415,22.53325],[99.355,22.60854],[99.30797,22.74518],[99.35903,22.77489],[99.41443,22.8569],[99.41339,22.93075],[99.5153,22.90881],[99.53804,22.92643],[99.49039,23.01201],[99.49308,23.05738],[99.40326,23.06834],[99.33381,23.12962],[99.21661,23.05738],[99.19418,23.09578],[99.05507,23.1096],[99.02644,23.16045],[98.85901,23.17939],[98.86015,23.21228],[98.91069,23.2976],[98.89653,23.32328],[98.85343,23.32488],[98.89012,23.3679],[98.8896,23.40679],[98.86397,23.4666],[98.84888,23.4804],[98.8,23.48074],[98.78087,23.53285],[98.85601,23.61001],[98.8003,23.69272],[98.79317,23.75847],[98.66367,23.79695],[98.67452,23.93689],[98.65882,23.96112],[98.85622,24.0838],[98.87348,24.1145],[98.86573,24.14568],[98.71618,24.12134],[98.58523,24.07572],[98.50327,24.12127],[98.43495,24.13026],[98.33067,24.09949],[98.18153,24.11866],[98.10505,24.10153],[97.88997,24.02262],[97.81783,23.95815],[97.76781,23.94647],[97.62467,23.84671],[97.60989,23.88314],[97.51646,23.94283],[97.72006,24.14744],[97.70156,24.21093],[97.72409,24.24152],[97.71841,24.27767],[97.64451,24.30239],[97.6382,24.3281],[97.68957,24.34647],[97.6473,24.43233],[97.51325,24.43859],[97.53857,24.59726],[97.53278,24.72332],[97.53609,24.74503],[97.66394,24.82978],[97.76523,24.83466],[97.77298,24.85469],[97.70828,24.92729],[97.6996,25.06501],[97.75406,25.11356],[97.80099,25.23763],[97.82362,25.26161],[97.86031,25.24409],[97.88894,25.20565],[97.90992,25.20756],[97.97627,25.27226],[98.0449,25.31194],[98.0757,25.37608],[98.11208,25.39623],[98.09978,25.50005],[98.1342,25.53462],[98.14009,25.61146],[98.23238,25.58655],[98.27662,25.55245],[98.31207,25.55746],[98.3471,25.57782],[98.41873,25.72422],[98.4981,25.83072],[98.52683,25.83879],[98.61003,25.8006],[98.69023,25.86555],[98.68982,25.8916],[98.62533,25.96999],[98.58244,25.98229],[98.54554,26.10564],[98.56301,26.13122],[98.61933,26.14574],[98.6243,26.10848],[98.64445,26.09789],[98.68083,26.12497],[98.70553,26.17494],[98.677,26.23933],[98.64218,26.25452],[98.65778,26.31162],[98.71349,26.38945],[98.72114,26.5389],[98.75555,26.62504],[98.73199,26.71351],[98.75038,26.79201],[98.71452,26.86203],[98.73633,26.89826],[98.71266,26.99515],[98.73778,27.04869],[98.73137,27.06879],[98.69137,27.0924],[98.67256,27.1756],[98.7077,27.33725],[98.67442,27.3866],[98.67421,27.58612],[98.64724,27.61173],[98.57841,27.59173],[98.52218,27.6563],[98.49231,27.64343],[98.41025,27.68425],[98.38328,27.55579],[98.36395,27.53217],[98.3286,27.52287],[98.2947,27.53662],[98.2544,27.64813],[98.20437,27.7273],[98.19662,27.82319],[98.14009,27.87856],[98.17667,27.89812],[98.17729,27.91292],[98.10712,27.97307],[98.12696,28.12428],[98.04862,28.19962],[97.99105,28.21402],[97.99291,28.26892],[97.94475,28.29884],[97.89752,28.35532],[97.85907,28.37013],[97.79726,28.34393],[97.76533,28.35243],[97.6996,28.48803],[97.67045,28.51128],[97.61361,28.48198],[97.54622,28.53847],[97.52772,28.52953],[97.44535,28.38297],[97.44783,28.2976],[97.38437,28.28484],[97.36959,28.25347],[97.3235,28.21748]]],[[[119.95997,26.61127],[119.93564,26.56045],[119.88429,26.52318],[119.8357,26.5314],[119.85377,26.59829],[119.98414,26.65351],[119.97682,26.67402],[120.0,26.70719],[120.0,26.61127],[119.95997,26.61127]]],[[[110.9944,19.69428],[111.03468,19.64224],[110.96583,19.63597],[110.87648,19.53978],[110.84278,19.53994],[110.82179,19.56778],[110.82569,19.60326],[110.86264,19.60871],[110.84767,19.62246],[110.80633,19.61274],[110.79444,19.60126],[110.82179,19.5541],[110.79624,19.4846],[110.76026,19.45791],[110.75758,19.43089],[110.69825,19.41694],[110.66969,19.38174],[110.67791,19.33438],[110.64137,19.31244],[110.62159,19.23066],[110.58033,19.15518],[110.5101,19.15005],[110.47918,19.16926],[110.50734,19.13223],[110.54624,19.13988],[110.55494,19.08735],[110.58229,19.15005],[110.56324,19.05565],[110.51808,18.99348],[110.51336,18.9064],[110.46559,18.8819],[110.45875,18.84833],[110.43149,18.82148],[110.44508,18.80366],[110.49285,18.79312],[110.50343,18.8819],[110.53443,18.78563],[110.469,18.77717],[110.42457,18.70376],[110.42677,18.68089],[110.40349,18.66279],[110.33522,18.67333],[110.4109,18.69013],[110.40349,18.70376],[110.30787,18.66279],[110.27084,18.66816],[110.1211,18.55581],[110.08814,18.50434],[110.03419,18.51195],[110.08253,18.47777],[110.06821,18.40892],[110.04461,18.44013],[110.05258,18.3902],[110.04029,18.38227],[109.9686,18.38984],[109.9686,18.4055],[110.01368,18.40892],[110.02052,18.45051],[110.0062,18.42939],[109.99252,18.44306],[109.96518,18.41633],[109.89828,18.41425],[109.83546,18.38227],[109.79566,18.40518],[109.7461,18.3959],[109.73178,18.27302],[109.7046,18.29222],[109.67042,18.27302],[109.73927,18.25873],[109.70875,18.20722],[109.69068,18.20917],[109.67726,18.24506],[109.60613,18.20889],[109.61573,18.17617],[109.56121,18.16934],[109.56804,18.19318],[109.54762,18.22085],[109.56625,18.24299],[109.56121,18.25873],[109.52955,18.22769],[109.53395,18.21035],[109.51075,18.21361],[109.47869,18.19269],[109.46502,18.20409],[109.50961,18.23078],[109.50652,18.25275],[109.49293,18.24506],[109.43995,18.28897],[109.21811,18.30565],[109.16261,18.28783],[109.12916,18.34748],[109.136,18.36115],[108.9909,18.36872],[108.79558,18.48656],[108.68491,18.5152],[108.67408,18.55484],[108.69093,18.60472],[108.69361,18.71987],[108.66814,18.78864],[108.62387,18.84919],[108.65626,18.944],[108.61524,19.10163],[108.6631,19.15624],[108.68344,19.15624],[108.66391,19.20962],[108.62208,19.21772],[108.63795,19.24897],[108.62696,19.27497],[108.64479,19.31037],[108.67726,19.32758],[108.66928,19.34374],[108.68653,19.37788],[108.76295,19.38898],[108.79029,19.42316],[108.8698,19.45791],[108.92449,19.50625],[108.94484,19.49201],[108.94077,19.51411],[109.00847,19.59707],[109.1565,19.64964],[109.19207,19.67845],[109.21119,19.7248],[109.25896,19.73164],[109.30738,19.71113],[109.27467,19.75723],[109.2942,19.75951],[109.28679,19.77318],[109.30738,19.78685],[109.2732,19.79365],[109.16334,19.7248],[109.16684,19.80549],[109.24871,19.86884],[109.25514,19.89834],[109.31137,19.9195],[109.3213,19.89204],[109.36883,19.88931],[109.41261,19.8614],[109.44361,19.87299],[109.46502,19.83405],[109.52703,19.86197],[109.58172,19.8557],[109.52019,19.88247],[109.51564,19.90522],[109.55746,19.9173],[109.53094,19.93012],[109.52703,19.95136],[109.59571,19.99315],[109.719,20.01065],[109.71811,19.95751],[109.73756,19.9781],[109.80763,19.95136],[109.81593,19.9912],[109.83513,19.97333],[109.83546,19.93085],[109.87037,19.95335],[109.88331,19.98485],[109.94264,19.99091],[109.9756,19.93228],[109.95151,19.93085],[109.99008,19.90595],[110.0062,19.91035],[109.9922,19.92536],[110.01466,19.94086],[110.01368,19.95751],[110.06821,19.97866],[110.10987,19.96499],[110.12273,19.97431],[110.14959,20.00658],[110.11549,19.98485],[110.06821,19.98485],[110.12973,20.01276],[110.15699,20.06737],[110.261,20.03315],[110.34474,20.05805],[110.37672,20.02644],[110.36818,20.0078],[110.39723,19.97866],[110.4109,19.92341],[110.41774,19.92341],[110.40943,19.98005],[110.38299,20.01276],[110.38299,20.08104],[110.42457,20.04751],[110.5276,20.02021],[110.52076,20.00658],[110.55055,19.98847],[110.57545,19.99917],[110.6058,19.92316],[110.62322,19.94074],[110.62322,19.97183],[110.60092,20.02106],[110.57081,20.03067],[110.56617,20.06952],[110.59311,20.10733],[110.65203,20.11701],[110.67791,20.16356],[110.71095,20.07518],[110.78834,20.0104],[110.86988,19.99702],[110.92066,20.01203],[110.93458,19.99506],[110.97706,19.86587],[110.9944,19.69428]]],[[[111.98951,21.65778],[112.00734,21.64395],[111.99985,21.62116],[111.90968,21.60053],[111.86329,21.56826],[111.80934,21.5655],[111.84205,21.60684],[111.8353,21.64395],[111.92823,21.66446],[111.94516,21.65013],[111.98951,21.65778]]],[[[112.65455,21.69847],[112.63795,21.66446],[112.6504,21.64045],[112.60719,21.61603],[112.55592,21.62344],[112.53492,21.59553],[112.5193,21.60668],[112.56788,21.66063],[112.55592,21.67813],[112.64536,21.71284],[112.65455,21.69847]]],[[[112.86256,21.76944],[112.86256,21.74559],[112.79754,21.70588],[112.81056,21.65762],[112.79347,21.60822],[112.81056,21.5893],[112.7649,21.58186],[112.73439,21.62873],[112.77442,21.69172],[112.71559,21.68024],[112.71168,21.70254],[112.7649,21.73176],[112.77752,21.77265],[112.86256,21.76944]]],[[[113.41261,22.076],[113.40577,22.00702],[113.30942,22.02412],[113.3436,22.06851],[113.38266,22.08959],[113.39894,22.06851],[113.41261,22.076]]],[[[113.36476,22.1579],[113.31365,22.0764],[113.28907,22.06851],[113.26881,22.08832],[113.27174,22.12002],[113.31495,22.154],[113.36476,22.1579]]],[[[113.60288,22.77245],[113.59457,22.75609],[113.55828,22.75788],[113.52858,22.80215],[113.52117,22.78791],[113.50611,22.79804],[113.4808,22.84931],[113.47316,22.82538],[113.4559,22.83076],[113.39617,22.8981],[113.43295,22.91201],[113.4756,22.9007],[113.52703,22.84662],[113.57301,22.83006],[113.60288,22.77245]]],[[[117.09033,23.46108],[117.12585,23.48269],[117.12257,23.46552],[117.14179,23.44965],[117.12878,23.39937],[116.94299,23.43006],[116.98219,23.45946],[117.01002,23.43895],[117.03758,23.4469],[117.063,23.47846],[117.09033,23.46108]]],[[[117.44778,23.74225],[117.52666,23.74011],[117.51619,23.71628],[117.48416,23.71079],[117.47984,23.66268],[117.44484,23.66494],[117.42115,23.64646],[117.41538,23.60822],[117.43156,23.58263],[117.32048,23.57402],[117.36912,23.62236],[117.39373,23.67918],[117.3405,23.68895],[117.37669,23.72886],[117.37273,23.76675],[117.41358,23.77167],[117.44778,23.74225]]],[[[119.25758,26.04755],[119.40122,25.99604],[119.39064,25.96699],[119.25758,26.00145],[119.20924,26.09858],[119.25758,26.04755]]],[[[119.90138,32.08246],[119.89031,32.07538],[119.85874,32.10155],[119.792,32.12177],[119.79103,32.16547],[119.81935,32.20376],[119.74985,32.22801],[119.71949,32.24958],[119.71616,32.27265],[119.75082,32.29312],[119.8143,32.27558],[119.90138,32.08246]]],[[[110.58961,20.95938],[110.62794,20.94864],[110.63038,20.92577],[110.5892,20.88349],[110.54754,20.91771],[110.58961,20.95938]]],[[[110.54558,21.05736],[110.51694,20.93765],[110.49301,20.97797],[110.44142,21.00584],[110.36305,21.00584],[110.26661,20.97264],[110.24586,20.98603],[110.26539,21.00434],[110.24586,21.02757],[110.28736,21.03384],[110.27312,21.0611],[110.30991,21.05292],[110.33522,21.06859],[110.30795,21.06086],[110.28736,21.07445],[110.34262,21.07465],[110.38982,21.09589],[110.41774,21.0406],[110.43214,21.05728],[110.52638,21.0821],[110.54558,21.05736]]],[[[110.61695,21.19892],[110.5652,21.11262],[110.54322,21.10497],[110.52068,21.1118],[110.47918,21.16413],[110.47918,21.15046],[110.46144,21.15107],[110.44532,21.16568],[110.45192,21.17845],[110.41774,21.18464],[110.46217,21.20515],[110.49985,21.20628],[110.46339,21.19074],[110.49293,21.1839],[110.54322,21.20417],[110.56861,21.19147],[110.55494,21.15672],[110.594,21.20279],[110.61695,21.19892]]],[[[118.09254,24.55622],[118.18141,24.5351],[118.1893,24.50308],[118.13648,24.42927],[118.09205,24.43846],[118.07,24.46027],[118.10304,24.47988],[118.10621,24.49413],[118.08229,24.48233],[118.07203,24.49787],[118.09254,24.55622]]],[[[119.83448,25.54914],[119.79884,25.51582],[119.84653,25.46117],[119.77198,25.45059],[119.75734,25.40493],[119.70387,25.42357],[119.69304,25.43765],[119.7116,25.48623],[119.67848,25.48233],[119.67774,25.50121],[119.76637,25.50625],[119.77833,25.52204],[119.71616,25.53632],[119.72706,25.59089],[119.70265,25.5773],[119.69272,25.59422],[119.71363,25.6306],[119.78175,25.65917],[119.78028,25.61742],[119.83286,25.59089],[119.8169,25.57982],[119.87452,25.55679],[119.84653,25.53632],[119.83448,25.54914]]],[[[109.09596,21.02204],[109.09986,21.0607],[109.12273,21.06542],[109.13624,21.05101],[109.1277,21.03217],[109.09596,21.02204]]],[[[110.47633,20.63158],[110.47584,20.59593],[110.45729,20.58686],[110.41765,20.65477],[110.43702,20.66791],[110.47633,20.63158]]],[[[113.28094,21.92284],[113.25847,21.88044],[113.22169,21.91413],[113.25766,21.9466],[113.28094,21.92284]]],[[[113.77175,22.00034],[113.76448,21.96682],[113.73628,21.99716],[113.77175,22.00034]]],[[[114.30535,22.05028],[114.22242,22.02167],[114.20672,22.02578],[114.30421,22.06928],[114.30535,22.05028]]],[[[113.46599,22.10151],[113.51889,22.12726],[113.54762,22.0926],[113.48471,22.07136],[113.46599,22.10151]]],[[[113.63488,22.43804],[113.65782,22.42375],[113.62119,22.39142],[113.61182,22.43047],[113.63488,22.43804]]],[[[113.5595,22.735],[113.5732,22.7007],[113.63569,22.65648],[113.64183,22.60162],[113.60261,22.61152],[113.47651,22.71951],[113.47654,22.73127],[113.5255,22.74487],[113.5595,22.735]]],[[[113.51538,22.96922],[113.5536,22.91128],[113.54501,22.87996],[113.50996,22.92122],[113.51538,22.96922]]],[[[117.00514,23.56293],[116.97096,23.51464],[116.93727,23.52627],[116.97438,23.55939],[117.00514,23.56293]]],[[[119.56105,25.20864],[119.54868,25.17243],[119.52898,25.16535],[119.51271,25.1988],[119.46119,25.20332],[119.44467,25.22907],[119.47039,25.25218],[119.51197,25.21345],[119.56105,25.20864]]],[[[119.34596,25.5611],[119.33497,25.43797],[119.29689,25.42292],[119.2815,25.4829],[119.30746,25.54682],[119.33172,25.57128],[119.34596,25.5611]]],[[[119.63893,26.08857],[119.63884,26.0705],[119.62037,26.0642],[119.55397,26.09565],[119.59938,26.12812],[119.63893,26.08857]]],[[[118.64867,39.05585],[118.59432,38.9722],[118.51431,38.91945],[118.48028,38.93482],[118.4909,38.94319],[118.4707,38.97055],[118.46948,39.00632],[118.48819,39.05049],[118.52638,39.04669],[118.55972,39.00312],[118.62871,39.04855],[118.61464,39.06765],[118.63274,39.07458],[118.64867,39.05585]]]]}},{"type":"Feature","properties":{"name":"Syria","adm0_a3":"SYR"},"geometry":{"type":"Polygon","coordinates":[[[40.0,36.81668],[40.19014,36.88442],[40.41389,37.00402],[40.52572,37.02588],[40.70897,37.10048],[40.89645,37.1227],[41.20134,37.06497],[41.47977,37.07557],[42.00925,37.17561],[42.2112,37.32491],[42.22319,37.28814],[42.26722,37.27452],[42.29202,37.28506],[42.3467,37.23977],[42.33533,37.17117],[42.35455,37.15241],[42.37688,37.07676],[42.37719,37.06224],[41.81732,36.59973],[41.38541,36.51638],[41.27699,36.35478],[41.23669,36.06033],[41.35451,35.82557],[41.3635,35.65524],[41.34221,35.59369],[41.26108,35.49417],[41.24309,35.36653],[41.20134,35.24302],[41.19152,35.18214],[41.20423,34.79312],[40.98802,34.42852],[40.93603,34.38607],[40.69047,34.3315],[40.0,33.98555],[40.0,36.81668]]]}},{"type":"Feature","properties":{"name":"France","adm0_a3":"FRA"},"geometry":{"type":"MultiPolygon","coordinates":[[[[45.27711,-12.74749],[45.29086,-12.77402],[45.28256,-12.80486],[45.26222,-12.76336],[45.27711,-12.74749]]],[[[45.21762,-12.73406],[45.22055,-12.77752],[45.18816,-12.81707],[45.21095,-12.86533],[45.16822,-12.94427],[45.18637,-12.96884],[45.16586,-12.98919],[45.09718,-12.98235],[45.09449,-12.95818],[45.07032,-12.95501],[45.09018,-12.924],[45.06251,-12.89853],[45.084,-12.88738],[45.12477,-12.92148],[45.13648,-12.9039],[45.084,-12.83904],[45.1045,-12.83278],[45.08717,-12.7597],[45.04949,-12.73431],[45.04249,-12.69842],[45.09083,-12.64723],[45.09718,-12.66082],[45.084,-12.66766],[45.13868,-12.71494],[45.21762,-12.73406]]]]}},{"type":"Feature","properties":{"name":"Bhutan","adm0_a3":"BTN"},"geometry":{"type":"Polygon","coordinates":[[[90.47523,28.07234],[90.57528,28.06583],[90.6839,28.08707],[90.7269,28.0617],[90.90952,28.03266],[90.97515,27.98209],[91.05194,27.96279],[91.09256,27.97168],[91.19467,28.07059],[91.2697,28.07286],[91.29017,28.09141],[91.34143,28.03056],[91.41884,27.99473],[91.63795,27.93974],[91.65283,27.91675],[91.62834,27.85269],[91.56436,27.85137],[91.56602,27.82107],[91.63577,27.78252],[91.62669,27.71642],[91.57987,27.65798],[91.57325,27.61971],[91.59506,27.54638],[91.65738,27.47915],[91.72709,27.45994],[91.97509,27.47243],[92.0236,27.44678],[92.08878,27.29234],[92.03679,27.23648],[91.99586,27.15803],[91.9877,27.10403],[92.06697,26.99494],[92.08392,26.93732],[92.07276,26.88777],[92.03586,26.85485],[91.97509,26.84663],[91.92569,26.87867],[91.89313,26.88136],[91.89551,26.8535],[91.87401,26.84431],[91.8859,26.83087],[91.87866,26.80302],[91.86305,26.80477],[91.84393,26.84937],[91.82512,26.85846],[91.70213,26.80348],[91.59372,26.81077],[91.52065,26.79759],[91.47507,26.86554],[91.42019,26.87154],[91.38846,26.85846],[91.34557,26.7947],[91.29658,26.77459],[91.19818,26.80234],[91.06207,26.80457],[91.0074,26.78214],[90.71708,26.76705],[90.58778,26.78007],[90.38263,26.8918],[90.34883,26.89665],[90.28444,26.85707],[90.21091,26.85149],[90.17742,26.83206],[90.1522,26.77175],[90.12719,26.75139],[89.89041,26.71486],[89.83496,26.73155],[89.81367,26.69615],[89.68515,26.72457],[89.60981,26.71222],[89.59751,26.72095],[89.61136,26.76596],[89.58609,26.78405],[89.50542,26.80369],[89.44289,26.79702],[89.34166,26.85433],[89.2736,26.84389],[89.21283,26.81304],[89.0965,26.82141],[89.06069,26.88146],[89.02157,26.91267],[88.93233,26.91924],[88.90664,26.98109],[88.85171,26.94544],[88.84562,27.04956],[88.82763,27.09788],[88.73007,27.15095],[88.75436,27.2126],[88.80117,27.25642],[88.88463,27.28635],[88.89233,27.31554],[88.91516,27.33087],[88.97193,27.31238],[88.99702,27.33087],[88.95106,27.43314],[88.98297,27.49263],[88.97837,27.53028],[89.06403,27.61595],[89.09153,27.62586],[89.12466,27.61485],[89.1982,27.73058],[89.22492,27.80781],[89.33602,27.86908],[89.44454,28.03118],[89.56149,28.13464],[89.75584,28.18438],[89.78086,28.22877],[89.86292,28.29579],[89.91613,28.3156],[89.95252,28.30825],[90.07086,28.34523],[90.15316,28.32218],[90.22559,28.3584],[90.2618,28.33535],[90.2618,28.29914],[90.29147,28.26135],[90.3295,28.2558],[90.35398,28.29914],[90.3869,28.29914],[90.45604,28.28268],[90.50542,28.24976],[90.58773,28.2333],[90.5976,28.20038],[90.48567,28.12466],[90.47523,28.07234]]]}},{"type":"Feature","properties":{"name":"Ukraine","adm0_a3":"UKR"},"geometry":{"type":"MultiPolygon","coordinates":[[[[40.0,49.6082],[40.13071,49.57982],[40.12606,49.5591],[40.05433,49.51977],[40.0349,49.48706],[40.06198,49.42582],[40.15954,49.33358],[40.13402,49.23627],[40.0,49.15111],[40.0,49.6082]]],[[[40.00885,48.88782],[40.05381,48.86922],[40.05278,48.84973],[40.0,48.80277],[40.00885,48.88782]]]]}},{"type":"Feature","properties":{"name":"Oman","adm0_a3":"OMN"},"geometry":{"type":"MultiPolygon","coordinates":[[[[56.29069,25.32754],[56.30937,25.30133],[56.34912,25.29402],[56.34438,25.26653],[56.23577,25.21118],[56.20762,25.22084],[56.20838,25.25537],[56.24489,25.27799],[56.23362,25.31253],[56.26062,25.33108],[56.29069,25.32754]],[[56.26303,25.24922],[56.28833,25.27193],[56.26508,25.28118],[56.26303,25.24922]]],[[[56.07748,26.06135],[56.09148,26.10651],[56.18181,26.246],[56.20826,26.26309],[56.21241,26.20783],[56.26686,26.22748],[56.29493,26.19424],[56.36695,26.2215],[56.40414,26.21475],[56.39454,26.23916],[56.36785,26.24409],[56.30844,26.2215],[56.31593,26.29043],[56.35841,26.26496],[56.36378,26.27953],[56.32228,26.30964],[56.35629,26.33759],[56.36378,26.38597],[56.38364,26.35871],[56.40414,26.3723],[56.41163,26.34504],[56.46217,26.33186],[56.48732,26.33137],[56.47983,26.35187],[56.50099,26.35871],[56.50896,26.32372],[56.45281,26.31834],[56.39861,26.2687],[56.4323,26.23945],[56.47625,26.24917],[56.48732,26.23518],[56.45965,26.20209],[56.4533,26.2215],[56.43198,26.2215],[56.43198,26.19424],[56.47983,26.14582],[56.41245,26.15843],[56.40414,26.18675],[56.37745,26.17373],[56.39112,26.20108],[56.36842,26.20454],[56.32879,26.17284],[56.33595,26.11164],[56.36378,26.14582],[56.36378,26.10488],[56.47299,26.09862],[56.38014,26.03824],[56.38364,26.02228],[56.40886,26.03437],[56.42286,26.02314],[56.42335,26.00462],[56.4004,25.99046],[56.42213,25.95661],[56.4533,25.94717],[56.43898,25.92609],[56.40789,25.9374],[56.38364,25.92609],[56.39942,25.90233],[56.36378,25.83796],[56.36378,25.80687],[56.30177,25.74177],[56.30177,25.76288],[56.27377,25.70913],[56.27906,25.62745],[56.2058,25.61777],[56.14513,25.67084],[56.1412,25.73269],[56.172,25.76525],[56.13965,25.82297],[56.17056,25.87682],[56.18348,26.01454],[56.1627,26.07355],[56.07748,26.06135]]],[[[56.40545,24.89728],[56.48032,24.76512],[56.4935,24.70018],[56.61118,24.49632],[56.80144,24.30296],[56.84108,24.22382],[56.93946,24.11591],[57.18426,23.93427],[57.64519,23.79043],[57.79575,23.78221],[57.83497,23.74006],[57.88771,23.72085],[58.1316,23.71332],[58.22739,23.67914],[58.2824,23.63142],[58.31723,23.62092],[58.45297,23.62397],[58.4909,23.65656],[58.58416,23.64696],[58.65903,23.56249],[58.68035,23.56249],[58.70688,23.53514],[58.72055,23.54881],[58.72804,23.52839],[58.76206,23.54206],[58.79298,23.49567],[58.80763,23.42113],[58.92945,23.3181],[58.95623,23.25943],[59.00172,23.21239],[59.0101,23.15331],[59.07374,23.09325],[59.0879,23.04841],[59.23227,22.94302],[59.29754,22.79271],[59.35182,22.76118],[59.41066,22.67084],[59.53549,22.58308],[59.5158,22.56151],[59.54982,22.55512],[59.6268,22.57982],[59.69386,22.54145],[59.7212,22.54145],[59.73976,22.49779],[59.76254,22.4986],[59.74578,22.53824],[59.80323,22.53474],[59.82488,22.50886],[59.84457,22.44526],[59.81178,22.23737],[59.73471,22.12311],[59.68816,22.08271],[59.64527,21.92585],[59.60564,21.91022],[59.4979,21.75633],[59.44858,21.6249],[59.35499,21.48566],[59.34425,21.44473],[59.16627,21.36278],[59.05437,21.27709],[58.85426,21.06562],[58.80787,20.99079],[58.79884,20.93602],[58.73487,20.883],[58.73902,20.86225],[58.68035,20.82835],[58.65903,20.79084],[58.66765,20.77228],[58.68653,20.75947],[58.72934,20.78681],[58.72804,20.76691],[58.69988,20.74079],[58.66652,20.7464],[58.64536,20.69115],[58.59181,20.64395],[58.51856,20.41682],[58.48357,20.4042],[58.44581,20.35863],[58.35914,20.38158],[58.27556,20.36848],[58.27963,20.38483],[58.20289,20.40473],[58.21339,20.46528],[58.23463,20.42365],[58.22828,20.48884],[58.26417,20.58763],[58.25514,20.60928],[58.20574,20.61335],[58.09083,20.56684],[58.06723,20.51105],[58.07586,20.48005],[57.9944,20.44229],[57.95582,20.39956],[57.97389,20.35228],[57.96656,20.33023],[57.85613,20.26065],[57.82374,20.20108],[57.84799,20.11176],[57.81365,19.977],[57.76206,19.84296],[57.68922,19.72818],[57.71998,19.65306],[57.70444,19.54873],[57.77394,19.40965],[57.75066,19.26805],[57.81186,19.15689],[57.80201,19.09479],[57.83985,19.02998],[57.81568,18.99177],[57.70973,18.944],[57.50148,18.95368],[57.20753,18.90998],[56.91505,18.81029],[56.80779,18.74559],[56.65968,18.59536],[56.64112,18.55927],[56.6443,18.4676],[56.61232,18.3996],[56.6006,18.30541],[56.54884,18.18985],[56.56129,18.14924],[56.5276,18.11469],[56.46258,18.08442],[56.43198,18.03217],[56.35768,17.96979],[56.35629,17.94001],[56.18849,17.9571],[56.11622,17.93659],[56.0311,17.94343],[55.90943,17.90664],[55.65349,17.89533],[55.44516,17.84101],[55.36948,17.69636],[55.26319,17.60773],[55.2282,17.53876],[55.2295,17.48859],[55.30079,17.41682],[55.2942,17.35212],[55.25123,17.28998],[55.26026,17.23428],[55.21925,17.21039],[55.18922,17.14476],[55.14356,17.12783],[55.12477,17.09248],[55.02687,17.01114],[55.01092,17.02627],[54.97535,16.99746],[54.79184,16.9514],[54.78053,16.96394],[54.73943,16.95649],[54.69793,16.97016],[54.67408,17.01976],[54.59205,17.03848],[54.46168,17.02481],[54.38998,17.03946],[54.36948,17.02481],[54.08497,17.01114],[54.01271,16.97761],[54.00945,16.93744],[53.98113,16.90876],[53.75318,16.86774],[53.66928,16.78408],[53.61541,16.75788],[53.33863,16.73481],[53.09034,16.6424],[52.80156,17.26742],[52.72146,17.29817],[51.97862,18.99564],[54.97838,19.99542],[55.63756,21.97897],[55.62671,22.02377],[55.18684,22.70358],[55.19129,22.99547],[55.22591,23.12125],[55.3211,23.27509],[55.37526,23.46934],[55.44533,23.55226],[55.4783,23.67636],[55.53835,23.77005],[55.5306,23.87467],[55.46156,23.93056],[55.4568,23.96316],[55.64687,24.02502],[55.76242,24.02815],[55.80706,24.00748],[55.98679,24.06538],[55.99785,24.08127],[55.93315,24.22072],[55.90318,24.23224],[55.83032,24.21227],[55.7557,24.23033],[55.80737,24.34079],[55.80861,24.39763],[55.77461,24.4259],[55.75983,24.55853],[55.81823,24.64338],[55.79476,24.70392],[55.78867,24.8552],[55.82939,24.92117],[55.89698,24.96861],[55.93543,24.97773],[56.0056,24.95618],[56.02927,24.86117],[55.97842,24.8861],[55.95765,24.86866],[56.00209,24.82301],[56.03155,24.75415],[56.07795,24.72976],[56.11826,24.73542],[56.17118,24.82399],[56.24166,24.84244],[56.30832,24.89517],[56.329,24.97269],[56.38331,24.97822],[56.40545,24.89728]]],[[[55.83619,17.49091],[55.86297,17.51887],[55.89088,17.50458],[55.83619,17.49091]]],[[[56.05535,17.55972],[56.06788,17.53221],[56.09555,17.51887],[56.04689,17.49335],[55.97283,17.49836],[55.9642,17.51992],[56.05535,17.55972]]],[[[58.90838,20.60472],[58.95004,20.50894],[58.84409,20.43732],[58.80828,20.37958],[58.78517,20.27953],[58.72429,20.21516],[58.69125,20.20775],[58.65219,20.17048],[58.63592,20.277],[58.6482,20.36884],[58.69386,20.40717],[58.70069,20.4311],[58.76889,20.45161],[58.79558,20.5384],[58.85288,20.61335],[58.88258,20.68252],[58.90626,20.69798],[58.9183,20.68146],[58.90838,20.60472]]]]}},{"type":"Feature","properties":{"name":"Uzbekistan","adm0_a3":"UZB"},"geometry":{"type":"MultiPolygon","coordinates":[[[[71.78976,39.97932],[71.7573,39.9031],[71.69684,39.91384],[71.66553,39.9402],[71.76061,39.98371],[71.78976,39.97932]]],[[[71.05321,40.27423],[70.70719,40.20018],[70.62213,40.19956],[70.58182,40.22173],[70.52405,40.34374],[70.44219,40.34333],[70.37139,40.36493],[70.38493,40.39971],[70.35382,40.45614],[70.36964,40.47552],[70.4778,40.50549],[70.52549,40.55711],[70.56932,40.57044],[70.7321,40.67499],[70.75618,40.69514],[70.76713,40.73762],[70.63742,40.77059],[70.62177,40.78599],[70.62874,40.81586],[70.70316,40.78893],[70.70512,40.80743],[70.4457,41.02592],[70.40116,41.03998],[70.36354,41.03243],[70.33589,40.92696],[70.28039,40.87771],[70.10423,40.81332],[70.00966,40.75803],[69.80332,40.70563],[69.69092,40.63003],[69.64751,40.64744],[69.50922,40.77467],[69.41776,40.80423],[69.35507,40.78035],[69.3142,40.7293],[69.30934,40.59582],[69.19844,40.56652],[69.3127,40.34281],[69.30531,40.29382],[69.20836,40.29832],[69.2125,40.26876],[69.28526,40.21863],[69.28526,40.19496],[69.19793,40.18298],[69.01923,40.23207],[68.85655,40.21274],[68.80188,40.19114],[68.69832,40.19496],[68.58112,40.16422],[68.68705,40.11032],[68.93066,40.1468],[68.97727,40.12102],[68.98698,40.09171],[68.97727,40.06489],[68.88177,40.07084],[68.81314,40.0389],[68.7747,40.07988],[68.76172,40.06148],[68.78503,40.03394],[68.78937,39.99399],[68.87743,39.90056],[68.88079,39.87834],[68.83826,39.86465],[68.77976,39.96945],[68.75888,39.98056],[68.75557,39.95405],[68.78736,39.8817],[68.74162,39.81964],[68.68509,39.86801],[68.65109,39.8447],[68.62618,39.84961],[68.60034,39.64285],[68.5067,39.56756],[68.51745,39.54844],[68.43627,39.5288],[68.33756,39.52792],[67.7176,39.62337],[67.58738,39.56265],[67.50744,39.55294],[67.48764,39.538],[67.49116,39.4901],[67.42728,39.47661],[67.38687,39.29419],[67.34646,39.28081],[67.35008,39.21983],[67.49901,39.16598],[67.58035,39.1636],[67.63771,39.13154],[67.66758,39.13177],[67.67859,39.10594],[67.66722,39.02837],[67.69052,38.98961],[67.84524,38.97377],[67.96327,39.00191],[68.00337,38.98212],[68.06911,38.9961],[68.10094,38.97928],[68.16372,38.88747],[68.17256,38.84528],[68.13598,38.80451],[68.06673,38.78797],[68.07593,38.72686],[68.03763,38.69164],[68.05515,38.5363],[68.08688,38.49403],[68.09804,38.43244],[68.18372,38.33549],[68.33204,38.24299],[68.35622,38.2126],[68.34433,38.11545],[68.24873,37.94895],[68.12223,37.90833],[68.05019,37.76041],[67.82922,37.52794],[67.79734,37.42444],[67.82064,37.30331],[67.78054,37.18887],[67.74659,37.22941],[67.6775,37.23354],[67.63316,37.25406],[67.59229,37.24718],[67.56138,37.2199],[67.52614,37.27289],[67.50314,37.28196],[67.39116,37.21959],[67.25913,37.18515],[67.23675,37.19241],[67.18782,37.25824],[67.12332,37.28196],[67.09738,37.34059],[67.00592,37.38439],[66.73498,37.3633],[66.6941,37.34341],[66.58858,37.36847],[66.51959,37.36418],[66.49483,37.37942],[66.497,37.39774],[66.54662,37.45079],[66.49349,37.52221],[66.51912,37.62525],[66.51881,37.78271],[66.64578,37.9459],[66.62434,37.99383],[66.55416,38.02685],[66.43944,38.03546],[66.30694,38.08039],[66.23108,38.14878],[66.13356,38.17529],[66.04349,38.22619],[65.87668,38.27296],[65.81436,38.26619],[65.7402,38.22408],[65.67163,38.21968],[65.60414,38.23741],[65.2053,38.44964],[64.97772,38.61227],[64.6349,38.74415],[64.42432,38.88295],[64.33734,38.97096],[64.28339,38.97969],[64.20598,38.94946],[64.15059,38.94946],[63.70927,39.19089],[63.47755,39.40292],[62.59316,39.89023],[62.45281,40.00924],[62.4216,40.11507],[62.43575,40.19419],[62.40506,40.24524],[62.35328,40.4304],[62.19184,40.49903],[62.13417,40.57783],[62.10006,40.66041],[62.03681,40.73633],[61.98271,40.88567],[61.9793,40.99884],[61.87791,41.12498],[61.65436,41.24942],[61.43318,41.30032],[61.41075,41.292],[61.3875,41.23578],[61.34399,41.19382],[61.28136,41.15728],[61.2026,41.16881],[61.09966,41.2241],[61.02277,41.21686],[61.01026,41.23723],[60.97801,41.20281],[60.93026,41.24022],[60.8603,41.25299],[60.65886,41.24379],[60.4781,41.21211],[60.41453,41.23526],[60.29992,41.30983],[60.09424,41.38952],[60.05921,41.43416],[60.07171,41.51437],[60.09259,41.54548],[60.16473,41.58496],[60.05828,41.71859],[60.04918,41.7535],[60.10241,41.79528],[60.2254,41.76546],[60.25268,41.78006],[60.22891,41.81962],[60.16752,41.84959],[60.08877,41.91936],[59.98366,41.94904],[59.93177,41.94765],[59.90645,41.96661],[59.91927,41.98966],[59.9972,42.01062],[59.97446,42.09924],[59.98366,42.14559],[60.03699,42.1697],[60.0282,42.19952],[59.96071,42.22272],[59.86635,42.30422],[59.68951,42.3098],[59.42648,42.28677],[59.36158,42.32579],[59.25843,42.34754],[59.22381,42.46087],[59.14608,42.52676],[59.122,42.538],[59.00924,42.51846],[58.89442,42.54784],[58.58788,42.79119],[58.53455,42.6545],[58.44184,42.64784],[58.25828,42.68951],[58.14883,42.649],[58.12134,42.62425],[58.14573,42.59257],[58.30624,42.52867],[58.49062,42.29757],[58.3976,42.28786],[58.38468,42.38783],[58.32505,42.43186],[58.20382,42.4695],[58.13323,42.45457],[58.0799,42.4973],[58.01602,42.49971],[57.90864,42.43043],[57.93748,42.35424],[57.88807,42.26158],[57.8273,42.22737],[57.85045,42.19143],[57.61977,42.14818],[57.38226,42.16363],[57.28821,42.12942],[57.2078,42.07056],[57.11551,41.95209],[56.97836,41.89512],[56.95015,41.86605],[56.97195,41.74854],[56.96048,41.6472],[57.01205,41.55783],[57.0196,41.46595],[57.07417,41.39499],[57.1614,41.36797],[57.08006,41.32203],[57.02952,41.2626],[57.01019,41.25412],[56.79346,41.28833],[55.97842,41.32172],[55.97584,44.99441],[57.47828,45.33692],[58.55491,45.55717],[61.0363,44.38282],[61.08023,44.33549],[61.10286,44.23606],[61.16167,44.16811],[61.9857,43.49334],[62.02612,43.48063],[63.20801,43.62747],[64.42674,43.54703],[64.85504,43.71291],[64.92294,43.71912],[65.27145,43.41702],[65.51691,43.29723],[65.79524,42.8772],[66.10127,42.99032],[66.05321,42.44087],[66.01373,42.40302],[66.00866,42.00266],[66.50414,41.99348],[66.53886,41.74076],[66.60263,41.4938],[66.68821,41.19919],[66.73296,41.15806],[66.81528,41.14188],[67.74814,41.1841],[67.83491,41.15687],[67.93743,41.20038],[68.00306,41.11563],[68.03438,41.04272],[68.05908,41.05476],[68.08213,41.04272],[68.09598,41.06514],[68.11737,41.06674],[68.11892,41.03403],[68.13132,41.02964],[68.0997,41.01362],[68.12088,40.99383],[68.12058,40.9653],[68.08058,40.87296],[67.99092,40.8111],[68.0675,40.788],[68.2261,40.67886],[68.46174,40.58466],[68.51482,40.61912],[68.593,40.59949],[68.61424,40.6091],[68.62039,40.62222],[68.60111,40.63003],[68.62742,40.66713],[68.60943,40.71581],[68.57461,40.72449],[68.55977,40.75131],[68.5497,40.83503],[68.57187,40.87048],[68.57088,40.91352],[68.58918,40.9066],[68.60013,40.93006],[68.68938,40.96494],[68.77377,41.08726],[68.84244,41.1101],[68.88022,41.15552],[68.94378,41.16488],[69.03122,41.20875],[69.05478,41.31541],[69.03618,41.37401],[69.12806,41.39515],[69.16268,41.43406],[69.21715,41.46005],[69.40236,41.47483],[69.38081,41.51881],[69.39378,41.54496],[69.47729,41.57312],[69.62457,41.66831],[69.9124,41.71286],[69.97204,41.76458],[70.1111,41.82598],[70.20417,41.93581],[70.27032,41.96555],[70.31507,42.03459],[70.35791,42.06224],[70.4702,42.09162],[70.53423,42.02498],[70.57903,42.01625],[70.61024,42.02741],[70.73427,42.1973],[70.84237,42.19254],[71.01404,42.2877],[71.04577,42.29096],[71.2532,42.19756],[71.23822,42.16024],[71.11843,42.12291],[70.97714,42.04423],[70.84547,42.03036],[70.814,41.91954],[70.64895,41.88739],[70.50648,41.78559],[70.45366,41.71208],[70.16929,41.57834],[70.14826,41.55245],[70.16655,41.52021],[70.34442,41.4938],[70.39899,41.46496],[70.4532,41.40548],[70.66781,41.47137],[70.70357,41.44548],[70.7692,41.3521],[70.75628,41.26963],[70.77044,41.23852],[70.82852,41.24911],[70.9142,41.19304],[71.02469,41.18979],[71.12308,41.15821],[71.18013,41.10814],[71.18571,41.18023],[71.20638,41.18875],[71.24152,41.17516],[71.27614,41.11315],[71.32524,41.15733],[71.39366,41.11274],[71.41608,41.12736],[71.41877,41.3474],[71.52383,41.29665],[71.58553,41.32352],[71.63742,41.43127],[71.59545,41.49375],[71.62739,41.5432],[71.67142,41.54739],[71.6895,41.4938],[71.67194,41.42548],[71.69612,41.44744],[71.72165,41.42476],[71.73043,41.45117],[71.74521,41.45282],[71.84702,41.34182],[71.86882,41.27924],[71.87161,41.19449],[71.97703,41.19521],[72.03377,41.15661],[72.1085,41.1964],[72.15842,41.18788],[72.1856,41.06065],[72.16514,40.99936],[72.28978,41.02354],[72.33236,41.07284],[72.3952,41.02204],[72.48191,41.00882],[72.48336,40.97057],[72.54558,40.95652],[72.61947,40.88009],[72.65823,40.86717],[72.86866,40.86412],[72.87031,40.81818],[73.00343,40.87017],[73.05356,40.83632],[73.14337,40.83384],[73.14864,40.81369],[73.11805,40.78294],[72.89098,40.69509],[72.78391,40.66966],[72.76003,40.64176],[72.74836,40.5751],[72.71921,40.56486],[72.66423,40.57778],[72.65048,40.53215],[72.62547,40.5105],[72.58578,40.50874],[72.44791,40.56047],[72.38156,40.61215],[72.35189,40.60197],[72.37008,40.55773],[72.36347,40.51231],[72.4262,40.45934],[72.39406,40.38942],[72.21164,40.4256],[72.2596,40.44239],[72.25423,40.45831],[72.16586,40.45443],[72.0993,40.42637],[72.04318,40.34932],[71.95667,40.31568],[71.95822,40.28653],[72.01982,40.25873],[72.01889,40.24003],[71.83647,40.24917],[71.77591,40.17993],[71.70718,40.14427],[71.67307,40.14789],[71.66015,40.22447],[71.62832,40.25889],[71.59297,40.19843],[71.52125,40.20375],[71.47712,40.2208],[71.44136,40.2609],[71.36513,40.29413],[71.28322,40.29842],[71.25382,40.32441],[71.20101,40.26385],[71.05321,40.27423]],[[70.54978,41.01522],[70.60838,40.95094],[70.64507,40.93518],[70.61665,40.99352],[70.54978,41.01522]]],[[[71.18189,40.0434],[71.22374,40.05787],[71.244,40.04676],[71.1747,39.99399],[71.17703,39.96816],[71.22106,39.93172],[71.20845,39.88878],[71.0989,39.8755],[71.07998,39.9034],[71.06096,39.90413],[71.0219,39.88082],[71.00763,39.91116],[71.05037,39.96288],[71.04582,39.99203],[70.98314,40.02138],[70.95405,40.0958],[70.97714,40.14458],[71.00856,40.15776],[71.07884,40.07864],[71.18189,40.0434]]]]}},{"type":"Feature","properties":{"name":"Kazakhstan","adm0_a3":"KAZ"},"geometry":{"type":"MultiPolygon","coordinates":[[[[87.3238,49.08527],[87.11632,49.12977],[86.97544,49.0924],[86.88734,49.10682],[86.83819,49.09385],[86.79892,49.04223],[86.7275,48.99034],[86.70942,48.95422],[86.71804,48.91252],[86.78946,48.83914],[86.73918,48.78354],[86.752,48.71543],[86.60554,48.59011],[86.54643,48.51722],[86.43062,48.48588],[86.30737,48.48309],[86.2467,48.43736],[86.19203,48.41823],[86.006,48.42955],[85.78368,48.40759],[85.71867,48.35883],[85.58638,48.14125],[85.56178,48.03066],[85.51538,47.92028],[85.59543,47.62407],[85.58457,47.49294],[85.67036,47.38434],[85.67899,47.27489],[85.65966,47.20652],[85.55682,47.17875],[85.49864,47.05183],[85.22584,47.04157],[85.04822,46.9207],[84.97577,46.902],[84.91604,46.85055],[84.73961,46.81477],[84.71553,46.83518],[84.74959,46.88246],[84.7516,46.91799],[84.73166,46.94776],[84.66354,46.98385],[84.52102,46.9698],[84.4218,46.9931],[84.26584,47.00013],[84.15815,46.9931],[84.06963,46.96442],[83.90535,46.97396],[83.52449,47.0671],[83.35339,47.14498],[83.22198,47.1719],[83.15036,47.21154],[83.0716,47.21851],[83.02147,47.2059],[82.99822,47.11025],[83.00628,47.08062],[82.98551,47.01253],[82.98551,46.94251],[82.83895,46.73245],[82.67436,46.33113],[82.56827,46.19651],[82.48895,45.9017],[82.37221,45.73416],[82.29149,45.53319],[82.32746,45.49335],[82.36265,45.4812],[82.51303,45.46575],[82.61571,45.43542],[82.63199,45.41583],[82.61457,45.24856],[82.58522,45.17683],[82.53975,45.12366],[82.47582,45.1157],[82.34183,45.20489],[82.2453,45.23181],[81.95012,45.14448],[81.87534,45.18107],[81.79364,45.19564],[81.76517,45.30773],[81.73928,45.33806],[81.66523,45.34798],[81.54203,45.29331],[80.85386,45.1265],[80.69712,45.14365],[80.53682,45.10107],[80.44535,45.10422],[80.39006,45.04578],[80.29053,45.04624],[80.21901,45.02604],[80.10336,45.03219],[79.8582,44.90372],[79.84301,44.87349],[79.86864,44.84936],[79.99174,44.79365],[80.24474,44.81597],[80.31451,44.78032],[80.49228,44.72797],[80.49196,44.70172],[80.37631,44.67128],[80.35585,44.65288],[80.38375,44.60281],[80.33042,44.45305],[80.37321,44.231],[80.3389,44.12149],[80.40381,44.04894],[80.42313,43.97215],[80.47615,43.91024],[80.71273,43.45887],[80.69423,43.39472],[80.64286,43.32622],[80.74849,43.27516],[80.79345,43.14946],[80.77339,43.11292],[80.73154,43.10109],[80.66002,43.13282],[80.61847,43.13427],[80.36815,43.02846],[80.35513,43.00058],[80.37383,42.97518],[80.54292,42.91666],[80.5486,42.87847],[80.33394,42.81708],[80.2649,42.82367],[80.22748,42.79098],[80.14005,42.62296],[80.16237,42.55239],[80.21053,42.49084],[80.19617,42.43459],[80.26841,42.23797],[80.24909,42.20489],[80.21033,42.18952],[80.16661,42.20872],[80.077,42.30576],[79.91794,42.42444],[79.69646,42.45984],[79.57192,42.44953],[79.42567,42.4696],[79.35302,42.5773],[79.20636,42.65647],[79.17608,42.71393],[79.18083,42.77553],[79.14827,42.79098],[78.99294,42.75713],[78.68711,42.8046],[78.5943,42.85023],[78.42956,42.88066],[78.31122,42.85051],[78.22978,42.86501],[78.03062,42.85467],[77.88386,42.89322],[77.80996,42.87129],[77.78123,42.89563],[77.71384,42.90759],[77.6478,42.9095],[77.55778,42.88813],[77.50155,42.91454],[77.41856,42.92224],[77.32813,42.89756],[77.17868,42.9132],[77.124,42.9589],[76.95688,42.98851],[76.83348,42.97174],[76.70791,42.91366],[76.58502,42.8948],[76.48053,42.91697],[76.41407,42.8855],[76.38296,42.91007],[76.34049,42.90167],[76.2545,42.92115],[76.06454,42.93397],[75.99911,42.91764],[75.79716,42.93619],[75.7706,42.92565],[75.73825,42.86157],[75.70383,42.83049],[75.62043,42.8053],[75.55594,42.82522],[75.17859,42.84966],[74.86285,42.97583],[74.71392,42.99988],[74.61129,43.05817],[74.55817,43.11504],[74.40055,43.15954],[74.17876,43.2617],[74.2139,43.20264],[74.03985,43.18186],[73.96534,43.21692],[73.93505,43.19972],[73.90167,43.13096],[73.80555,43.11473],[73.57094,43.03192],[73.49301,42.89495],[73.50355,42.79408],[73.41271,42.62732],[73.41756,42.55616],[73.5051,42.40294],[73.3262,42.42868],[73.31659,42.49371],[73.27835,42.5134],[73.18905,42.52076],[73.11505,42.55084],[72.87455,42.54399],[72.81522,42.57304],[72.7806,42.62045],[72.72582,42.65288],[72.47674,42.68256],[72.29236,42.76106],[72.1641,42.76509],[72.10488,42.75034],[71.84774,42.83405],[71.69354,42.81181],[71.58357,42.75964],[71.50419,42.78961],[71.40461,42.79488],[71.32978,42.73703],[71.24545,42.74713],[71.21145,42.70522],[71.14902,42.67794],[71.14277,42.60254],[71.00319,42.56353],[71.0127,42.52604],[71.05786,42.4934],[71.06417,42.47033],[71.04102,42.4548],[70.97714,42.47875],[70.96195,42.46811],[70.92991,42.4123],[70.9327,42.3762],[70.85266,42.30608],[70.89782,42.26161],[70.94779,42.24815],[70.84237,42.19254],[70.73427,42.1973],[70.61024,42.02741],[70.57903,42.01625],[70.53423,42.02498],[70.50446,42.06847],[70.45542,42.09374],[70.35791,42.06224],[70.31507,42.03459],[70.27032,41.96555],[70.20417,41.93581],[70.1111,41.82598],[69.97204,41.76458],[69.9124,41.71286],[69.62457,41.66831],[69.47729,41.57312],[69.39378,41.54496],[69.38081,41.51881],[69.40236,41.47483],[69.21715,41.46005],[69.16268,41.43406],[69.12806,41.39515],[69.03618,41.37401],[69.05478,41.31541],[69.03122,41.20875],[68.94378,41.16488],[68.88022,41.15552],[68.84244,41.1101],[68.77377,41.08726],[68.68938,40.96494],[68.60013,40.93006],[68.58918,40.9066],[68.57088,40.91352],[68.57187,40.87048],[68.5497,40.83503],[68.55977,40.75131],[68.57461,40.72449],[68.60943,40.71581],[68.62742,40.66713],[68.60111,40.63003],[68.62039,40.62222],[68.61424,40.6091],[68.593,40.59949],[68.51482,40.61912],[68.46174,40.58466],[68.2261,40.67886],[68.0675,40.788],[67.99092,40.8111],[68.08058,40.87296],[68.12058,40.9653],[68.12088,40.99383],[68.0997,41.01362],[68.13132,41.02964],[68.11892,41.03403],[68.11737,41.06674],[68.09598,41.06514],[68.08213,41.04272],[68.05908,41.05476],[68.03438,41.04272],[68.00306,41.11563],[67.93743,41.20038],[67.83491,41.15687],[67.74814,41.1841],[66.81528,41.14188],[66.73296,41.15806],[66.68821,41.19919],[66.60263,41.4938],[66.53886,41.74076],[66.50414,41.99348],[66.00866,42.00266],[66.01373,42.40302],[66.05321,42.44087],[66.10127,42.99032],[65.79524,42.8772],[65.51691,43.29723],[65.27145,43.41702],[64.92294,43.71912],[64.85504,43.71291],[64.42674,43.54703],[63.20801,43.62747],[62.02612,43.48063],[61.9857,43.49334],[61.16167,44.16811],[61.10286,44.23606],[61.08023,44.33549],[61.0363,44.38282],[58.55491,45.55717],[57.47828,45.33692],[55.97615,44.99508],[55.97842,41.32172],[55.87662,41.32451],[55.78732,41.29169],[55.6355,41.26436],[55.5093,41.25888],[55.45029,41.27888],[55.41267,41.30792],[55.37257,41.37556],[55.22839,41.47282],[55.10003,41.64415],[54.95068,41.79556],[54.93497,41.83373],[54.94076,41.88962],[54.90707,41.93214],[54.73829,42.04821],[54.19528,42.31806],[54.12262,42.3376],[54.04717,42.3454],[53.41227,42.25817],[52.97871,42.12663],[52.76466,41.99377],[52.43767,41.74888],[52.49098,41.90204],[52.47413,41.96259],[52.43377,42.00043],[52.43678,42.05781],[52.40203,42.09252],[52.43629,42.17988],[52.48455,42.20173],[52.59409,42.33527],[52.60108,42.38862],[52.64283,42.42829],[52.67628,42.53848],[52.66334,42.6127],[52.6185,42.67841],[52.57569,42.69864],[52.56381,42.74226],[52.57447,42.74982],[52.60043,42.69766],[52.66334,42.66791],[52.71046,42.5854],[52.74122,42.63788],[52.73634,42.70136],[52.7129,42.73078],[52.62916,42.74982],[52.62501,42.77473],[52.47088,42.82624],[52.35743,42.83173],[52.32065,42.81875],[52.29957,42.79084],[52.27296,42.79877],[52.1692,42.88703],[52.05836,42.87848],[51.93279,42.83495],[51.91245,42.84235],[51.80258,42.95869],[51.77198,43.03099],[51.71144,43.09089],[51.67579,43.09992],[51.67937,43.15974],[51.65105,43.19139],[51.53981,43.17499],[51.50856,43.15449],[51.4603,43.16885],[51.27573,43.15449],[51.26629,43.18757],[51.31284,43.31118],[51.31471,43.46247],[51.27858,43.51765],[51.27296,43.55858],[51.21811,43.59333],[51.20688,43.62446],[51.15602,43.62482],[51.115,43.66083],[51.02312,43.80097],[50.99106,43.86709],[50.99106,43.90811],[50.9017,44.01105],[50.86085,44.02538],[50.84718,44.18928],[50.78126,44.23591],[50.6963,44.26435],[50.34457,44.31126],[50.27768,44.33649],[50.23015,44.39094],[50.23756,44.48408],[50.22462,44.56769],[50.23756,44.58649],[50.25408,44.55752],[50.26832,44.57054],[50.31121,44.66234],[50.49781,44.6258],[50.61695,44.63972],[50.62745,44.62401],[50.73048,44.62055],[50.75685,44.60505],[50.78419,44.63272],[50.8729,44.62885],[50.96046,44.56973],[51.00473,44.56598],[51.00864,44.55146],[50.99106,44.54548],[51.00734,44.5288],[51.14332,44.48477],[51.22527,44.49974],[51.29225,44.55231],[51.36622,44.56021],[51.38152,44.55976],[51.37379,44.52774],[51.47096,44.53189],[51.56031,44.51138],[51.5739,44.52391],[51.55437,44.55048],[51.43898,44.61005],[51.31935,44.59638],[51.29184,44.61449],[51.23439,44.71906],[51.09604,44.79686],[51.04957,44.80345],[50.96241,44.86367],[50.9655,44.90668],[50.99399,44.93647],[50.95436,44.95222],[50.95932,44.97883],[51.0652,44.99702],[51.10719,45.03217],[51.19654,45.06562],[51.27296,45.02464],[51.27491,45.05683],[51.24342,45.10106],[51.25799,45.13451],[51.2444,45.16181],[51.30926,45.25731],[51.39723,45.33259],[51.4157,45.38996],[51.45672,45.3474],[51.54371,45.33491],[51.69996,45.39208],[51.75831,45.45726],[51.79249,45.40546],[51.87843,45.39521],[51.94012,45.36734],[52.0088,45.39521],[52.09409,45.38154],[52.5193,45.40888],[52.90968,45.31269],[53.00221,45.32014],[53.10825,45.29963],[53.26124,45.34284],[53.26588,45.36107],[53.24757,45.3697],[53.14291,45.38398],[53.11207,45.40616],[53.03566,45.41877],[52.75522,45.51679],[52.73194,45.55414],[52.74562,45.63915],[52.79225,45.66291],[52.85874,45.76484],[52.91993,45.79613],[53.04005,45.93647],[53.0818,46.00511],[53.08237,46.06074],[53.11842,46.11432],[53.15675,46.27228],[53.15675,46.3417],[53.12827,46.39395],[53.03256,46.47089],[53.10206,46.44355],[53.07545,46.47565],[53.08172,46.51244],[53.01783,46.47866],[52.99838,46.48456],[52.99659,46.50479],[53.04005,46.57392],[53.05421,46.5456],[53.0879,46.55341],[53.10825,46.62173],[53.11769,46.60151],[53.14243,46.63532],[53.20053,46.6433],[53.20777,46.69501],[53.18816,46.718],[53.1058,46.73725],[53.08351,46.85326],[53.0604,46.89232],[52.9922,46.89545],[52.91993,46.95746],[52.78272,46.94383],[52.61476,46.95002],[52.53696,46.98884],[52.4559,47.00117],[52.42726,46.99018],[52.41928,46.944],[52.35719,46.89362],[52.26222,46.8701],[52.18881,46.88378],[52.18287,46.86188],[52.22438,46.84829],[52.24488,46.81004],[52.11256,46.81273],[52.00001,46.89057],[52.01889,46.937],[51.99903,46.94098],[51.9607,46.88581],[51.94142,46.87995],[51.85385,46.89545],[51.89552,46.93081],[51.806,46.90908],[51.74391,46.92682],[51.67579,46.97858],[51.69606,47.02119],[51.68019,47.05703],[51.63575,47.04877],[51.61101,46.98884],[51.5923,46.98725],[51.52719,47.05296],[51.21258,47.12092],[51.10271,47.08047],[50.97071,47.05988],[50.90545,47.01895],[50.84653,47.03677],[50.83814,47.00991],[50.74057,46.90616],[50.73048,46.92333],[50.75213,46.97468],[50.67823,46.93268],[50.61606,46.93561],[50.60694,46.86811],[50.5691,46.82905],[50.55161,46.83462],[50.57814,46.87836],[50.50278,46.86359],[50.43019,46.89672],[50.38364,46.81778],[50.36736,46.80663],[50.37428,46.85444],[50.34002,46.81346],[50.29868,46.80195],[50.23097,46.72602],[50.21314,46.72818],[50.22316,46.76105],[50.21314,46.76569],[50.16879,46.74909],[50.03403,46.63516],[49.96266,46.62914],[49.88234,46.57587],[49.83969,46.58076],[49.81739,46.54043],[49.77133,46.56708],[49.7575,46.53168],[49.70265,46.56025],[49.70265,46.51927],[49.62257,46.58283],[49.6268,46.51927],[49.60808,46.527],[49.57895,46.49885],[49.55787,46.53437],[49.4808,46.56061],[49.46909,46.59439],[49.47234,46.54662],[49.50408,46.49885],[49.49285,46.49958],[49.4568,46.50959],[49.46225,46.53294],[49.42897,46.55488],[49.4214,46.53974],[49.3895,46.54401],[49.30535,46.58759],[49.313,46.56208],[49.37859,46.5102],[49.39422,46.47834],[49.33326,46.48456],[49.29786,46.52375],[49.27809,46.51927],[49.29469,46.508],[49.30356,46.46646],[49.36687,46.42988],[49.37143,46.39936],[49.36687,46.38898],[49.32569,46.41035],[49.26629,46.46406],[49.2234,46.47089],[49.29176,46.39643],[49.16822,46.40941],[49.21583,46.38032],[49.22713,46.32788],[49.03316,46.4049],[48.89705,46.48218],[48.81964,46.47926],[48.70502,46.55044],[48.53939,46.56796],[48.56301,46.59132],[48.53004,46.63819],[48.45511,46.6608],[48.50575,46.7326],[48.5567,46.76175],[48.6182,46.77043],[48.67659,46.75803],[48.73954,46.69056],[48.76403,46.68284],[48.91689,46.70258],[49.00629,46.76911],[48.69726,47.10098],[48.52508,47.41023],[48.41108,47.44576],[48.17435,47.71285],[48.04449,47.7697],[47.64973,47.76559],[47.41218,47.83587],[47.38882,47.81192],[47.38293,47.70536],[47.35967,47.68334],[47.12382,47.80804],[47.12516,47.83209],[47.15865,47.87155],[47.04424,47.98622],[47.13705,48.02725],[47.19203,48.0718],[47.10356,48.1012],[47.11648,48.15386],[47.07524,48.20512],[47.11214,48.24155],[47.09891,48.26538],[46.47828,48.41056],[46.75382,48.91407],[46.93003,49.00404],[47.02088,49.09685],[47.04,49.15033],[47.02863,49.20149],[46.97923,49.24428],[46.77511,49.33254],[46.89991,49.82032],[46.92259,49.86135],[46.95856,49.88414],[47.17736,49.94718],[47.25478,50.0],[48.1222,50.0],[48.14929,49.95494],[48.20045,49.92502],[48.23931,49.86476],[48.30287,49.86672],[48.42989,49.80967],[48.47909,49.84316],[48.7846,49.93339],[48.86871,50.0],[85.01495,50.0],[84.95479,49.99049],[84.95459,49.90693],[85.05629,49.87334],[85.08171,49.80001],[85.18512,49.70503],[85.19504,49.62565],[85.22361,49.59573],[85.2631,49.58152],[85.38402,49.61568],[85.47569,49.58307],[85.61486,49.61713],[85.6733,49.56044],[85.74741,49.573],[85.80921,49.53651],[85.88073,49.56328],[85.94057,49.55961],[85.93143,49.49285],[85.963,49.47858],[86.07049,49.52628],[86.11152,49.52018],[86.17725,49.46334],[86.27213,49.58364],[86.47548,49.67082],[86.47274,49.70834],[86.56513,49.7427],[86.6102,49.79552],[86.68492,49.7782],[86.74838,49.78296],[86.75959,49.76771],[86.74052,49.72275],[86.77587,49.695],[86.64709,49.65366],[86.59598,49.60188],[86.59934,49.57351],[86.64255,49.54747],[86.73257,49.55067],[86.82434,49.50923],[86.81401,49.45001],[86.82899,49.43332],[86.93307,49.39011],[86.90506,49.35192],[86.91302,49.3387],[87.01255,49.28071],[87.03663,49.24273],[87.19032,49.23782],[87.27176,49.20511],[87.3238,49.08527]]],[[[50.26442,44.96381],[50.27711,45.07152],[50.3484,45.08491],[50.32634,45.03311],[50.33318,44.99457],[50.30445,44.95942],[50.26442,44.96381]]],[[[50.14308,44.81786],[50.06398,44.84414],[50.04184,44.89492],[49.9861,44.94676],[50.04184,45.05752],[50.06764,45.07148],[50.11346,45.0799],[50.11215,45.06249],[50.05356,45.03876],[50.02101,44.97578],[50.02117,44.94404],[50.04282,44.92446],[50.05828,44.9291],[50.07342,44.86176],[50.14137,44.84028],[50.18922,44.86148],[50.14308,44.81786]]],[[[50.75782,44.87055],[50.69776,44.85786],[50.68653,44.91169],[50.6408,44.9333],[50.62794,44.96703],[50.67799,44.93561],[50.71372,44.9538],[50.75782,44.87055]]],[[[52.69907,45.44147],[52.70248,45.40522],[52.67709,45.39696],[52.58855,45.43281],[52.55201,45.47834],[52.59995,45.52749],[52.65504,45.52139],[52.69907,45.44147]]],[[[49.83839,46.28588],[49.82154,46.21752],[49.8047,46.21052],[49.76694,46.24779],[49.71998,46.35676],[49.79217,46.33906],[49.83839,46.28588]]]]}},{"type":"Feature","properties":{"name":"Tajikistan","adm0_a3":"TJK"},"geometry":{"type":"MultiPolygon","coordinates":[[[[70.59345,41.00938],[70.6305,40.97642],[70.64507,40.93518],[70.60838,40.95094],[70.54978,41.01522],[70.59345,41.00938]]],[[[70.97952,40.21408],[70.92929,40.17062],[70.79214,40.16137],[70.72982,40.1207],[70.66595,40.10417],[70.63944,40.08494],[70.61396,39.97575],[70.5766,39.95224],[70.5009,39.94056],[70.47723,39.90092],[70.45563,39.90682],[70.45087,39.93741],[70.4732,39.97012],[70.52095,39.99374],[70.53562,40.01596],[70.52549,40.03368],[70.32426,40.0775],[70.24153,40.13274],[70.14717,40.13698],[70.00459,40.20876],[69.96956,40.2116],[69.57547,40.1036],[69.54302,40.10308],[69.51801,40.1251],[69.46313,40.02541],[69.50158,39.92247],[69.40536,39.89612],[69.3573,39.95947],[69.31399,39.98691],[69.24071,39.82894],[69.2263,39.75101],[69.28753,39.67779],[69.28619,39.53971],[69.30035,39.51562],[69.36164,39.55288],[69.41218,39.52503],[69.47729,39.5304],[69.5823,39.57356],[69.66942,39.57779],[69.83044,39.53624],[69.90775,39.54849],[69.97876,39.53444],[70.04036,39.57361],[70.14898,39.55428],[70.20066,39.6195],[70.21481,39.59112],[70.20603,39.5241],[70.22329,39.51909],[70.33026,39.57309],[70.38431,39.57087],[70.47723,39.6012],[70.52611,39.57562],[70.59784,39.57779],[70.62213,39.56353],[70.65598,39.49371],[70.69975,39.47216],[70.69809,39.41899],[70.71328,39.39842],[70.77013,39.38209],[70.90335,39.42085],[70.97714,39.39491],[71.00929,39.40762],[71.06293,39.49563],[71.0959,39.51237],[71.24927,39.51438],[71.36854,39.59149],[71.45955,39.6121],[71.51091,39.58415],[71.53138,39.55309],[71.4921,39.49366],[71.51287,39.45883],[71.55432,39.44416],[71.70459,39.45899],[71.74025,39.44834],[71.74811,39.37956],[71.7109,39.32096],[71.75121,39.27424],[71.80702,39.27285],[71.95915,39.34587],[72.04979,39.36886],[72.07811,39.33662],[72.09475,39.27507],[72.20327,39.24081],[72.2289,39.18924],[72.31634,39.32882],[72.39323,39.35083],[72.47674,39.34613],[72.51902,39.37569],[72.57576,39.3593],[72.63374,39.3945],[72.83528,39.3562],[72.89367,39.3639],[73.00932,39.34861],[73.07113,39.37072],[73.16786,39.35538],[73.32641,39.39088],[73.34315,39.43067],[73.36764,39.4438],[73.51224,39.46741],[73.60432,39.45961],[73.63264,39.44834],[73.6438,39.35129],[73.60226,39.23577],[73.60784,39.20732],[73.67378,39.14263],[73.70933,39.06547],[73.82612,38.9769],[73.80958,38.93266],[73.71718,38.91858],[73.6808,38.87298],[73.73589,38.80042],[73.73641,38.72167],[73.8164,38.58659],[73.93288,38.52966],[74.0289,38.52724],[74.05877,38.54703],[74.03727,38.59847],[74.0844,38.61403],[74.12336,38.66948],[74.22144,38.64971],[74.3342,38.667],[74.64612,38.56111],[74.69645,38.52398],[74.76032,38.51998],[74.83288,38.46365],[74.83825,38.37942],[74.7843,38.32567],[74.77107,38.29154],[74.79071,38.08145],[74.80994,38.05321],[74.88042,38.02166],[74.89282,37.99401],[74.89076,37.89771],[74.9137,37.88084],[74.88611,37.83056],[74.94925,37.79532],[74.96517,37.76746],[74.88611,37.65346],[74.89189,37.5992],[74.94522,37.54856],[75.05343,37.49384],[75.16412,37.40064],[75.09178,37.37844],[75.06842,37.31214],[74.95153,37.28129],[74.89231,37.23111],[74.86264,37.2446],[74.78854,37.33116],[74.66038,37.39397],[74.52117,37.3756],[74.37813,37.39376],[74.3156,37.42692],[74.30382,37.40017],[74.22392,37.40335],[74.18765,37.33839],[73.83625,37.25674],[73.79821,37.22853],[73.70923,37.21701],[73.68049,37.24246],[73.61766,37.23318],[73.5973,37.26181],[73.63099,37.29599],[73.69042,37.30522],[73.7391,37.33834],[73.75346,37.42839],[73.6745,37.43105],[73.48526,37.48097],[73.44061,37.47994],[73.37839,37.45255],[73.29633,37.46495],[73.21148,37.40826],[73.17024,37.40826],[73.1321,37.38439],[73.06751,37.31506],[72.99558,37.3093],[72.90225,37.2538],[72.79073,37.22026],[72.65771,37.02883],[72.47499,36.99748],[72.40595,37.00767],[72.25981,36.96731],[71.83658,36.69916],[71.74852,36.67864],[71.65302,36.68701],[71.61106,36.70484],[71.55287,36.76959],[71.52848,36.85615],[71.46306,36.94808],[71.45996,37.01074],[71.43112,37.06699],[71.45014,37.21667],[71.48704,37.26706],[71.49386,37.30754],[71.48714,37.40909],[71.51122,37.48588],[71.49716,37.56654],[71.54254,37.71956],[71.52952,37.76113],[71.59029,37.81573],[71.59773,37.89836],[71.53706,37.94446],[71.5012,37.94621],[71.34115,37.8933],[71.25826,37.92647],[71.27263,37.99799],[71.35909,38.18411],[71.35816,38.25126],[71.33438,38.28066],[71.2177,38.32583],[71.1174,38.39864],[71.0498,38.40866],[70.99823,38.46566],[70.95074,38.47305],[70.93622,38.433],[70.871,38.45321],[70.84304,38.44016],[70.77726,38.44647],[70.74181,38.41944],[70.66487,38.40541],[70.68476,38.38665],[70.64135,38.3542],[70.60001,38.34707],[70.58306,38.27508],[70.5472,38.26265],[70.4703,38.12052],[70.25393,37.97339],[70.26153,37.93929],[70.21471,37.92926],[70.17213,37.94608],[70.1652,37.88991],[70.196,37.83991],[70.24716,37.81917],[70.27512,37.77418],[70.28308,37.70483],[70.2483,37.62334],[70.21647,37.61714],[70.15787,37.54143],[70.12914,37.53228],[70.00759,37.54885],[69.9554,37.57548],[69.91881,37.61714],[69.80223,37.58151],[69.75427,37.59667],[69.66498,37.57616],[69.50866,37.57897],[69.49145,37.53699],[69.4254,37.49425],[69.37838,37.43741],[69.37704,37.38066],[69.41791,37.26767],[69.40985,37.24566],[69.4452,37.23641],[69.44215,37.22362],[69.40773,37.17747],[69.32391,37.12099],[69.24568,37.10389],[69.12362,37.1692],[68.98522,37.32036],[68.88787,37.33814],[68.91763,37.30243],[68.91582,37.27907],[68.8903,37.28196],[68.85676,37.32491],[68.83583,37.32914],[68.8102,37.31209],[68.82038,37.25091],[68.75961,37.27524],[68.66886,37.27829],[68.65754,37.26767],[68.67124,37.24718],[68.6486,37.24437],[68.6269,37.20626],[68.55145,37.19262],[68.52386,37.16466],[68.40371,37.15164],[68.41802,37.12828],[68.39188,37.10544],[68.30728,37.11422],[68.28832,37.10321],[68.27778,37.01007],[68.18641,37.01831],[68.03272,36.92524],[67.91842,37.01381],[67.87811,37.06443],[67.78535,37.09655],[67.77197,37.12497],[67.78054,37.18887],[67.82064,37.30331],[67.80122,37.46645],[67.82922,37.52794],[68.05019,37.76041],[68.12223,37.90833],[68.24873,37.94895],[68.34433,38.11545],[68.35622,38.2126],[68.33204,38.24299],[68.18372,38.33549],[68.09804,38.43244],[68.08688,38.49403],[68.05515,38.5363],[68.03763,38.69164],[68.07593,38.72686],[68.06673,38.78797],[68.13598,38.80451],[68.17256,38.84528],[68.16372,38.88747],[68.10094,38.97928],[68.06911,38.9961],[68.00337,38.98212],[67.96327,39.00191],[67.84524,38.97377],[67.69052,38.98961],[67.66722,39.02837],[67.67859,39.10594],[67.66758,39.13177],[67.63771,39.13154],[67.58035,39.1636],[67.49901,39.16598],[67.35008,39.21983],[67.34646,39.28081],[67.38687,39.29419],[67.42728,39.47661],[67.49116,39.4901],[67.48764,39.538],[67.58738,39.56265],[67.7176,39.62337],[68.33756,39.52792],[68.43627,39.5288],[68.51745,39.54844],[68.5067,39.56756],[68.60034,39.64285],[68.62618,39.84961],[68.65109,39.8447],[68.68509,39.86801],[68.74162,39.81964],[68.78736,39.8817],[68.75557,39.95405],[68.75888,39.98056],[68.77976,39.96945],[68.83826,39.86465],[68.88079,39.87834],[68.87743,39.90056],[68.78937,39.99399],[68.78503,40.03394],[68.76172,40.06148],[68.7747,40.07988],[68.81314,40.0389],[68.88177,40.07084],[68.97727,40.06489],[68.98698,40.09171],[68.97727,40.12102],[68.93066,40.1468],[68.68705,40.11032],[68.58112,40.16422],[68.69832,40.19496],[68.80188,40.19114],[68.85655,40.21274],[69.01923,40.23207],[69.19793,40.18298],[69.28526,40.19496],[69.28526,40.21863],[69.2125,40.26876],[69.20836,40.29832],[69.30531,40.29382],[69.3127,40.34281],[69.19844,40.56652],[69.30934,40.59582],[69.3142,40.7293],[69.35507,40.78035],[69.41776,40.80423],[69.50922,40.77467],[69.66012,40.63871],[69.71769,40.63628],[69.80332,40.70563],[70.00966,40.75803],[70.10423,40.81332],[70.28039,40.87771],[70.33589,40.92696],[70.36354,41.03243],[70.40116,41.03998],[70.4457,41.02592],[70.70512,40.80743],[70.70316,40.78893],[70.62874,40.81586],[70.62177,40.78599],[70.63742,40.77059],[70.76713,40.73762],[70.75618,40.69514],[70.7321,40.67499],[70.56932,40.57044],[70.52549,40.55711],[70.4778,40.50549],[70.36964,40.47552],[70.35382,40.45614],[70.38493,40.39971],[70.37139,40.36493],[70.44219,40.34333],[70.52405,40.34374],[70.58182,40.22173],[70.62213,40.19956],[70.70719,40.20018],[70.93834,40.23992],[70.97952,40.21408]]],[[[70.61991,39.8507],[70.69892,39.85845],[70.70481,39.82207],[70.58161,39.76657],[70.49015,39.85018],[70.48374,39.88222],[70.61991,39.8507]]]]}},{"type":"Feature","properties":{"name":"Mongolia","adm0_a3":"MNG"},"geometry":{"type":"Polygon","coordinates":[[[116.68428,49.82326],[116.03781,48.87014],[116.04804,48.79976],[116.02819,48.76746],[115.79121,48.51384],[115.80929,48.27395],[115.79999,48.24233],[115.51422,48.13164],[115.56187,47.9332],[115.5999,47.88741],[115.8527,47.70556],[115.91451,47.68391],[115.9729,47.70905],[116.08431,47.80693],[116.24389,47.86289],[116.49969,47.83636],[116.82205,47.8763],[117.06968,47.81016],[117.31711,47.65407],[117.36083,47.65086],[117.43648,47.7305],[117.52722,47.78649],[117.7669,47.99314],[117.81516,48.00482],[117.97278,47.9979],[118.18248,48.02821],[118.28005,47.99813],[118.4728,47.98945],[118.54225,47.96625],[118.76741,47.75616],[119.08346,47.66156],[119.1339,47.52754],[119.31011,47.4761],[119.31776,47.46212],[119.2819,47.41486],[119.32065,47.40703],[119.47599,47.30921],[119.52509,47.25081],[119.58736,47.23836],[119.69996,47.15953],[119.75396,47.09444],[119.77014,46.993],[119.8523,46.91073],[119.89643,46.89859],[119.88145,46.87285],[119.90289,46.84241],[119.8831,46.75301],[119.90418,46.70893],[119.85442,46.65966],[119.78223,46.65563],[119.74027,46.61325],[119.68012,46.59163],[119.62348,46.61633],[119.50126,46.62801],[119.31693,46.61168],[119.06238,46.66095],[119.01406,46.6833],[118.96724,46.74046],[118.90709,46.7094],[118.84652,46.76549],[118.81624,46.75818],[118.75382,46.69116],[118.72007,46.67674],[118.60938,46.70578],[118.55197,46.68576],[118.4728,46.68568],[118.33555,46.72216],[118.26899,46.72294],[118.16904,46.6785],[118.08388,46.66826],[118.00554,46.62697],[117.90064,46.6076],[117.7976,46.52026],[117.67336,46.51602],[117.6252,46.53566],[117.56815,46.60354],[117.51007,46.57848],[117.3938,46.57137],[117.4125,46.52463],[117.3692,46.47569],[117.33747,46.35728],[116.95785,46.36642],[116.81461,46.38673],[116.722,46.3287],[116.56832,46.29087],[116.52511,46.22679],[116.35717,46.10556],[116.2132,45.90816],[116.2071,45.88087],[116.25164,45.80325],[116.16989,45.7091],[116.09486,45.67654],[116.00215,45.67556],[115.66739,45.45428],[115.33728,45.3947],[115.12634,45.39444],[114.93886,45.37377],[114.70331,45.42715],[114.53371,45.3855],[114.50229,45.30323],[114.41889,45.20148],[114.14934,45.03007],[114.08929,44.96175],[114.01705,44.92728],[113.88931,44.90827],[113.67247,44.76817],[113.60478,44.7397],[113.53243,44.74528],[113.47321,44.7707],[113.10486,44.79437],[112.7485,44.86527],[112.58603,44.92382],[112.52391,44.99328],[112.41281,45.06604],[112.10761,45.06738],[111.95826,45.08454],[111.92674,45.06092],[111.84333,45.03953],[111.73853,44.9663],[111.55136,44.69319],[111.53824,44.58343],[111.42413,44.44804],[111.39706,44.38737],[111.4106,44.32608],[111.49059,44.28262],[111.50372,44.22572],[111.54382,44.15674],[111.63446,44.06594],[111.83878,43.93879],[111.94431,43.78637],[111.93335,43.69664],[111.84581,43.66692],[111.75383,43.6632],[111.56769,43.50254],[111.4014,43.47551],[111.33856,43.43818],[110.97341,43.3156],[110.6801,43.05766],[110.60816,42.94467],[110.44941,42.83734],[110.40673,42.7686],[110.13987,42.68262],[110.06019,42.63836],[109.9127,42.62882],[109.66734,42.54898],[109.48513,42.4493],[109.25341,42.42594],[108.96129,42.44754],[108.79685,42.39837],[108.53646,42.43511],[108.31978,42.43255],[108.17736,42.45431],[106.76783,42.28662],[105.86861,41.99348],[105.3582,41.78585],[105.2009,41.74347],[105.01481,41.59614],[104.97383,41.58614],[104.89234,41.64477],[104.50492,41.65655],[104.50078,41.8706],[103.69143,41.75923],[103.07348,42.00452],[102.03416,42.18461],[101.97422,42.20789],[101.88647,42.27802],[101.73537,42.46116],[101.6376,42.51544],[101.52494,42.53746],[101.41074,42.54487],[101.21871,42.52983],[100.01698,42.67652],[99.47448,42.5642],[97.19327,42.78726],[96.35777,42.7245],[96.3187,42.91007],[95.87438,43.2471],[95.83284,43.4089],[95.69248,43.63054],[95.58924,43.86949],[95.53528,43.95768],[95.51027,43.97912],[95.31897,44.01711],[95.32269,44.15824],[95.39772,44.2805],[95.03681,44.25497],[94.69823,44.3435],[94.58806,44.4361],[94.43013,44.50447],[94.33846,44.51212],[94.27748,44.58958],[94.18188,44.66084],[94.05858,44.65128],[93.92742,44.67293],[93.714,44.87458],[93.52528,44.95126],[93.42058,44.95509],[93.341,44.98485],[93.24416,44.98154],[93.16571,45.00764],[92.94506,45.00583],[92.84759,45.03911],[92.47511,44.99746],[92.28535,45.01953],[92.2189,45.01012],[92.04299,45.07482],[91.66296,45.05952],[91.53398,45.0711],[91.43848,45.14613],[91.36655,45.11425],[91.24914,45.1297],[91.18434,45.15383],[91.13504,45.19786],[91.0568,45.21755],[90.97515,45.21486],[90.87324,45.18618],[90.85764,45.21507],[90.86663,45.25357],[90.79656,45.29284],[90.75325,45.42095],[90.65114,45.49314],[90.71077,45.7522],[90.91924,45.95006],[90.98621,45.99311],[91.00244,46.02184],[90.99592,46.11372],[90.94879,46.16829],[90.89619,46.30203],[90.93577,46.34386],[91.0475,46.56641],[90.99592,46.59462],[91.01556,46.7032],[91.00481,46.74043],[90.92533,46.81314],[90.9365,46.86443],[90.88513,46.94473],[90.82818,46.9823],[90.7424,46.99186],[90.71212,47.0147],[90.46872,47.30892],[90.48722,47.37819],[90.44815,47.40403],[90.44123,47.49304],[90.38159,47.53839],[90.32744,47.62304],[90.3448,47.65864],[90.16342,47.71001],[90.08285,47.7561],[90.05216,47.8107],[90.06435,47.85062],[90.04461,47.87977],[89.94668,47.88318],[89.93444,47.84426],[89.88907,47.82432],[89.7513,47.82432],[89.72339,47.87816],[89.65528,47.89982],[89.62738,47.94395],[89.58324,47.96204],[89.57188,48.02046],[89.5418,48.03102],[89.42542,48.02164],[89.35427,48.03877],[89.24399,47.98022],[89.0747,47.98426],[89.04555,47.99299],[88.91682,48.10595],[88.80541,48.10595],[88.70919,48.16636],[88.63581,48.17585],[88.58077,48.21199],[88.55876,48.28809],[88.57297,48.32532],[88.50269,48.39255],[88.4167,48.3941],[88.30487,48.46901],[88.23563,48.49319],[88.16597,48.49373],[88.06251,48.54288],[87.98303,48.55234],[87.95182,48.5752],[87.94283,48.59949],[88.05502,48.67341],[88.05941,48.70809],[87.97549,48.75599],[87.90758,48.75883],[87.82108,48.78829],[87.79607,48.83976],[87.73788,48.86937],[87.73571,48.88673],[87.7569,48.92037],[87.8726,48.96802],[87.87224,49.00409],[87.8219,49.02874],[87.83555,49.10072],[87.81632,49.16584],[87.95678,49.16889],[88.14395,49.27074],[88.1484,49.29658],[88.11553,49.35658],[88.17475,49.44386],[88.37877,49.47579],[88.53876,49.46654],[88.61576,49.49295],[88.69565,49.44696],[88.87063,49.436],[88.85486,49.47388],[88.85874,49.52737],[88.88892,49.54168],[88.97532,49.45584],[89.16074,49.50272],[89.21562,49.54545],[89.1782,49.59847],[89.18735,49.62198],[89.21644,49.63449],[89.33944,49.5808],[89.37194,49.58168],[89.4416,49.64359],[89.70241,49.71996],[89.71264,49.73516],[89.70153,49.75314],[89.62645,49.78802],[89.64355,49.81887],[89.61534,49.84192],[89.62386,49.90269],[89.7207,49.93974],[89.92018,49.95085],[89.96942,49.96708],[89.99681,50.0],[94.99874,50.0],[95.02834,49.96341],[95.0764,49.94553],[95.35473,49.9477],[95.50066,49.88672],[95.58396,49.9367],[95.72142,49.9585],[95.76961,50.0],[95.8841,50.0],[95.92265,49.9446],[95.94632,49.9385],[96.05598,49.99881],[96.2356,49.9492],[96.34629,49.88858],[96.50329,49.92212],[96.58514,49.85753],[96.70193,49.91375],[96.9692,49.88667],[97.05726,49.81272],[97.11989,49.79365],[97.15296,49.75025],[97.30169,49.72554],[97.39078,49.74947],[97.54271,49.82275],[97.57361,49.8475],[97.58126,49.87794],[97.56658,49.9168],[97.75634,49.9615],[97.82992,49.92331],[97.9062,49.97308],[97.9826,50.0],[107.32236,50.0],[107.36407,49.97612],[107.72932,49.97194],[107.80792,49.94388],[107.94652,49.93349],[107.95261,49.89747],[107.93003,49.85143],[107.95577,49.74554],[107.92745,49.67004],[108.01582,49.65573],[108.00527,49.6178],[108.01571,49.60224],[108.1062,49.55434],[108.23637,49.53248],[108.33486,49.43636],[108.53806,49.32743],[108.93049,49.34882],[109.03296,49.3279],[109.1606,49.34665],[109.28669,49.33854],[109.41123,49.30319],[109.45071,49.30593],[109.47438,49.26914],[109.51624,49.25591],[109.72853,49.26645],[109.81772,49.22775],[110.18142,49.16196],[110.26834,49.17705],[110.37118,49.24175],[110.45127,49.19457],[110.60362,49.14532],[110.68806,49.13452],[110.84102,49.16243],[111.13857,49.29157],[111.27355,49.32283],[111.33845,49.36474],[111.47912,49.34335],[111.66102,49.39637],[112.0302,49.41187],[112.47327,49.53414],[112.58427,49.52633],[112.70147,49.4913],[112.77713,49.50137],[112.94735,49.5761],[113.06083,49.59599],[113.0875,49.68741],[113.18268,49.80197],[113.54159,50.0],[115.17088,50.0],[115.3687,49.8954],[115.5782,49.89365],[115.68341,49.87768],[115.7509,49.88497],[116.05362,49.99845],[116.27262,50.0],[116.57545,49.92176],[116.68428,49.82326]]]}},{"type":"Feature","properties":{"name":"Russia","adm0_a3":"RUS"},"geometry":{"type":"MultiPolygon","coordinates":[[[[87.71638,49.15886],[87.50006,49.11917],[87.48177,49.09163],[87.43836,49.07468],[87.3623,49.07509],[87.3238,49.08527],[87.27176,49.20511],[87.19032,49.23782],[87.02454,49.24893],[87.01255,49.28071],[86.91302,49.3387],[86.90506,49.35192],[86.93307,49.39011],[86.81401,49.45001],[86.82434,49.50923],[86.73257,49.55067],[86.64255,49.54747],[86.5918,49.58721],[86.64709,49.65366],[86.77587,49.695],[86.74052,49.72275],[86.75959,49.76771],[86.74838,49.78296],[86.68492,49.7782],[86.6102,49.79552],[86.56513,49.7427],[86.47274,49.70834],[86.47548,49.67082],[86.27213,49.58364],[86.17725,49.46334],[86.11152,49.52018],[86.07049,49.52628],[85.963,49.47858],[85.93143,49.49285],[85.94057,49.55961],[85.88073,49.56328],[85.80921,49.53651],[85.74741,49.573],[85.6733,49.56044],[85.61486,49.61713],[85.47569,49.58307],[85.38402,49.61568],[85.2631,49.58152],[85.22361,49.59573],[85.19504,49.62565],[85.18512,49.70503],[85.08171,49.80001],[85.05629,49.87334],[84.95459,49.90693],[84.95479,49.99049],[89.99681,50.0],[89.96942,49.96708],[89.92018,49.95085],[89.7207,49.93974],[89.62386,49.90269],[89.61534,49.84192],[89.64355,49.81887],[89.62645,49.78802],[89.70153,49.75314],[89.71264,49.73516],[89.70241,49.71996],[89.4416,49.64359],[89.37194,49.58168],[89.33944,49.5808],[89.21644,49.63449],[89.18735,49.62198],[89.1782,49.59847],[89.21562,49.54545],[89.16074,49.50272],[88.97532,49.45584],[88.88892,49.54168],[88.85874,49.52737],[88.85486,49.47388],[88.87063,49.436],[88.69565,49.44696],[88.61576,49.49295],[88.53876,49.46654],[88.37877,49.47579],[88.19997,49.45435],[88.16173,49.43011],[88.11553,49.35658],[88.1484,49.29658],[88.14395,49.27074],[88.1085,49.24743],[87.95678,49.16889],[87.71638,49.15886]]],[[[48.86201,49.99292],[48.7846,49.93339],[48.47909,49.84316],[48.42989,49.80967],[48.30287,49.86672],[48.23931,49.86476],[48.20045,49.92502],[48.14929,49.95494],[48.1222,50.0],[48.86201,49.99292]]],[[[47.25478,50.0],[47.17736,49.94718],[46.95856,49.88414],[46.92259,49.86135],[46.89991,49.82032],[46.77511,49.33254],[46.97923,49.24428],[47.02863,49.20149],[47.04,49.15033],[47.02088,49.09685],[46.93003,49.00404],[46.75382,48.91407],[46.47828,48.41056],[47.09891,48.26538],[47.11214,48.24155],[47.07524,48.20512],[47.11648,48.15386],[47.10356,48.1012],[47.19203,48.0718],[47.13705,48.02725],[47.04424,47.98622],[47.15865,47.87155],[47.12516,47.83209],[47.12382,47.80804],[47.35967,47.68334],[47.38293,47.70536],[47.38882,47.81192],[47.41218,47.83587],[47.64973,47.76559],[48.04449,47.7697],[48.17435,47.71285],[48.41108,47.44576],[48.52508,47.41023],[48.69726,47.10098],[49.00629,46.76911],[48.91689,46.70258],[48.76403,46.68284],[48.73954,46.69056],[48.67659,46.75803],[48.6182,46.77043],[48.5567,46.76175],[48.50575,46.7326],[48.45511,46.6608],[48.53004,46.63819],[48.56301,46.59132],[48.53939,46.56796],[48.70502,46.55044],[48.81964,46.47926],[48.91798,46.47432],[49.03316,46.4049],[49.22713,46.32788],[49.306,46.26313],[49.28199,46.2499],[49.15968,46.29194],[49.1421,46.30996],[49.16822,46.32754],[49.15016,46.33576],[49.07618,46.2862],[49.05893,46.25178],[49.10475,46.24067],[49.11451,46.15127],[49.06902,46.19196],[49.04225,46.19623],[48.93482,46.14191],[48.95533,46.10782],[48.93181,46.08527],[48.89926,46.14838],[48.88014,46.1562],[48.88697,46.10782],[48.8392,46.14936],[48.8742,46.07819],[48.85963,46.07364],[48.81853,46.1247],[48.79135,46.12824],[48.82765,46.08771],[48.81788,46.05622],[48.78175,46.09667],[48.71412,46.12958],[48.702,46.11522],[48.67856,46.12031],[48.66424,46.08979],[48.62696,46.08731],[48.68849,46.0668],[48.72902,46.01996],[48.64731,45.97061],[48.6548,45.95694],[48.69907,45.9726],[48.75221,45.96556],[48.74244,45.91413],[48.79135,45.84089],[48.76547,45.8522],[48.72145,45.83832],[48.71632,45.81354],[48.6867,45.84858],[48.71013,45.88182],[48.63038,45.90974],[48.59376,45.9582],[48.55494,45.96748],[48.50953,45.94062],[48.46559,45.94017],[48.39356,45.86815],[48.35694,45.86937],[48.40724,45.85187],[48.39942,45.8354],[48.28875,45.83735],[48.27719,45.7862],[48.22088,45.7652],[48.24285,45.70991],[48.17986,45.73969],[48.1478,45.74335],[48.13356,45.72419],[48.07887,45.75153],[48.0075,45.70051],[47.969,45.73164],[47.89698,45.69379],[47.85914,45.72419],[47.83473,45.65986],[47.85231,45.64228],[47.81821,45.6081],[47.75172,45.69086],[47.66521,45.70751],[47.61948,45.75894],[47.56007,45.77155],[47.55535,45.7436],[47.5923,45.74462],[47.62615,45.70905],[47.60874,45.63882],[47.66114,45.62177],[47.64552,45.59219],[47.65366,45.55907],[47.615,45.57022],[47.58595,45.6258],[47.5407,45.66584],[47.48243,45.66893],[47.43263,45.69448],[47.45509,45.71735],[47.50343,45.71735],[47.38478,45.75019],[47.42774,45.67642],[47.55128,45.628],[47.57211,45.56696],[47.54233,45.53706],[47.5088,45.57111],[47.50961,45.5939],[47.49431,45.58515],[47.53826,45.5065],[47.50148,45.48046],[47.49676,45.43],[47.38136,45.41104],[47.46013,45.39082],[47.38404,45.29946],[47.37013,45.18561],[47.29713,45.18744],[47.20118,44.97004],[47.16578,44.96699],[47.14601,44.9291],[47.09881,44.95637],[47.11166,44.86957],[47.0783,44.7851],[47.02361,44.84296],[47.00318,44.92158],[46.98894,44.91543],[46.9839,44.89338],[47.01002,44.83006],[46.9616,44.7652],[46.92384,44.77204],[46.86793,44.74046],[46.83131,44.69636],[46.79168,44.70604],[46.74627,44.65404],[46.72202,44.65534],[46.70777,44.56973],[46.72316,44.54946],[46.68043,44.52847],[46.70094,44.44619],[46.75896,44.40058],[46.8519,44.39761],[47.02564,44.3596],[47.05543,44.3277],[47.0783,44.26435],[47.12224,44.22272],[47.18002,44.20287],[47.22169,44.23078],[47.24594,44.21198],[47.28989,44.093],[47.35792,44.02058],[47.43263,43.87617],[47.46192,43.8603],[47.44142,43.81928],[47.48276,43.8249],[47.50278,43.78099],[47.44459,43.73847],[47.43393,43.71625],[47.45509,43.68895],[47.39356,43.60639],[47.36573,43.62067],[47.37989,43.55972],[47.40496,43.54377],[47.40431,43.51138],[47.42433,43.50397],[47.4485,43.51813],[47.46534,43.55215],[47.47779,43.64374],[47.50734,43.68574],[47.5027,43.71503],[47.53386,43.77595],[47.54444,43.86522],[47.59571,43.90119],[47.70151,43.8745],[47.64381,43.8299],[47.60157,43.76569],[47.4909,43.46284],[47.49342,43.29633],[47.50961,43.29169],[47.57032,43.33373],[47.5857,43.29955],[47.56495,43.26805],[47.48585,43.21284],[47.48243,43.12726],[47.45509,43.09992],[47.46192,43.02082],[47.53012,42.9621],[47.58985,42.94269],[47.62159,42.9051],[47.69809,42.86713],[47.72731,42.66279],[47.7518,42.63666],[47.86769,42.58466],[47.99293,42.41966],[48.09596,42.3498],[48.22234,42.17512],[48.30405,42.10273],[48.38673,41.9372],[48.41635,41.91502],[48.55291,41.87556],[48.57895,41.84528],[48.45542,41.71441],[48.39305,41.59888],[48.20184,41.49349],[48.05353,41.4613],[48.00165,41.36208],[47.95323,41.35577],[47.89215,41.28327],[47.89886,41.22906],[47.87111,41.20818],[47.74373,41.19268],[47.6225,41.22906],[47.54731,41.20565],[47.50096,41.24632],[47.37559,41.25945],[47.25084,41.31603],[47.23906,41.41572],[47.15932,41.50351],[47.14139,41.5524],[47.10749,41.56992],[47.02703,41.55695],[47.00393,41.60542],[46.91598,41.68094],[46.90223,41.71275],[46.8348,41.73024],[46.76911,41.77572],[46.7408,41.85124],[46.56758,41.78668],[46.54432,41.81476],[46.54355,41.87429],[46.52551,41.8823],[46.43089,41.89044],[46.38206,41.92525],[46.29416,41.93863],[46.22434,41.99348],[46.09918,41.98506],[46.05846,42.02033],[45.99516,42.03346],[45.94756,42.02291],[45.88136,42.10203],[45.8116,42.11549],[45.6314,42.20117],[45.62138,42.22448],[45.73962,42.47147],[45.69869,42.50759],[45.62066,42.53038],[45.47927,42.54234],[45.35597,42.51996],[45.32269,42.53012],[45.28269,42.58639],[45.15536,42.69326],[45.12296,42.70228],[45.02979,42.68876],[44.90297,42.75308],[44.85936,42.75951],[44.77347,42.60965],[44.73637,42.67755],[44.67942,42.72367],[44.60098,42.74912],[44.50812,42.75029],[44.36068,42.70375],[44.272,42.70238],[44.19738,42.6291],[44.05507,42.61531],[43.93973,42.55221],[43.88536,42.57921],[43.75111,42.59874],[43.72258,42.62487],[43.72568,42.6544],[43.81178,42.71726],[43.80061,42.74646],[43.66284,42.77984],[43.58626,42.83563],[43.51743,42.86046],[43.15559,42.94239],[42.99885,43.04221],[43.00009,43.09866],[42.91483,43.12194],[42.82977,43.16876],[42.6736,43.16589],[42.61521,43.13698],[42.42287,43.22899],[42.35455,43.23602],[42.18536,43.22548],[42.04336,43.18057],[41.91933,43.20594],[41.57754,43.2153],[41.50613,43.25979],[41.41311,43.29129],[41.38066,43.33477],[41.27875,43.3332],[41.14667,43.37986],[41.01179,43.37542],[40.87495,43.45564],[40.74018,43.49528],[40.65192,43.53897],[40.51962,43.50518],[40.23313,43.57576],[40.1643,43.57584],[40.07283,43.55106],[40.0,43.42286],[40.0,48.80277],[40.03872,48.82999],[40.05381,48.86922],[40.03428,48.8856],[40.0,48.88213],[40.0,49.15111],[40.13402,49.23627],[40.15954,49.33358],[40.06198,49.42582],[40.0349,49.48706],[40.05433,49.51977],[40.12606,49.5591],[40.13071,49.57982],[40.0,49.6082],[40.0,50.0],[47.25478,50.0]]],[[[119.15514,50.0],[118.99044,49.97933],[118.92378,49.99163],[118.74146,49.95308],[118.64436,49.95458],[118.52127,49.89406],[118.47704,49.83598],[118.39373,49.82001],[118.37296,49.78632],[118.2294,49.72921],[118.18848,49.68126],[117.93071,49.56731],[117.89382,49.54664],[117.87377,49.51321],[117.83687,49.50902],[117.75884,49.51274],[117.47286,49.61428],[117.25292,49.62245],[117.05759,49.67289],[116.72231,49.80166],[116.57545,49.92176],[116.27262,50.0],[119.15514,50.0]]],[[[116.05362,49.99845],[115.7509,49.88497],[115.68341,49.87768],[115.5782,49.89365],[115.3687,49.8954],[115.17088,50.0],[116.05362,49.99845]]],[[[113.54159,50.0],[113.18268,49.80197],[113.0875,49.68741],[113.06083,49.59599],[112.94735,49.5761],[112.77713,49.50137],[112.70147,49.4913],[112.58427,49.52633],[112.47327,49.53414],[112.0302,49.41187],[111.66102,49.39637],[111.47912,49.34335],[111.33845,49.36474],[111.27355,49.32283],[111.13857,49.29157],[110.84102,49.16243],[110.68806,49.13452],[110.60362,49.14532],[110.45127,49.19457],[110.37118,49.24175],[110.26834,49.17705],[110.18142,49.16196],[109.81772,49.22775],[109.72853,49.26645],[109.51624,49.25591],[109.47438,49.26914],[109.45071,49.30593],[109.41123,49.30319],[109.28669,49.33854],[109.1606,49.34665],[109.03296,49.3279],[108.93049,49.34882],[108.53806,49.32743],[108.33486,49.43636],[108.23637,49.53248],[108.1062,49.55434],[108.01571,49.60224],[108.00527,49.6178],[108.01582,49.65573],[107.92745,49.67004],[107.95577,49.74554],[107.93003,49.85143],[107.95261,49.89747],[107.94652,49.93349],[107.80792,49.94388],[107.72932,49.97194],[107.36407,49.97612],[107.32236,50.0],[113.54159,50.0]]],[[[107.25808,50.0],[107.22491,49.99705],[107.21419,50.0],[107.25808,50.0]]],[[[97.9062,49.97308],[97.82992,49.92331],[97.75634,49.9615],[97.56658,49.9168],[97.58126,49.87794],[97.57361,49.8475],[97.54271,49.82275],[97.39078,49.74947],[97.30169,49.72554],[97.15296,49.75025],[97.11989,49.79365],[97.05726,49.81272],[96.9692,49.88667],[96.70193,49.91375],[96.58514,49.85753],[96.50329,49.92212],[96.34629,49.88858],[96.2356,49.9492],[96.05598,49.99881],[95.94632,49.9385],[95.92265,49.9446],[95.8841,50.0],[97.9826,50.0],[97.9062,49.97308]]],[[[95.76961,50.0],[95.72142,49.9585],[95.58396,49.9367],[95.50066,49.88672],[95.35473,49.9477],[95.0764,49.94553],[95.02834,49.96341],[94.99874,50.0],[95.76961,50.0]]],[[[47.86207,43.99433],[47.86687,43.98379],[47.76295,43.92841],[47.68409,43.93952],[47.68019,43.9514],[47.64283,43.9444],[47.62818,43.96259],[47.6657,43.99628],[47.86207,43.99433]]],[[[47.99879,45.45384],[47.95981,45.47578],[47.91774,45.57005],[47.91749,45.63276],[47.95704,45.65046],[47.99708,45.52049],[47.99879,45.45384]]]]}},{"type":"Feature","properties":{"name":"Vietnam","adm0_a3":"VNM"},"geometry":{"type":"MultiPolygon","coordinates":[[[[107.53243,14.67794],[107.49807,14.74595],[107.50928,14.75864],[107.49088,14.80424],[107.55817,14.88672],[107.46195,14.95681],[107.44556,15.02539],[107.58907,15.05818],[107.58049,15.09675],[107.61579,15.13551],[107.62726,15.19652],[107.65398,15.19956],[107.6641,15.26855],[107.58659,15.34335],[107.57315,15.41123],[107.49393,15.42004],[107.48748,15.48141],[107.46081,15.48438],[107.44298,15.50921],[107.36934,15.49606],[107.31643,15.58874],[107.23912,15.64512],[107.22568,15.71682],[107.14879,15.77346],[107.18625,15.8594],[107.23566,15.85552],[107.30506,15.89913],[107.37554,15.91908],[107.44474,16.00998],[107.43564,16.06884],[107.29896,16.06419],[107.23881,16.12982],[107.14202,16.177],[107.10827,16.26748],[107.05339,16.29523],[106.95655,16.30707],[106.94601,16.34614],[106.89774,16.37854],[106.8763,16.41802],[106.85588,16.41466],[106.86405,16.50406],[106.84669,16.53005],[106.82286,16.53098],[106.7424,16.42153],[106.67068,16.44442],[106.64117,16.51036],[106.64019,16.58664],[106.57244,16.61356],[106.54066,16.65914],[106.52454,16.98925],[106.49684,16.96393],[106.41136,16.99571],[106.38713,17.04718],[106.39493,17.068],[106.30636,17.17652],[106.31054,17.22712],[106.28455,17.28479],[106.25995,17.28923],[106.22182,17.24489],[106.18544,17.2574],[106.0193,17.3945],[105.81988,17.62156],[105.72309,17.6735],[105.64397,17.8201],[105.60521,17.85426],[105.59415,17.88811],[105.60604,17.96412],[105.55932,18.01534],[105.54651,18.05895],[105.47602,18.12732],[105.46672,18.18096],[105.41003,18.20189],[105.36554,18.15104],[105.29505,18.19561],[105.29252,18.25274],[105.23593,18.24946],[105.16617,18.30679],[105.16286,18.36601],[105.09077,18.42653],[105.07997,18.45435],[105.11362,18.58083],[105.12814,18.59892],[105.16209,18.59819],[105.16948,18.61486],[105.11268,18.69834],[105.06457,18.69664],[104.99016,18.73302],[104.91972,18.73558],[104.89936,18.77061],[104.87291,18.77798],[104.80164,18.77513],[104.71028,18.79609],[104.68558,18.82477],[104.6462,18.83255],[104.55608,18.89647],[104.49768,18.96799],[104.41324,18.98311],[104.35516,19.04788],[104.25992,19.10406],[104.21062,19.10075],[104.19812,19.14695],[104.14773,19.18289],[104.03673,19.23025],[103.97275,19.22529],[103.91095,19.26301],[103.89266,19.29389],[103.84842,19.29991],[103.95281,19.39096],[104.03828,19.41293],[104.0605,19.47129],[104.08996,19.48367],[104.07156,19.55914],[104.01735,19.60041],[104.00097,19.68074],[104.08872,19.6519],[104.13631,19.68746],[104.22897,19.70601],[104.27702,19.68389],[104.29527,19.65487],[104.34188,19.68301],[104.38007,19.68528],[104.50585,19.60281],[104.57923,19.61803],[104.61426,19.60744],[104.67597,19.72469],[104.805,19.79089],[104.81663,19.84809],[104.75555,19.86701],[104.78066,19.90809],[104.85792,19.95522],[104.87384,19.98266],[104.94949,19.9955],[104.94396,20.0671],[104.96442,20.07609],[104.90489,20.13464],[104.90799,20.17533],[104.81916,20.22099],[104.69085,20.19655],[104.65705,20.2127],[104.65736,20.27962],[104.68863,20.30104],[104.68093,20.34098],[104.57551,20.41405],[104.43236,20.41106],[104.35981,20.43974],[104.42379,20.49544],[104.44497,20.53461],[104.49582,20.51193],[104.54264,20.5357],[104.6152,20.64649],[104.49231,20.7021],[104.45262,20.76359],[104.38906,20.77098],[104.27894,20.89154],[104.22106,20.89201],[104.19388,20.92989],[104.09228,20.9612],[104.05668,20.95882],[104.01058,20.90808],[103.78532,20.84596],[103.75675,20.79599],[103.75458,20.74292],[103.70724,20.72184],[103.71427,20.67171],[103.67634,20.65652],[103.57795,20.7329],[103.48937,20.75248],[103.44044,20.81573],[103.34768,20.78907],[103.24711,20.83072],[103.19709,20.82782],[103.11529,20.86839],[103.01452,21.04053],[102.95158,21.069],[102.92563,21.14166],[102.8891,21.16641],[102.88786,21.22692],[102.85019,21.25168],[102.8013,21.25483],[102.8752,21.30532],[102.88383,21.38836],[102.91804,21.45011],[102.84967,21.42541],[102.97411,21.57532],[102.9478,21.73712],[102.84719,21.70446],[102.82647,21.8213],[102.80673,21.83608],[102.78916,21.82032],[102.78668,21.73991],[102.75216,21.6809],[102.72115,21.66168],[102.65066,21.6578],[102.63191,21.70627],[102.62514,21.82864],[102.59103,21.90135],[102.47806,21.95758],[102.46639,21.99535],[102.48287,22.0214],[102.42215,22.06222],[102.38944,22.1171],[102.20697,22.24541],[102.15436,22.30469],[102.15612,22.3281],[102.11866,22.39755],[102.16454,22.42551],[102.21803,22.41068],[102.25255,22.49548],[102.37688,22.61557],[102.38432,22.62885],[102.35585,22.66994],[102.40727,22.69345],[102.44272,22.76518],[102.51579,22.74518],[102.53579,22.69582],[102.58669,22.71608],[102.61248,22.69159],[102.69273,22.6705],[102.7519,22.62529],[102.83184,22.59971],[102.90259,22.47723],[103.02904,22.43016],[103.04506,22.44054],[103.04418,22.48648],[103.142,22.5378],[103.13002,22.57795],[103.14174,22.60704],[103.24489,22.6687],[103.30964,22.78794],[103.35708,22.77603],[103.40173,22.73784],[103.40431,22.6888],[103.44752,22.61826],[103.50364,22.58141],[103.55092,22.64079],[103.54715,22.70068],[103.59004,22.76802],[103.64693,22.79905],[103.83633,22.60276],[103.95952,22.5071],[103.98536,22.52715],[104.02381,22.71918],[104.08686,22.79156],[104.24116,22.8244],[104.22876,22.78344],[104.23682,22.74208],[104.34017,22.68637],[104.449,22.74518],[104.55354,22.83605],[104.58843,22.80685],[104.60982,22.823],[104.70077,22.81825],[104.7742,22.89623],[104.82361,22.92413],[104.79792,23.08557],[104.86128,23.1196],[104.87006,23.16355],[104.89476,23.17034],[104.93507,23.15427],[105.06106,23.23246],[105.15563,23.26685],[105.2009,23.25401],[105.24554,23.33018],[105.31216,23.36581],[105.34404,23.30419],[105.38952,23.27543],[105.4259,23.27321],[105.47385,23.1945],[105.52827,23.15551],[105.55157,23.05968],[105.69032,23.04397],[105.75471,23.00568],[105.85388,22.90465],[105.876,22.92827],[105.96121,22.9324],[105.99924,22.97537],[106.1321,22.97501],[106.20238,22.947],[106.22709,22.87556],[106.2554,22.85465],[106.31566,22.8538],[106.45798,22.88897],[106.48779,22.92542],[106.58169,22.89527],[106.61037,22.85287],[106.66747,22.86752],[106.73036,22.79763],[106.78984,22.79719],[106.7915,22.77212],[106.74664,22.74435],[106.68019,22.57945],[106.64634,22.5688],[106.60763,22.60999],[106.57714,22.59531],[106.52691,22.43827],[106.5418,22.3451],[106.63378,22.30944],[106.66293,22.2233],[106.63967,22.1909],[106.67218,22.0925],[106.65311,21.96889],[106.6746,21.96218],[106.72876,22.00832],[106.78152,21.97504],[106.86477,21.96807],[106.92038,21.91696],[106.97123,21.93582],[107.00936,21.92745],[107.02115,21.89226],[106.98714,21.84482],[107.0029,21.81056],[107.06585,21.79583],[107.17235,21.71506],[107.21214,21.70524],[107.27266,21.71831],[107.34816,21.59936],[107.42603,21.65206],[107.45704,21.6315],[107.46102,21.59636],[107.50132,21.58153],[107.53305,21.60866],[107.6132,21.60561],[107.69025,21.62473],[107.74482,21.65754],[107.7779,21.65599],[107.83236,21.63935],[107.85546,21.60034],[107.99122,21.48566],[107.9297,21.44261],[107.91603,21.4584],[107.92856,21.49055],[107.90968,21.52652],[107.88193,21.53408],[107.86842,21.51362],[107.8628,21.53022],[107.83595,21.48835],[107.82667,21.52668],[107.813,21.52045],[107.82057,21.49311],[107.80006,21.49934],[107.79624,21.51948],[107.76686,21.52021],[107.75221,21.50678],[107.78858,21.49445],[107.78639,21.4584],[107.76181,21.45075],[107.74855,21.4112],[107.69809,21.39838],[107.66904,21.4112],[107.66342,21.37808],[107.63502,21.38325],[107.64234,21.34227],[107.62135,21.33552],[107.62875,21.32868],[107.60816,21.33552],[107.59059,21.29389],[107.55405,21.30451],[107.52231,21.34854],[107.53745,21.30195],[107.52662,21.29877],[107.41529,21.32868],[107.40903,21.31501],[107.44313,21.28766],[107.36744,21.27338],[107.36061,21.23924],[107.35434,21.19147],[107.38844,21.18464],[107.36744,21.08788],[107.35434,21.08222],[107.37428,21.02757],[107.33383,21.00584],[107.21119,20.99226],[107.23113,20.97919],[107.19337,20.9527],[107.19703,20.93765],[107.14918,20.93081],[107.06609,20.95873],[107.14918,21.0406],[107.11118,21.03311],[107.08375,21.00584],[107.08033,21.03384],[107.06324,21.00934],[107.05299,21.03384],[107.04615,20.9997],[107.04461,21.02509],[107.02564,21.03384],[107.03932,20.9997],[106.99781,21.02017],[107.02564,20.97236],[107.00099,20.95108],[106.94695,20.95429],[106.88461,20.99323],[106.85377,20.99226],[106.94313,20.9103],[106.9017,20.90786],[106.87428,20.93765],[106.88795,20.9103],[106.86793,20.88272],[106.83326,20.93765],[106.806,20.93207],[106.77247,20.95742],[106.82065,20.97602],[106.79811,21.02481],[106.77858,21.02757],[106.78541,21.01337],[106.7308,21.02985],[106.7103,21.02017],[106.71778,21.00584],[106.6421,21.02017],[106.68295,21.00584],[106.65577,21.00584],[106.67628,20.95873],[106.75514,20.93854],[106.74448,20.883],[106.71778,20.90351],[106.69996,20.88276],[106.74448,20.84886],[106.7492,20.80435],[106.73658,20.79499],[106.71778,20.80785],[106.75563,20.75121],[106.77858,20.7464],[106.80592,20.67756],[106.7671,20.71345],[106.71697,20.69131],[106.66261,20.69798],[106.70314,20.65965],[106.63754,20.62808],[106.58676,20.66327],[106.62721,20.6166],[106.62477,20.59463],[106.51856,20.54096],[106.55063,20.53242],[106.57993,20.54719],[106.56772,20.52489],[106.57993,20.47826],[106.53696,20.46206],[106.51856,20.43732],[106.5617,20.45506],[106.59425,20.44819],[106.58416,20.38182],[106.57309,20.36848],[106.55958,20.37592],[106.57765,20.35895],[106.59259,20.27541],[106.58166,20.26418],[106.53696,20.30915],[106.49806,20.30825],[106.54851,20.29145],[106.56962,20.23199],[106.38071,20.21198],[106.38795,20.1975],[106.19703,20.01276],[106.2033,20.04751],[106.17604,19.99234],[106.10711,19.96499],[106.10711,20.03327],[106.08351,19.96499],[106.02516,19.99917],[105.95558,19.92548],[105.9568,19.87564],[105.9358,19.84829],[105.92888,19.79365],[105.91529,19.80732],[105.86744,19.77318],[105.92888,19.78001],[105.92335,19.76679],[105.89527,19.72134],[105.86695,19.7211],[105.82594,19.64224],[105.81902,19.58759],[105.81756,19.61001],[105.80388,19.61302],[105.79086,19.60346],[105.79176,19.58759],[105.80543,19.60871],[105.81902,19.57392],[105.81276,19.42316],[105.7986,19.43057],[105.77125,19.40327],[105.81007,19.32148],[105.81276,19.30703],[105.79176,19.3207],[105.80877,19.28018],[105.78102,19.26488],[105.77231,19.23599],[105.74342,19.23192],[105.73707,19.10847],[105.69557,19.08112],[105.6683,19.08954],[105.64381,19.06538],[105.61329,18.98554],[105.63478,18.90982],[105.71664,18.85456],[105.70289,18.83413],[105.67506,18.85456],[105.68873,18.82665],[105.72006,18.82355],[105.75196,18.78632],[105.75074,18.66279],[105.77003,18.67158],[105.76442,18.75898],[105.78346,18.74726],[105.82594,18.5939],[105.87924,18.51093],[105.91529,18.47309],[105.94947,18.47102],[105.97731,18.40209],[106.11012,18.27554],[106.11215,18.26288],[106.09344,18.25873],[106.16578,18.26557],[106.27084,18.20409],[106.34604,18.13272],[106.35402,18.11469],[106.32407,18.11807],[106.30633,18.10049],[106.34034,18.10049],[106.34669,18.05948],[106.3602,18.10049],[106.39503,18.10049],[106.42237,18.12836],[106.43482,18.12352],[106.42774,18.0729],[106.52475,17.94961],[106.45509,17.88182],[106.43605,17.88198],[106.45102,17.86571],[106.44288,17.84658],[106.47006,17.7482],[106.49806,17.71064],[106.44874,17.71601],[106.43556,17.73945],[106.37452,17.76529],[106.28517,17.77212],[106.42921,17.73115],[106.38307,17.71918],[106.37965,17.6988],[106.4087,17.68277],[106.39503,17.70319],[106.41749,17.71296],[106.5044,17.68277],[106.63461,17.4704],[106.76393,17.33552],[107.11183,17.08828],[107.12721,17.05976],[107.12127,17.01854],[107.20387,16.91926],[107.14178,16.86774],[107.1902,16.87458],[107.18946,16.89232],[107.21648,16.90795],[107.60467,16.59569],[107.63526,16.58723],[107.59604,16.59052],[107.47364,16.65314],[107.44337,16.64802],[107.63526,16.55927],[107.60841,16.54499],[107.6631,16.55182],[107.64894,16.52143],[107.6631,16.49722],[107.69711,16.52009],[107.84116,16.37979],[107.79656,16.38736],[107.81227,16.31318],[107.8965,16.27806],[107.93751,16.31208],[107.92994,16.35322],[108.01197,16.31904],[108.04298,16.34638],[108.09449,16.23652],[108.05201,16.26211],[108.05397,16.23599],[108.20436,16.2167],[108.14226,16.14838],[108.14283,16.11937],[108.19752,16.07201],[108.22828,16.08975],[108.23325,16.0371],[108.19752,16.00373],[108.24985,16.02326],[108.25896,16.01056],[108.24195,16.07575],[108.24732,16.12324],[108.22486,16.12727],[108.24537,16.16201],[108.31739,16.13471],[108.33139,16.15534],[108.3484,16.13471],[108.31422,16.09992],[108.2658,16.10741],[108.25856,16.07099],[108.27914,15.99567],[108.30592,15.95523],[108.38819,15.89838],[108.39617,15.88084],[108.37517,15.86945],[108.40992,15.88084],[108.42408,15.80573],[108.45533,15.74702],[108.61866,15.52924],[108.64625,15.51386],[108.68344,15.51777],[108.66774,15.48265],[108.65626,15.49665],[108.6294,15.48652],[108.62892,15.45572],[108.65252,15.43879],[108.69711,15.49042],[108.70395,15.44514],[108.77296,15.38679],[108.77296,15.32534],[108.78712,15.34585],[108.8213,15.34585],[108.78858,15.37417],[108.81446,15.4079],[108.80014,15.42902],[108.82748,15.42902],[108.83904,15.37434],[108.88282,15.33617],[108.88657,15.2862],[108.95167,15.25023],[108.93295,15.2272],[108.90333,15.22289],[108.92433,15.20181],[108.91,15.2093],[108.89772,15.154],[108.86248,15.15249],[108.89226,15.14134],[108.89772,15.11986],[108.91,15.14663],[108.94264,14.97956],[109.00563,14.83877],[108.98552,14.83662],[109.01246,14.82197],[109.08611,14.71532],[109.09506,14.66743],[109.07643,14.68561],[109.08823,14.58926],[109.07667,14.58568],[109.06105,14.56371],[109.06707,14.55073],[109.07447,14.5786],[109.12574,14.4654],[109.13648,14.36685],[109.1906,14.29125],[109.20118,14.23603],[109.19093,14.22053],[109.23902,14.133],[109.22022,14.13524],[109.19752,14.16779],[109.17449,14.17206],[109.17262,14.15656],[109.22543,14.10399],[109.2527,14.03262],[109.26637,13.92072],[109.30738,13.87637],[109.30397,13.75926],[109.26979,13.7556],[109.2732,13.82453],[109.25148,13.89094],[109.22071,13.80614],[109.23219,13.81086],[109.25896,13.77733],[109.22625,13.7436],[109.22478,13.72211],[109.24757,13.62271],[109.30388,13.56879],[109.28679,13.5576],[109.2942,13.53034],[109.21852,13.64696],[109.21013,13.6308],[109.28679,13.50922],[109.31422,13.5229],[109.30372,13.47988],[109.33969,13.46548],[109.30738,13.40681],[109.2732,13.43106],[109.30047,13.46137],[109.26254,13.48932],[109.24513,13.48518],[109.23219,13.39313],[109.28004,13.35277],[109.29933,13.36469],[109.30738,13.35277],[109.30568,13.33389],[109.28679,13.33104],[109.2942,13.29755],[109.2732,13.31061],[109.25896,13.29755],[109.2942,13.2355],[109.30372,13.30317],[109.31813,13.28889],[109.30738,13.13304],[109.32838,13.08466],[109.46502,12.91332],[109.45818,12.85187],[109.43092,12.84512],[109.45004,12.87324],[109.43824,12.87861],[109.40349,12.8382],[109.36883,12.82461],[109.37623,12.77619],[109.42075,12.69131],[109.47242,12.6564],[109.45134,12.63898],[109.45134,12.57075],[109.44028,12.5646],[109.40512,12.61799],[109.42408,12.65266],[109.40349,12.68744],[109.37623,12.67377],[109.37623,12.63898],[109.34205,12.6601],[109.3899,12.71162],[109.3589,12.79731],[109.20493,12.64643],[109.20493,12.55024],[109.21852,12.5434],[109.23902,12.57758],[109.23219,12.59125],[109.24903,12.58552],[109.23715,12.52228],[109.29835,12.47797],[109.29851,12.43081],[109.34596,12.39631],[109.34205,12.37889],[109.32252,12.38605],[109.29737,12.35102],[109.18507,12.45893],[109.1565,12.45466],[109.17018,12.43354],[109.14967,12.44038],[109.17693,12.3994],[109.1963,12.40278],[109.21412,12.33291],[109.24204,12.30541],[109.23634,12.29108],[109.21852,12.29637],[109.20493,12.26288],[109.17693,12.27652],[109.21119,12.2486],[109.20484,12.23338],[109.22478,12.20083],[109.1985,12.20795],[109.18824,12.20576],[109.18434,12.194],[109.20436,12.19379],[109.22682,12.13788],[109.20997,12.10969],[109.22055,12.0506],[109.2492,11.99738],[109.28679,11.96743],[109.26588,11.9099],[109.2942,11.87124],[109.22478,11.87865],[109.21852,12.01582],[109.17677,12.12946],[109.16334,12.11201],[109.18214,12.08104],[109.17693,12.05305],[109.21119,12.0056],[109.20818,11.97663],[109.18181,11.9217],[109.13722,11.89606],[109.12582,11.86359],[109.1316,11.83002],[109.16334,11.82404],[109.20493,11.86811],[109.19288,11.82754],[109.20362,11.78457],[109.24293,11.73566],[109.136,11.57022],[109.06707,11.58381],[109.04347,11.6385],[109.02027,11.6328],[109.04038,11.60151],[109.04038,11.54287],[109.01246,11.54287],[109.02833,11.47427],[109.02247,11.36762],[109.00563,11.34366],[108.95167,11.31013],[108.83806,11.33076],[108.77516,11.28848],[108.72934,11.18154],[108.65626,11.19282],[108.5774,11.17914],[108.53126,11.15327],[108.50034,11.12084],[108.47234,11.05317],[108.36883,11.02277],[108.34498,10.9538],[108.31544,10.94432],[108.30006,10.91283],[108.28533,10.94334],[108.25864,10.95181],[108.10646,10.91816],[108.06568,10.86799],[107.9983,10.69937],[107.91944,10.7211],[107.8239,10.69237],[107.76832,10.65021],[107.58058,10.57026],[107.5114,10.50165],[107.42954,10.46845],[107.33416,10.45356],[107.27198,10.37848],[107.1902,10.40518],[107.21754,10.4256],[107.21697,10.43448],[107.17596,10.47744],[107.14178,10.48086],[107.13551,10.46662],[107.10279,10.48994],[107.05982,10.48086],[107.05982,10.5082],[107.03191,10.47407],[107.02564,10.50137],[106.99147,10.48086],[107.03272,10.52595],[107.03191,10.60749],[107.0114,10.63788],[107.02564,10.63105],[107.02369,10.65632],[106.98414,10.69937],[106.97975,10.68476],[107.0114,10.65526],[107.00245,10.61709],[107.02508,10.60391],[107.0114,10.56281],[107.02687,10.54418],[107.01905,10.53388],[106.99781,10.54914],[106.99147,10.6249],[106.98414,10.56688],[107.0114,10.52188],[106.96363,10.46662],[106.96363,10.50137],[106.93776,10.54873],[106.94313,10.60065],[106.8816,10.65217],[106.82862,10.63028],[106.78582,10.68012],[106.74757,10.67365],[106.73683,10.65815],[106.77247,10.60375],[106.75196,10.57648],[106.73341,10.52245],[106.68881,10.50365],[106.65577,10.52188],[106.66871,10.49453],[106.59425,10.43928],[106.57993,10.48774],[106.58188,10.45279],[106.59742,10.43305],[106.61541,10.43659],[106.65577,10.47407],[106.67018,10.43256],[106.68979,10.43305],[106.71363,10.46808],[106.74106,10.468],[106.7881,10.39313],[106.79078,10.28486],[106.59832,10.28852],[106.42237,10.31696],[106.48032,10.28083],[106.72088,10.19969],[106.79762,10.15721],[106.79127,10.11018],[106.73707,10.05414],[106.70411,10.0489],[106.69662,10.08365],[106.66871,10.03242],[106.68409,10.01203],[106.66424,10.00609],[106.64894,9.97435],[106.59108,9.98078],[106.46892,10.05899],[106.35987,10.22069],[106.292,10.2617],[106.34938,10.21483],[106.3685,10.15591],[106.46168,10.03571],[106.6963,9.89655],[106.66871,9.84284],[106.67644,9.86677],[106.66261,9.88373],[106.63787,9.826],[106.58676,9.82294],[106.5044,9.90546],[106.39503,9.97435],[106.14487,10.22858],[106.11329,10.23428],[106.15789,10.19538],[106.19337,10.12027],[106.47576,9.8618],[106.53785,9.75117],[106.57496,9.73908],[106.57553,9.64863],[106.54371,9.58503],[106.48487,9.5471],[106.38502,9.54828],[106.25034,9.63117],[106.06471,9.80427],[105.93287,9.95539],[105.81902,10.00796],[106.0735,9.74795],[106.09295,9.69294],[106.19703,9.54116],[106.2107,9.47004],[106.1692,9.4182],[106.19459,9.39899],[106.19337,9.36933],[105.53875,9.12934],[105.40821,9.00056],[105.31513,8.81224],[105.25882,8.76046],[105.18403,8.74088],[105.10147,8.63428],[104.85621,8.56558],[104.72853,8.59951],[104.72022,8.61376],[104.7593,8.61562],[104.83513,8.66047],[104.81951,8.69086],[104.83277,8.69888],[104.91163,8.68521],[104.96314,8.71939],[104.90748,8.69961],[104.85328,8.71255],[104.85279,8.72919],[104.92897,8.7473],[104.92156,8.80931],[104.81666,8.77131],[104.7746,8.81787],[104.81172,8.93705],[104.81105,9.13264],[104.85656,9.73804],[104.89279,9.8511],[104.96998,9.85366],[105.05486,9.93342],[105.08668,9.93594],[105.11329,9.85708],[105.10711,9.9527],[105.08766,9.99673],[105.00327,10.09211],[104.96388,10.10586],[104.90105,10.09732],[104.77198,10.22663],[104.70737,10.22232],[104.65089,10.14448],[104.61305,10.14448],[104.58888,10.26089],[104.55152,10.29588],[104.53736,10.28221],[104.49903,10.37059],[104.52508,10.38984],[104.52491,10.41942],[104.46957,10.37848],[104.45362,10.37983],[104.45134,10.41966],[104.49427,10.42774],[104.56683,10.52807],[104.77384,10.51533],[104.85441,10.53132],[104.93135,10.6307],[105.06674,10.71395],[105.0114,10.88383],[105.07791,10.9469],[105.09754,10.91435],[105.2533,10.88352],[105.31789,10.83885],[105.4105,10.963],[105.47385,10.94091],[105.7529,11.01561],[105.82143,10.91967],[105.84752,10.85541],[105.87868,10.82807],[105.90866,10.83838],[105.93134,10.89636],[106.0179,10.81981],[106.15505,10.78485],[106.17732,10.76686],[106.12182,10.92523],[106.13143,10.96928],[106.18786,10.97631],[106.16032,11.05351],[106.1135,11.08692],[106.08663,11.05633],[105.98876,11.17697],[105.89987,11.21859],[105.88675,11.26794],[105.84442,11.28988],[105.87217,11.44346],[105.85321,11.54687],[105.80334,11.56622],[105.79042,11.58741],[105.80489,11.62492],[105.85791,11.66156],[105.93408,11.64286],[106.01542,11.7705],[106.22362,11.72497],[106.27411,11.67681],[106.35431,11.69014],[106.42583,11.66208],[106.43503,11.67727],[106.39777,11.76213],[106.43875,11.86372],[106.394,11.96981],[106.44206,11.97488],[106.47374,11.95209],[106.50454,11.97338],[106.63859,11.96113],[106.63063,11.97617],[106.70158,11.9708],[106.74922,12.05234],[106.77196,12.06583],[106.8793,12.06273],[106.9534,12.08107],[107.15251,12.27703],[107.21188,12.30571],[107.3202,12.32922],[107.39301,12.25284],[107.41585,12.25408],[107.44965,12.29904],[107.5143,12.34385],[107.55667,12.47268],[107.56509,12.60642],[107.53595,12.79963],[107.48737,12.87056],[107.46608,12.95218],[107.48107,12.98877],[107.4604,13.02161],[107.60695,13.36975],[107.60432,13.49853],[107.5143,13.69255],[107.44324,13.78348],[107.43538,13.8697],[107.44805,13.90931],[107.43073,13.98447],[107.40903,13.99992],[107.35456,14.0024],[107.34474,14.08131],[107.31994,14.11984],[107.35859,14.23862],[107.35177,14.34197],[107.38691,14.42191],[107.40779,14.43305],[107.44314,14.42367],[107.47673,14.47524],[107.50525,14.54103],[107.50401,14.60211],[107.53243,14.67794]]],[[[106.2234,9.60847],[106.292,9.58641],[106.28443,9.54369],[106.24415,9.53498],[106.2492,9.56013],[106.19703,9.61005],[106.22657,9.56517],[106.19662,9.57168],[106.12599,9.67243],[106.09344,9.76089],[106.2234,9.60847]]],[[[106.74684,10.26317],[106.7588,10.24437],[106.72413,10.22651],[106.68995,10.25178],[106.55958,10.27538],[106.51173,10.29588],[106.74684,10.26317]]],[[[107.17205,10.46459],[107.21119,10.4256],[107.1902,10.43305],[107.16586,10.3911],[107.13551,10.37848],[107.08717,10.32319],[107.07936,10.39102],[107.14967,10.41657],[107.17205,10.46459]]],[[[106.93629,10.43928],[106.97731,10.40518],[106.88795,10.371],[106.87428,10.4256],[106.89527,10.48086],[106.88795,10.46662],[106.88836,10.50487],[106.9275,10.52119],[106.94809,10.50702],[106.92205,10.4256],[106.93629,10.43928]]],[[[106.90309,10.52188],[106.85377,10.56281],[106.87127,10.60765],[106.85377,10.63105],[106.88795,10.63447],[106.92945,10.59756],[106.92205,10.54296],[106.89527,10.57648],[106.90309,10.52188]]],[[[109.33627,12.21796],[109.34889,12.20083],[109.33351,12.1896],[109.28761,12.18895],[109.24529,12.2281],[109.2732,12.22126],[109.2732,12.23554],[109.33627,12.21796]]],[[[106.63917,8.73745],[106.65577,8.69888],[106.60231,8.69473],[106.60304,8.65571],[106.58334,8.65107],[106.55958,8.68183],[106.57097,8.70596],[106.63063,8.75458],[106.66603,8.76317],[106.66261,8.73981],[106.63917,8.73745]]],[[[106.53102,9.85798],[106.53566,9.82917],[106.42237,9.93903],[106.48601,9.90265],[106.53102,9.85798]]],[[[104.08546,10.35395],[104.08546,10.24811],[104.03346,10.09602],[104.05128,10.06932],[104.05128,10.00796],[104.01059,10.03046],[103.95704,10.23379],[103.93718,10.26606],[103.85743,10.32087],[103.84604,10.37128],[103.93377,10.36636],[103.98341,10.44221],[104.00473,10.451],[104.08546,10.35395]]],[[[106.87428,10.4604],[106.83229,10.4724],[106.81959,10.46662],[106.85963,10.43179],[106.8589,10.41307],[106.8401,10.40518],[106.77068,10.4643],[106.75196,10.56656],[106.77858,10.57648],[106.7859,10.60139],[106.75196,10.66584],[106.78419,10.66291],[106.84783,10.61384],[106.85377,10.58393],[106.8401,10.55939],[106.87184,10.5152],[106.8401,10.50137],[106.87428,10.4604]]],[[[107.08033,20.80785],[107.094,20.78742],[107.07504,20.79605],[107.06609,20.81411],[107.0735,20.78058],[107.03191,20.78742],[107.0735,20.73216],[107.05982,20.73896],[107.04615,20.70425],[107.04615,20.72598],[107.01824,20.72598],[107.03932,20.73216],[107.03191,20.7464],[106.99781,20.75324],[107.00514,20.73216],[106.98512,20.74527],[106.90992,20.81855],[106.91285,20.8369],[106.94313,20.84886],[106.94809,20.87027],[106.95737,20.87678],[106.96363,20.85611],[107.00514,20.84203],[107.02272,20.86225],[107.04615,20.84886],[107.04298,20.83137],[107.08717,20.82152],[107.10768,20.80044],[107.08033,20.80785]]],[[[106.82456,20.91519],[106.8816,20.82152],[106.88648,20.79613],[106.87355,20.78954],[106.8475,20.79731],[106.81959,20.87678],[106.81959,20.84203],[106.77068,20.85859],[106.78541,20.93081],[106.82456,20.91519]]],[[[107.51612,20.89566],[107.55323,20.97236],[107.54518,20.91914],[107.48463,20.82172],[107.46388,20.81411],[107.48194,20.86538],[107.47071,20.883],[107.51612,20.89566]]],[[[107.74513,21.02017],[107.79282,20.98603],[107.77296,20.99226],[107.77076,20.95722],[107.73829,20.93765],[107.7588,20.98261],[107.73764,21.00324],[107.74513,21.02017]]],[[[107.53272,21.02017],[107.55836,21.03474],[107.51173,20.92398],[107.39503,20.89728],[107.49171,20.96491],[107.50473,21.02017],[107.51979,21.01337],[107.53272,21.0406],[107.53272,21.02017]]],[[[107.62827,21.12018],[107.5796,20.98314],[107.55942,20.98603],[107.59425,21.08906],[107.62827,21.12018]]],[[[107.6032,21.21931],[107.54713,21.15672],[107.52418,21.15998],[107.47071,21.09589],[107.38868,21.04751],[107.3729,21.05956],[107.4183,21.19668],[107.43531,21.18928],[107.45021,21.20515],[107.45533,21.2757],[107.5232,21.23086],[107.53272,21.19892],[107.6032,21.21931]]],[[[107.78395,21.35635],[107.81707,21.34854],[107.71144,21.30756],[107.78395,21.35635]]],[[[107.9983,21.40375],[107.94418,21.36811],[107.92994,21.37641],[107.85426,21.35041],[107.84116,21.34854],[107.84816,21.37027],[107.85499,21.35594],[107.87281,21.37421],[107.82692,21.37027],[107.86866,21.39008],[107.9983,21.40375]]],[[[108.959,10.53754],[108.96078,10.50288],[108.9402,10.50422],[108.92945,10.54483],[108.94256,10.55195],[108.959,10.53754]]],[[[109.38315,12.62372],[109.40024,12.55793],[109.31202,12.61432],[109.32032,12.628],[109.38315,12.62372]]],[[[107.3812,20.81892],[107.38022,20.79755],[107.35027,20.81094],[107.34108,20.8426],[107.3812,20.81892]]],[[[107.39234,20.88467],[107.38787,20.86498],[107.36769,20.85838],[107.33253,20.88329],[107.39234,20.88467]]],[[[107.84213,21.03559],[107.85629,21.03327],[107.85279,21.01992],[107.81772,20.98827],[107.84213,21.03559]]]]}},{"type":"Feature","properties":{"name":"Cambodia","adm0_a3":"KHM"},"geometry":{"type":"MultiPolygon","coordinates":[[[[107.53243,14.67794],[107.50401,14.60211],[107.50525,14.54103],[107.46474,14.44904],[107.44314,14.42367],[107.40779,14.43305],[107.38691,14.42191],[107.35177,14.34197],[107.35859,14.23862],[107.31994,14.11984],[107.34474,14.08131],[107.35456,14.0024],[107.40903,13.99992],[107.43073,13.98447],[107.44805,13.90931],[107.43538,13.8697],[107.44324,13.78348],[107.5143,13.69255],[107.60432,13.49853],[107.60695,13.36975],[107.4604,13.02161],[107.48107,12.98877],[107.46608,12.95218],[107.48737,12.87056],[107.53595,12.79963],[107.56509,12.60642],[107.55667,12.47268],[107.52225,12.36658],[107.49957,12.32581],[107.44965,12.29904],[107.41585,12.25408],[107.39301,12.25284],[107.3202,12.32922],[107.21188,12.30571],[107.15251,12.27703],[106.9534,12.08107],[106.8793,12.06273],[106.77196,12.06583],[106.74922,12.05234],[106.70158,11.9708],[106.63063,11.97617],[106.63859,11.96113],[106.50454,11.97338],[106.47374,11.95209],[106.44206,11.97488],[106.394,11.96981],[106.43875,11.86372],[106.39777,11.76213],[106.43503,11.67727],[106.42583,11.66208],[106.35431,11.69014],[106.27411,11.67681],[106.22362,11.72497],[106.01542,11.7705],[105.93408,11.64286],[105.85791,11.66156],[105.80489,11.62492],[105.79042,11.58741],[105.80334,11.56622],[105.85321,11.54687],[105.87217,11.44346],[105.84442,11.28988],[105.88675,11.26794],[105.89987,11.21859],[105.98876,11.17697],[106.08663,11.05633],[106.1135,11.08692],[106.16032,11.05351],[106.18786,10.97631],[106.13143,10.96928],[106.12182,10.92523],[106.17732,10.76686],[106.15505,10.78485],[106.0179,10.81981],[105.93134,10.89636],[105.90866,10.83838],[105.87868,10.82807],[105.84752,10.85541],[105.82143,10.91967],[105.7529,11.01561],[105.47385,10.94091],[105.4105,10.963],[105.31789,10.83885],[105.2533,10.88352],[105.09754,10.91435],[105.07791,10.9469],[105.0114,10.88383],[105.06623,10.74642],[105.06674,10.71395],[105.04246,10.69082],[104.93135,10.6307],[104.85441,10.53132],[104.77384,10.51533],[104.56683,10.52807],[104.49427,10.42774],[104.46957,10.41577],[104.36313,10.48774],[104.2977,10.48086],[104.28631,10.54047],[104.24985,10.57026],[104.22267,10.57026],[104.20704,10.54999],[104.08904,10.55463],[103.94557,10.58812],[103.8943,10.65839],[103.87338,10.66006],[103.86638,10.69937],[103.8628,10.60383],[103.82057,10.54401],[103.7671,10.53547],[103.70192,10.56281],[103.74708,10.50898],[103.62387,10.50092],[103.60629,10.55598],[103.57008,10.55508],[103.54379,10.59618],[103.50196,10.61713],[103.56739,10.72651],[103.68873,10.74095],[103.67221,10.75788],[103.67807,10.80122],[103.72242,10.84455],[103.72242,10.89484],[103.65952,11.02977],[103.67457,11.06367],[103.60402,11.09064],[103.58351,11.1341],[103.53297,11.16275],[103.5027,11.16608],[103.49643,11.13882],[103.46852,11.1518],[103.47446,11.13369],[103.44801,11.0904],[103.46827,11.09931],[103.47022,11.08906],[103.43084,11.0065],[103.41456,10.94636],[103.42124,10.90912],[103.40211,10.88434],[103.35231,10.87189],[103.34409,10.89545],[103.27735,10.93268],[103.219,10.89248],[103.22267,10.87812],[103.18116,10.86445],[103.12672,10.88129],[103.14015,10.89859],[103.09555,10.93399],[103.1128,10.97089],[103.09848,11.08047],[103.11769,11.14912],[103.08863,11.21768],[103.05763,11.22077],[103.07928,11.24518],[103.07887,11.2735],[103.13404,11.31615],[103.15317,11.30268],[103.15211,11.3181],[103.14015,11.3579],[103.1128,11.34366],[103.10027,11.35602],[103.06446,11.44725],[103.08497,11.43301],[103.12989,11.46035],[103.17433,11.42617],[103.13331,11.49445],[103.14015,11.50873],[103.1128,11.46776],[103.06446,11.50361],[103.05763,11.59125],[103.03712,11.60493],[103.03028,11.54287],[102.97511,11.52924],[102.9546,11.55712],[102.97511,11.57022],[103.00294,11.54971],[102.98243,11.58381],[102.99383,11.63573],[103.0433,11.62482],[103.01352,11.63939],[103.01678,11.65957],[102.99545,11.65274],[102.98927,11.67324],[102.96876,11.6385],[102.98634,11.70287],[103.02166,11.72053],[103.06666,11.7082],[103.08497,11.72785],[103.056,11.71613],[103.02345,11.73469],[102.98243,11.71418],[102.95606,11.76691],[102.89308,11.83027],[102.96876,11.71418],[102.9546,11.57022],[102.91358,11.6459],[102.92879,11.6687],[102.9138,11.76554],[102.843,11.86605],[102.77107,12.03735],[102.69996,12.13874],[102.69221,12.17848],[102.71505,12.34219],[102.76513,12.41635],[102.76208,12.43609],[102.58855,12.60983],[102.48638,12.66119],[102.47796,12.71964],[102.50664,12.78752],[102.46484,12.92753],[102.47889,12.95363],[102.46721,12.96947],[102.49016,12.99608],[102.38205,13.13662],[102.3282,13.27516],[102.33012,13.49636],[102.31342,13.54101],[102.33223,13.5646],[102.5132,13.56716],[102.59775,13.60545],[102.54106,13.6486],[102.54235,13.66971],[102.69862,13.7618],[102.77283,13.93608],[102.86977,14.02062],[102.87623,14.07131],[102.93406,14.20097],[103.00485,14.22877],[103.11803,14.31324],[103.27368,14.35106],[103.36287,14.35347],[103.4225,14.38483],[103.44968,14.37158],[103.5334,14.41907],[103.59614,14.40434],[103.63706,14.44328],[103.67148,14.42956],[103.67489,14.38649],[103.82403,14.36804],[103.88516,14.34042],[103.91984,14.36458],[103.97399,14.36729],[104.00138,14.34507],[104.11021,14.38044],[104.14091,14.366],[104.17703,14.40421],[104.20127,14.37799],[104.24747,14.40109],[104.45262,14.35693],[104.49262,14.37401],[104.54285,14.36039],[104.61044,14.41897],[104.66837,14.40964],[104.69286,14.43398],[104.71286,14.40685],[104.77167,14.43987],[104.83141,14.41176],[104.97383,14.38065],[104.97595,14.30112],[105.00773,14.24384],[105.04731,14.21407],[105.10142,14.23053],[105.15501,14.33047],[105.18431,14.34574],[105.19743,14.27029],[105.25691,14.18244],[105.33779,14.10999],[105.42218,14.10787],[105.53318,14.16433],[105.56139,14.13816],[105.59457,14.13635],[105.61725,14.10299],[105.64314,14.11346],[105.74402,14.08694],[105.78711,14.01015],[105.89966,13.92261],[106.06916,13.91654],[106.08384,13.93401],[106.08198,13.98096],[106.14947,14.05356],[106.07619,14.17451],[106.01247,14.22577],[106.00452,14.28998],[105.96917,14.33202],[105.97398,14.36584],[106.03816,14.34765],[106.05542,14.34843],[106.06353,14.37292],[106.17324,14.36967],[106.20394,14.3999],[106.23008,14.49046],[106.30646,14.44548],[106.41922,14.46646],[106.44516,14.49948],[106.43648,14.52382],[106.48485,14.52382],[106.47224,14.56407],[106.5125,14.59035],[106.54376,14.51211],[106.58567,14.49596],[106.6344,14.4509],[106.70716,14.4293],[106.8069,14.31293],[106.83584,14.30706],[106.89568,14.33631],[106.93361,14.32016],[107.02724,14.43527],[107.07856,14.40078],[107.13142,14.42754],[107.18057,14.49617],[107.21974,14.49798],[107.2339,14.54493],[107.28728,14.59852],[107.41492,14.54343],[107.45177,14.63218],[107.52039,14.70458],[107.53243,14.67794]]],[[[103.7986,10.50544],[103.79469,10.45356],[103.75196,10.46459],[103.74342,10.48086],[103.76393,10.49453],[103.76043,10.51382],[103.7986,10.50544]]],[[[103.24513,10.77798],[103.31821,10.70677],[103.27735,10.67268],[103.26075,10.70917],[103.21363,10.73334],[103.1985,10.76236],[103.24513,10.77798]]],[[[103.02418,11.41718],[103.0433,11.27342],[103.00758,11.25507],[102.98854,11.30093],[102.98927,11.42617],[102.99545,11.41254],[103.02418,11.41718]]],[[[103.00912,11.52924],[103.05079,11.46035],[103.02036,11.42695],[103.02345,11.46035],[102.99586,11.51374],[103.00912,11.52924]]],[[[103.33595,10.58344],[103.3235,10.54515],[103.29217,10.58316],[103.28907,10.61274],[103.31951,10.61734],[103.31251,10.57909],[103.33595,10.58344]]]]}},{"type":"Feature","properties":{"name":"United Arab Emirates","adm0_a3":"ARE"},"geometry":{"type":"MultiPolygon","coordinates":[[[[56.27906,25.62745],[56.34002,25.60456],[56.36996,25.5257],[56.35922,25.37641],[56.38364,25.31346],[56.36199,25.05728],[56.38331,24.97822],[56.329,24.97269],[56.30832,24.89517],[56.24166,24.84244],[56.17118,24.82399],[56.12725,24.7457],[56.09914,24.73051],[56.06214,24.73177],[56.03155,24.75415],[56.00209,24.82301],[55.96478,24.85386],[55.96085,24.88125],[55.97842,24.8861],[56.02927,24.86117],[56.0056,24.95618],[55.97842,24.97176],[55.89698,24.96861],[55.7991,24.8861],[55.7927,24.72229],[55.81823,24.64338],[55.75983,24.55853],[55.77461,24.4259],[55.81089,24.38924],[55.80737,24.34079],[55.7557,24.23033],[55.83032,24.21227],[55.90318,24.23224],[55.93315,24.22072],[55.99785,24.08127],[55.98679,24.06538],[55.80706,24.00748],[55.76242,24.02815],[55.64687,24.02502],[55.4568,23.96316],[55.46156,23.93056],[55.5306,23.87467],[55.53835,23.77005],[55.4783,23.67636],[55.44533,23.55226],[55.37526,23.46934],[55.3211,23.27509],[55.22591,23.12125],[55.19129,22.99547],[55.18684,22.70358],[55.12039,22.62343],[52.55848,22.93858],[51.57854,24.10184],[51.56935,24.25617],[51.59067,24.28441],[51.59164,24.3286],[51.57398,24.36445],[51.59376,24.38491],[51.62379,24.33934],[51.63445,24.22687],[51.64869,24.21857],[51.66293,24.23282],[51.67262,24.27806],[51.70069,24.22191],[51.72364,24.22777],[51.7588,24.29051],[51.77947,24.26203],[51.77345,24.15322],[51.78777,24.04857],[51.80942,24.00068],[51.89356,23.99038],[51.92872,23.96475],[51.93141,23.98798],[51.95289,23.99091],[52.01694,23.98969],[52.06739,23.96345],[52.15553,23.96654],[52.34108,24.00751],[52.57456,24.15209],[52.58074,24.19937],[52.60027,24.20954],[52.68133,24.14082],[52.72006,24.15152],[52.78272,24.13788],[52.82765,24.15217],[52.94711,24.13788],[53.00587,24.16584],[53.06723,24.12189],[53.10719,24.13788],[53.1465,24.12132],[53.16342,24.12482],[53.14243,24.16584],[53.16529,24.17032],[53.25375,24.09878],[53.44581,24.11982],[53.47877,24.0937],[53.5193,24.09687],[53.58961,24.04706],[53.65699,24.04853],[53.70281,24.0705],[53.87892,24.06485],[53.95118,24.10375],[54.12257,24.14472],[54.18702,24.2036],[54.25278,24.2211],[54.32301,24.27066],[54.38258,24.25458],[54.42726,24.29214],[54.48561,24.38833],[54.48316,24.42512],[54.49928,24.43268],[54.48561,24.44697],[54.54029,24.43268],[54.51344,24.47431],[54.57439,24.44697],[54.5713,24.47333],[54.49928,24.48794],[54.41733,24.5351],[54.45192,24.55654],[54.4651,24.5351],[54.48561,24.56989],[54.51287,24.51529],[54.53745,24.49844],[54.56129,24.50161],[54.54029,24.51586],[54.5818,24.50845],[54.6364,24.5978],[54.6159,24.62116],[54.6434,24.63056],[54.67058,24.66608],[54.64332,24.74868],[54.70704,24.8039],[54.75416,24.79243],[54.77361,24.81476],[54.76002,24.83055],[55.04998,24.99339],[55.04461,25.0139],[55.08229,25.01683],[55.25904,25.21528],[55.2824,25.26069],[55.31837,25.22529],[55.30112,25.19367],[55.32887,25.20148],[55.33424,25.21922],[55.30372,25.28303],[55.33937,25.32144],[55.36329,25.32404],[55.36549,25.35859],[55.38706,25.35708],[55.43898,25.41279],[55.45533,25.39989],[55.4725,25.41279],[55.55104,25.5786],[55.56813,25.58466],[55.54225,25.54255],[55.54819,25.52949],[55.62631,25.53632],[55.68344,25.62352],[55.7339,25.6468],[55.77052,25.68716],[55.84246,25.71381],[55.95973,25.82368],[55.93718,25.77668],[55.95232,25.77212],[55.96599,25.83422],[56.03077,25.90086],[56.04103,25.93354],[56.00758,25.90689],[56.0774,26.06105],[56.1627,26.07355],[56.18348,26.01454],[56.17056,25.87682],[56.13965,25.82297],[56.172,25.76525],[56.1412,25.73269],[56.15082,25.65885],[56.18885,25.64541],[56.2058,25.61777],[56.27906,25.62745]],[[56.23362,25.31253],[56.24489,25.27799],[56.20838,25.25537],[56.20762,25.22084],[56.21996,25.21526],[56.2522,25.21764],[56.34438,25.26653],[56.34912,25.29402],[56.30937,25.30133],[56.29069,25.32754],[56.26062,25.33108],[56.23362,25.31253]]],[[[56.25958,25.27598],[56.28833,25.27193],[56.28298,25.25548],[56.26303,25.24922],[56.25958,25.27598]]],[[[53.77467,24.13011],[53.62778,24.17194],[53.6561,24.19351],[53.72283,24.22988],[53.77711,24.22988],[53.84816,24.27505],[53.86305,24.23469],[53.9546,24.201],[53.96485,24.17259],[53.95102,24.14973],[53.88461,24.14118],[53.83741,24.17744],[53.83448,24.15217],[53.77467,24.13011]]],[[[54.18084,24.24506],[54.11256,24.27167],[54.10157,24.29776],[54.11524,24.31851],[54.13697,24.32689],[54.18832,24.27749],[54.19077,24.22724],[54.18084,24.24506]]],[[[52.58717,24.3605],[52.63446,24.3666],[52.65086,24.3249],[52.59215,24.25337],[52.5561,24.30695],[52.58717,24.3605]]],[[[53.30867,24.27862],[53.18409,24.28124],[53.19435,24.30296],[53.24187,24.2978],[53.32961,24.33612],[53.36671,24.31924],[53.36158,24.35074],[53.41676,24.41283],[53.44703,24.37983],[53.44044,24.34125],[53.34579,24.29834],[53.32276,24.26269],[53.30867,24.27862]]],[[[54.33481,24.45319],[54.33481,24.46894],[54.39625,24.52269],[54.39666,24.48347],[54.45143,24.45319],[54.47055,24.42504],[54.33481,24.45319]]],[[[54.27345,24.30292],[54.22218,24.28449],[54.18312,24.31501],[54.18458,24.33706],[54.23243,24.35757],[54.27345,24.30292]]],[[[54.3353,24.364],[54.32545,24.32128],[54.30893,24.31387],[54.27906,24.36445],[54.31137,24.35529],[54.292,24.38451],[54.30486,24.38593],[54.3353,24.364]]],[[[52.33256,24.52541],[52.32622,24.48065],[52.28321,24.49702],[52.29862,24.53332],[52.33256,24.52541]]]]}},{"type":"Feature","properties":{"name":"Georgia","adm0_a3":"GEO"},"geometry":{"type":"Polygon","coordinates":[[[41.50017,42.64057],[41.45737,42.71369],[41.42433,42.7399],[41.22535,42.80231],[41.15024,42.79564],[41.10475,42.84658],[41.0818,42.90815],[41.02312,42.98998],[40.93377,42.98273],[40.85597,43.06306],[40.68287,43.09431],[40.59181,43.08564],[40.52019,43.12726],[40.39828,43.16234],[40.36118,43.16547],[40.33513,43.14086],[40.2684,43.21638],[40.2728,43.24799],[40.21909,43.31904],[40.0,43.38673],[40.0,43.42286],[40.05919,43.5352],[40.0967,43.56264],[40.1643,43.57584],[40.23313,43.57576],[40.51962,43.50518],[40.65192,43.53897],[40.74018,43.49528],[40.87495,43.45564],[41.01179,43.37542],[41.14667,43.37986],[41.27875,43.3332],[41.38066,43.33477],[41.41311,43.29129],[41.50613,43.25979],[41.57754,43.2153],[41.91933,43.20594],[42.04336,43.18057],[42.18536,43.22548],[42.35455,43.23602],[42.42287,43.22899],[42.61521,43.13698],[42.6736,43.16589],[42.82977,43.16876],[42.91483,43.12194],[43.00009,43.09866],[42.99885,43.04221],[43.15559,42.94239],[43.51743,42.86046],[43.58626,42.83563],[43.66284,42.77984],[43.80061,42.74646],[43.81178,42.71726],[43.72568,42.6544],[43.72258,42.62487],[43.75111,42.59874],[43.88536,42.57921],[43.93973,42.55221],[44.05507,42.61531],[44.19738,42.6291],[44.272,42.70238],[44.36068,42.70375],[44.50812,42.75029],[44.60098,42.74912],[44.67942,42.72367],[44.73637,42.67755],[44.77347,42.60965],[44.85936,42.75951],[44.90297,42.75308],[45.02979,42.68876],[45.12296,42.70228],[45.15536,42.69326],[45.28269,42.58639],[45.32269,42.53012],[45.35597,42.51996],[45.47927,42.54234],[45.62066,42.53038],[45.69869,42.50759],[45.73962,42.47147],[45.62138,42.22448],[45.6314,42.20117],[45.8116,42.11549],[45.88136,42.10203],[45.94756,42.02291],[45.99516,42.03346],[46.05846,42.02033],[46.09918,41.98506],[46.22434,41.99348],[46.29416,41.93863],[46.40655,41.91504],[46.43089,41.89044],[46.32831,41.76642],[46.29777,41.75081],[46.20832,41.75551],[46.18899,41.74014],[46.18,41.65516],[46.19277,41.61017],[46.21969,41.5933],[46.2539,41.61591],[46.31395,41.49375],[46.59155,41.37293],[46.6948,41.26978],[46.67465,41.26167],[46.66948,41.22989],[46.64447,41.20798],[46.62111,41.1146],[46.60179,41.09403],[46.54355,41.09703],[46.49678,41.04483],[46.47492,41.04411],[46.41265,41.09186],[46.33234,41.11589],[46.22858,41.19542],[46.13541,41.19991],[46.04161,41.16545],[45.96916,41.16829],[45.82075,41.2088],[45.70975,41.26772],[45.68587,41.29624],[45.74406,41.33536],[45.51183,41.39458],[45.4648,41.43018],[45.39679,41.42326],[45.28171,41.45292],[44.95517,41.2627],[44.82071,41.27335],[44.80128,41.25852],[44.84706,41.23077],[44.85771,41.21935],[44.84778,41.20891],[44.67493,41.20849],[44.61286,41.22312],[44.55152,41.17702],[44.51664,41.20684],[44.45494,41.18048],[44.34492,41.21325],[44.28498,41.19087],[44.18033,41.22994],[44.12473,41.17806],[44.06127,41.18415],[43.95585,41.16049],[43.86324,41.15899],[43.75416,41.10824],[43.56662,41.12405],[43.45045,41.10468],[43.43759,41.1562],[43.38327,41.1872],[43.32261,41.19206],[43.23062,41.17263],[43.17202,41.24234],[43.10314,41.2488],[43.15724,41.26973],[43.18401,41.29898],[43.12391,41.31293],[43.00206,41.3827],[42.95772,41.43701],[42.88899,41.46998],[42.86801,41.50021],[42.82997,41.47251],[42.76652,41.50434],[42.80682,41.543],[42.81995,41.57235],[42.80093,41.57922],[42.58524,41.57876],[42.55495,41.55033],[42.53552,41.49349],[42.46307,41.43184],[42.26246,41.48233],[42.18929,41.48171],[42.15839,41.4999],[42.01958,41.48507],[41.94796,41.50558],[41.89401,41.48553],[41.81298,41.42181],[41.761,41.45354],[41.70684,41.46316],[41.7026,41.48904],[41.63997,41.47871],[41.52076,41.51423],[41.61573,41.63264],[41.67604,41.66218],[41.73976,41.7499],[41.77394,41.8216],[41.77394,41.90693],[41.75571,42.00642],[41.66407,42.11396],[41.64918,42.21223],[41.5962,42.34943],[41.55486,42.38984],[41.50017,42.64057]]]}},{"type":"Feature","properties":{"name":"Azerbaijan","adm0_a3":"AZE"},"geometry":{"type":"MultiPolygon","coordinates":[[[[45.01888,41.07491],[45.03,41.04628],[45.01573,41.02323],[44.97946,41.03264],[44.9607,41.05992],[44.97946,41.08204],[45.01888,41.07491]]],[[[45.0024,41.29045],[45.28171,41.45292],[45.39679,41.42326],[45.4648,41.43018],[45.51183,41.39458],[45.74406,41.33536],[45.68587,41.29624],[45.70975,41.26772],[45.82075,41.2088],[46.01743,41.16379],[46.11313,41.19604],[46.2106,41.20017],[46.33234,41.11589],[46.49678,41.04483],[46.52241,41.087],[46.60179,41.09403],[46.62111,41.1146],[46.64447,41.20798],[46.66948,41.22989],[46.67465,41.26167],[46.6948,41.26978],[46.6885,41.28436],[46.59155,41.37293],[46.31395,41.49375],[46.2539,41.61591],[46.21969,41.5933],[46.19277,41.61017],[46.18,41.65516],[46.18899,41.74014],[46.20832,41.75551],[46.31374,41.75665],[46.37131,41.80569],[46.43089,41.89044],[46.54355,41.87429],[46.54432,41.81476],[46.56758,41.78668],[46.7408,41.85124],[46.76911,41.77572],[46.8348,41.73024],[46.90223,41.71275],[46.91598,41.68094],[47.00393,41.60542],[47.02703,41.55695],[47.10749,41.56992],[47.14139,41.5524],[47.15932,41.50351],[47.23906,41.41572],[47.24092,41.33893],[47.26841,41.3028],[47.37559,41.25945],[47.50096,41.24632],[47.54731,41.20565],[47.6225,41.22906],[47.74373,41.19268],[47.82874,41.19842],[47.89463,41.21929],[47.89215,41.28327],[47.95323,41.35577],[48.00165,41.36208],[48.05353,41.4613],[48.20184,41.49349],[48.39305,41.59888],[48.45542,41.71441],[48.57895,41.84528],[48.65545,41.8006],[48.8659,41.5854],[48.90406,41.52338],[49.04249,41.41437],[49.13592,41.27497],[49.15431,41.16645],[49.19549,41.05728],[49.38201,40.86664],[49.44874,40.83128],[49.47104,40.83576],[49.53883,40.78807],[49.50953,40.69904],[49.53891,40.654],[49.72381,40.58076],[49.81674,40.56538],[49.93816,40.58747],[50.05201,40.5843],[50.10939,40.52709],[50.23756,40.49616],[50.27589,40.43659],[50.31739,40.42121],[50.3506,40.38589],[50.39112,40.23501],[50.38787,40.22114],[50.32309,40.29658],[50.22999,40.34276],[50.1277,40.35895],[49.98374,40.3242],[49.95582,40.35151],[49.8934,40.36904],[49.84034,40.33784],[49.84718,40.31415],[49.81902,40.29206],[49.57716,40.21674],[49.49252,40.154],[49.49659,40.09455],[49.43263,40.06297],[49.4839,39.98867],[49.42368,39.93549],[49.44313,39.87336],[49.41652,39.84374],[49.4214,39.81025],[49.39479,39.78246],[49.4236,39.70954],[49.38396,39.69013],[49.31804,39.62141],[49.28492,39.5222],[49.29575,39.47671],[49.40895,39.38642],[49.39731,39.34516],[49.40707,39.32368],[49.36687,39.35098],[49.40707,39.2895],[49.30641,39.3465],[49.27312,39.33658],[49.23707,39.27896],[49.2378,39.1695],[49.2033,39.03413],[49.19386,39.01634],[49.07928,38.96332],[49.05152,38.98102],[49.05584,39.00751],[49.1255,39.02814],[49.14772,39.08344],[49.11638,39.1103],[49.06861,39.1114],[49.05893,39.1728],[49.04119,39.18439],[48.96762,39.18382],[48.93482,39.12442],[48.93637,39.05313],[48.95265,39.03164],[48.92172,38.93545],[48.86793,38.86384],[48.8318,38.87116],[48.83473,38.81928],[48.86313,38.75666],[48.87428,38.43407],[48.77772,38.44481],[48.68321,38.39802],[48.60786,38.39598],[48.43372,38.56997],[48.41527,38.61811],[48.31031,38.60015],[48.22804,38.66219],[48.22298,38.72146],[48.07797,38.78094],[47.99312,38.85008],[47.99074,38.89122],[48.05245,38.92791],[48.05854,38.94837],[48.24318,38.97388],[48.29367,39.0046],[48.3068,39.0454],[48.2713,39.10831],[48.14216,39.1812],[48.10433,39.23484],[48.10619,39.26918],[48.15352,39.31905],[48.33894,39.37894],[48.28861,39.44503],[47.97142,39.70455],[47.92294,39.68414],[47.82311,39.68032],[47.54116,39.51516],[47.4069,39.47682],[47.29136,39.37961],[47.10222,39.3084],[47.02047,39.18996],[46.95375,39.16066],[46.86616,39.16536],[46.77376,39.08537],[46.74483,39.04025],[46.65217,38.99294],[46.58535,38.9077],[46.51404,38.88218],[46.47508,38.95106],[46.49192,39.0819],[46.47931,39.11477],[46.39627,39.16443],[46.39529,39.19518],[46.41833,39.21192],[46.51414,39.18443],[46.60261,39.21549],[46.51766,39.27884],[46.49528,39.32401],[46.37462,39.37884],[46.36087,39.41026],[46.374,39.43599],[46.40572,39.45119],[46.4914,39.46643],[46.49202,39.5102],[46.51828,39.52544],[46.52427,39.55464],[46.49544,39.57593],[46.39642,39.57666],[46.34371,39.61862],[46.18424,39.59324],[46.13168,39.65215],[46.04513,39.68755],[45.97924,39.76848],[45.86188,39.80455],[45.81682,39.83917],[45.74277,39.94051],[45.57942,39.97017],[45.57627,39.99389],[45.63957,40.02541],[45.87377,40.00976],[45.90953,40.08267],[45.96296,40.14169],[45.97924,40.22359],[45.93919,40.26028],[45.86168,40.26126],[45.81837,40.2978],[45.58541,40.39872],[45.52619,40.44105],[45.48542,40.50528],[45.45545,40.52363],[45.44465,40.56636],[45.3878,40.60951],[45.37364,40.6753],[45.39881,40.70894],[45.55586,40.77658],[45.58221,40.79937],[45.59916,40.86268],[45.53787,40.8759],[45.47927,40.92991],[45.41643,40.96132],[45.41912,41.01734],[45.31256,40.99662],[45.22161,41.01445],[45.12002,41.07961],[45.11102,41.04954],[45.07004,41.06209],[45.05718,41.07879],[45.06782,41.11093],[45.16673,41.10778],[45.20104,41.12674],[45.18678,41.15687],[45.13443,41.18788],[45.03485,41.19769],[45.0394,41.23118],[45.0024,41.29045]],[[45.51369,40.60197],[45.56071,40.64765],[45.53467,40.65892],[45.49178,40.65711],[45.47131,40.62987],[45.47927,40.60982],[45.51369,40.60197]]],[[[46.12605,38.86267],[45.71688,38.95478],[45.53084,38.96928],[45.4386,39.00424],[45.42527,39.02563],[45.43452,39.05278],[45.39638,39.07333],[45.34527,39.13844],[45.34822,39.16392],[45.31112,39.17629],[45.31112,39.20053],[45.15273,39.21352],[45.13583,39.27848],[45.09604,39.34111],[45.00638,39.41796],[44.95703,39.43449],[44.96163,39.45377],[44.9284,39.48824],[44.88644,39.60596],[44.86535,39.61758],[44.87228,39.62508],[44.80965,39.63696],[44.77456,39.7028],[44.92716,39.72471],[45.03351,39.77039],[45.06751,39.75721],[45.15154,39.66771],[45.14833,39.57526],[45.20476,39.57231],[45.25996,39.5997],[45.31298,39.53381],[45.37488,39.52586],[45.43483,39.48886],[45.58645,39.54539],[45.71466,39.56947],[45.78809,39.54896],[45.80308,39.44819],[45.75863,39.36948],[45.9858,39.24944],[45.95511,39.20324],[45.9581,39.15151],[46.02549,39.06377],[46.12605,38.86267]]],[[[45.18678,40.97083],[45.18378,40.99791],[45.22047,40.97905],[45.20993,40.96799],[45.18678,40.97083]]],[[[50.61891,40.29999],[50.57276,40.31005],[50.56528,40.33784],[50.62127,40.32608],[50.61891,40.29999]]],[[[50.39527,40.4204],[50.35369,40.39989],[50.35865,40.42422],[50.32602,40.45808],[50.32643,40.48188],[50.35369,40.48066],[50.39527,40.4204]]]]}},{"type":"Feature","properties":{"name":"Turkey","adm0_a3":"TUR"},"geometry":{"type":"Polygon","coordinates":[[[43.43629,41.08323],[43.46048,41.02287],[43.56543,40.98815],[43.63618,40.93352],[43.65954,40.85198],[43.72062,40.76289],[43.72935,40.6771],[43.69953,40.63458],[43.70718,40.61194],[43.66481,40.57406],[43.65251,40.52941],[43.63148,40.53686],[43.63897,40.52259],[43.5937,40.509],[43.55949,40.47789],[43.62533,40.42017],[43.59422,40.34544],[43.67597,40.26597],[43.69137,40.23863],[43.67308,40.22773],[43.72139,40.16938],[43.65251,40.139],[43.66543,40.11016],[43.91213,40.02433],[44.03243,40.00862],[44.10447,40.03596],[44.13548,40.02231],[44.25526,40.0434],[44.32564,40.03466],[44.52217,39.93353],[44.59106,39.85783],[44.59819,39.83101],[44.61152,39.83731],[44.64769,39.80512],[44.69203,39.79302],[44.78432,39.69024],[44.80699,39.6399],[44.6465,39.71954],[44.59044,39.77153],[44.56573,39.76589],[44.45949,39.69846],[44.45763,39.63872],[44.41401,39.56089],[44.40481,39.43439],[44.38797,39.4145],[44.29495,39.38121],[44.17651,39.41155],[44.06137,39.40028],[44.01486,39.37408],[44.06943,39.28701],[44.0777,39.20006],[44.18664,39.14513],[44.1948,39.12053],[44.16989,39.07436],[44.17914,39.03493],[44.1392,38.99395],[44.15196,38.96462],[44.20576,38.87566],[44.275,38.84357],[44.27981,38.81422],[44.24865,38.72182],[44.26048,38.67924],[44.24431,38.65896],[44.28255,38.64539],[44.29702,38.62232],[44.28952,38.38226],[44.36337,38.36461],[44.40905,38.38179],[44.45876,38.33833],[44.43675,38.29694],[44.37241,38.2495],[44.36058,38.14785],[44.32709,38.1284],[44.33381,38.10088],[44.29588,38.07902],[44.22756,37.98099],[44.2255,37.92931],[44.20209,37.89717],[44.2196,37.87531],[44.31924,37.87686],[44.36714,37.86022],[44.4044,37.80974],[44.43303,37.80612],[44.43644,37.7678],[44.50646,37.77935],[44.59612,37.71638],[44.54527,37.66302],[44.54088,37.63272],[44.58744,37.58401],[44.56594,37.44717],[44.57214,37.43079],[44.63818,37.4126],[44.66165,37.37565],[44.69803,37.38005],[44.72138,37.34328],[44.80158,37.29269],[44.79848,37.26031],[44.75353,37.21533],[44.76614,37.14192],[44.73379,37.16724],[44.61028,37.17835],[44.45442,37.07634],[44.34311,37.04244],[44.30663,36.97723],[44.28482,36.96917],[44.23428,36.98366],[44.18002,37.08761],[44.18922,37.12921],[44.24834,37.16967],[44.235,37.23677],[44.18446,37.27917],[44.08804,37.31116],[43.99037,37.3125],[43.89363,37.22491],[43.8094,37.19969],[43.74692,37.23065],[43.59422,37.22946],[43.52952,37.2539],[43.4796,37.24336],[43.33614,37.32023],[43.27031,37.30868],[43.11482,37.37113],[42.93705,37.32015],[42.81406,37.34682],[42.80114,37.36909],[42.77158,37.3749],[42.71567,37.35529],[42.54524,37.14089],[42.35724,37.10998],[42.35455,37.15241],[42.33533,37.17117],[42.3467,37.23977],[42.29202,37.28506],[42.26722,37.27452],[42.22319,37.28814],[42.2112,37.32491],[42.00925,37.17561],[41.47977,37.07557],[41.20134,37.06497],[40.89645,37.1227],[40.70897,37.10048],[40.52572,37.02588],[40.41389,37.00402],[40.19014,36.88442],[40.0,36.81668],[40.0,40.98167],[40.0857,40.92646],[40.12599,40.92064],[40.30104,40.96845],[40.46485,41.05044],[40.55738,41.04247],[40.62615,41.08218],[40.69825,41.09813],[40.75758,41.15835],[40.82749,41.19794],[40.92205,41.19062],[41.04274,41.23249],[41.12135,41.28555],[41.19077,41.29572],[41.285,41.35383],[41.39039,41.37934],[41.42416,41.40786],[41.43816,41.45136],[41.52076,41.51423],[41.63997,41.47871],[41.7026,41.48904],[41.70684,41.46316],[41.761,41.45354],[41.81298,41.42181],[41.89401,41.48553],[41.94796,41.50558],[42.01958,41.48507],[42.15839,41.4999],[42.18929,41.48171],[42.26246,41.48233],[42.46307,41.43184],[42.53552,41.49349],[42.56518,41.56713],[42.66099,41.58826],[42.81995,41.57235],[42.80269,41.53411],[42.76652,41.50434],[42.82997,41.47251],[42.86801,41.50021],[42.88899,41.46998],[42.95772,41.43701],[43.00206,41.3827],[43.12391,41.31293],[43.18401,41.29898],[43.15724,41.26973],[43.10314,41.2488],[43.17202,41.24234],[43.23062,41.17263],[43.35175,41.19361],[43.41056,41.17516],[43.4518,41.13258],[43.43629,41.08323]]]}},{"type":"Feature","properties":{"name":"Laos","adm0_a3":"LAO"},"geometry":{"type":"Polygon","coordinates":[[[102.12542,22.38365],[102.15436,22.30469],[102.20697,22.24541],[102.38944,22.1171],[102.42215,22.06222],[102.48287,22.0214],[102.46639,21.99535],[102.47806,21.95758],[102.59103,21.90135],[102.62514,21.82864],[102.63191,21.70627],[102.65066,21.6578],[102.72115,21.66168],[102.75216,21.6809],[102.78668,21.73991],[102.78916,21.82032],[102.80673,21.83608],[102.82647,21.8213],[102.84719,21.70446],[102.9478,21.73712],[102.97411,21.57532],[102.84967,21.42541],[102.91804,21.45011],[102.88383,21.38836],[102.8752,21.30532],[102.8013,21.25483],[102.85019,21.25168],[102.88786,21.22692],[102.883,21.17644],[102.92563,21.14166],[102.94682,21.07587],[103.01452,21.04053],[103.08671,20.90198],[103.13637,20.85046],[103.20691,20.82457],[103.26339,20.82638],[103.35832,20.78772],[103.44044,20.81573],[103.48937,20.75248],[103.57795,20.7329],[103.67634,20.65652],[103.71427,20.67171],[103.70724,20.72184],[103.75458,20.74292],[103.75675,20.79599],[103.78532,20.84596],[104.01058,20.90808],[104.05668,20.95882],[104.09228,20.9612],[104.19388,20.92989],[104.22106,20.89201],[104.27894,20.89154],[104.38906,20.77098],[104.45262,20.76359],[104.49231,20.7021],[104.6152,20.64649],[104.54264,20.5357],[104.49582,20.51193],[104.44497,20.53461],[104.42379,20.49544],[104.35981,20.43974],[104.43236,20.41106],[104.57551,20.41405],[104.68093,20.34098],[104.68863,20.30104],[104.65736,20.27962],[104.65705,20.2127],[104.69085,20.19655],[104.81916,20.22099],[104.90799,20.17533],[104.90489,20.13464],[104.96442,20.07609],[104.94396,20.0671],[104.94949,19.9955],[104.87384,19.98266],[104.85792,19.95522],[104.78066,19.90809],[104.75555,19.86701],[104.81663,19.84809],[104.805,19.79089],[104.67597,19.72469],[104.61426,19.60744],[104.57923,19.61803],[104.50585,19.60281],[104.38007,19.68528],[104.34188,19.68301],[104.29527,19.65487],[104.27702,19.68389],[104.22897,19.70601],[104.13631,19.68746],[104.08872,19.6519],[104.00097,19.68074],[104.01735,19.60041],[104.07156,19.55914],[104.08996,19.48367],[104.0605,19.47129],[104.03828,19.41293],[103.95281,19.39096],[103.84842,19.29991],[103.89266,19.29389],[103.91095,19.26301],[103.97275,19.22529],[104.03673,19.23025],[104.14773,19.18289],[104.19812,19.14695],[104.21062,19.10075],[104.25992,19.10406],[104.35516,19.04788],[104.41324,18.98311],[104.49768,18.96799],[104.55608,18.89647],[104.6462,18.83255],[104.68558,18.82477],[104.71028,18.79609],[104.80164,18.77513],[104.87291,18.77798],[104.89936,18.77061],[104.91972,18.73558],[104.99016,18.73302],[105.06457,18.69664],[105.11268,18.69834],[105.16948,18.61486],[105.16209,18.59819],[105.12814,18.59892],[105.11362,18.58083],[105.07997,18.45435],[105.09077,18.42653],[105.16286,18.36601],[105.16617,18.30679],[105.23593,18.24946],[105.29252,18.25274],[105.29505,18.19561],[105.36554,18.15104],[105.41003,18.20189],[105.46672,18.18096],[105.47602,18.12732],[105.54651,18.05895],[105.55932,18.01534],[105.60604,17.96412],[105.59415,17.88811],[105.60521,17.85426],[105.64397,17.8201],[105.72309,17.6735],[105.81988,17.62156],[106.0193,17.3945],[106.18544,17.2574],[106.22182,17.24489],[106.25995,17.28923],[106.28455,17.28479],[106.31054,17.22712],[106.30636,17.17652],[106.39493,17.068],[106.38713,17.04718],[106.41136,16.99571],[106.49684,16.96393],[106.52454,16.98925],[106.54066,16.65914],[106.57244,16.61356],[106.64019,16.58664],[106.64117,16.51036],[106.67068,16.44442],[106.7424,16.42153],[106.82286,16.53098],[106.84669,16.53005],[106.86405,16.50406],[106.85588,16.41466],[106.8763,16.41802],[106.89774,16.37854],[106.94601,16.34614],[106.95655,16.30707],[107.05339,16.29523],[107.10827,16.26748],[107.14202,16.177],[107.23881,16.12982],[107.29896,16.06419],[107.43564,16.06884],[107.44474,16.00998],[107.37554,15.91908],[107.30506,15.89913],[107.23566,15.85552],[107.18625,15.8594],[107.14879,15.77346],[107.22568,15.71682],[107.23912,15.64512],[107.31643,15.58874],[107.36934,15.49606],[107.44298,15.50921],[107.46081,15.48438],[107.48748,15.48141],[107.49393,15.42004],[107.57315,15.41123],[107.58659,15.34335],[107.6641,15.26855],[107.65398,15.19956],[107.62726,15.19652],[107.61579,15.13551],[107.58049,15.09675],[107.58907,15.05818],[107.44556,15.02539],[107.46195,14.95681],[107.55817,14.88672],[107.49088,14.80424],[107.52039,14.70458],[107.45177,14.63218],[107.41492,14.54343],[107.28728,14.59852],[107.2339,14.54493],[107.21974,14.49798],[107.18057,14.49617],[107.15871,14.45152],[107.10078,14.40762],[107.07856,14.40078],[107.02724,14.43527],[106.94611,14.32352],[106.88508,14.33553],[106.83584,14.30706],[106.793,14.32259],[106.70716,14.4293],[106.6344,14.4509],[106.58567,14.49596],[106.54376,14.51211],[106.5125,14.59035],[106.47224,14.56407],[106.48485,14.52382],[106.43648,14.52382],[106.44516,14.49948],[106.3938,14.45617],[106.30646,14.44548],[106.23008,14.49046],[106.20394,14.3999],[106.17324,14.36967],[106.06353,14.37292],[106.05542,14.34843],[105.97398,14.36584],[105.96943,14.35486],[105.97398,14.3213],[106.00452,14.28998],[106.01247,14.22577],[106.07619,14.17451],[106.14947,14.05356],[106.08198,13.98096],[106.08384,13.93401],[106.06916,13.91654],[105.89966,13.92261],[105.78711,14.01015],[105.74402,14.08694],[105.64314,14.11346],[105.61725,14.10299],[105.59457,14.13635],[105.56139,14.13816],[105.53318,14.16433],[105.45008,14.11715],[105.36409,14.10405],[105.33779,14.10999],[105.25691,14.18244],[105.18798,14.29102],[105.18431,14.34574],[105.26859,14.36437],[105.29474,14.39907],[105.3351,14.38571],[105.36766,14.41455],[105.41597,14.42816],[105.50754,14.56405],[105.49576,14.65988],[105.50512,14.73636],[105.48915,14.78633],[105.50155,14.82734],[105.52439,14.83724],[105.51778,14.87767],[105.54305,14.8801],[105.55064,14.9023],[105.53416,14.93402],[105.59307,14.99079],[105.55354,15.00534],[105.52088,15.06614],[105.45194,15.09476],[105.44378,15.13381],[105.4631,15.18944],[105.56398,15.27253],[105.55803,15.32514],[105.49902,15.32467],[105.47747,15.35281],[105.48625,15.3749],[105.60428,15.43921],[105.651,15.6346],[105.64092,15.68199],[105.56852,15.74938],[105.44796,15.76488],[105.41205,15.79976],[105.36063,15.91939],[105.36249,15.95479],[105.42207,16.00988],[105.23722,16.0508],[105.05811,16.12119],[105.03259,16.16527],[105.01548,16.27673],[104.90805,16.35337],[104.85549,16.45409],[104.76516,16.51134],[104.74842,16.57191],[104.77901,16.70487],[104.74036,17.00258],[104.80991,17.17167],[104.81642,17.37279],[104.78893,17.42896],[104.75679,17.44994],[104.70263,17.5273],[104.452,17.66595],[104.35263,17.81933],[104.27031,17.874],[104.21088,18.00862],[104.12236,18.09528],[104.01864,18.29912],[103.97544,18.33066],[103.92929,18.32759],[103.87395,18.28323],[103.8014,18.33826],[103.69556,18.35322],[103.5488,18.41542],[103.39677,18.44141],[103.30685,18.42567],[103.26076,18.4002],[103.23399,18.35578],[103.29538,18.28777],[103.1682,18.24977],[103.13859,18.16672],[103.07131,18.12556],[103.07307,18.03552],[103.03793,17.99069],[103.02046,17.98423],[102.95494,18.01213],[102.85272,17.97203],[102.73738,17.89043],[102.67299,17.86537],[102.68291,17.81008],[102.59527,17.84082],[102.61232,17.91529],[102.59961,17.95518],[102.41223,17.9942],[102.36639,18.0388],[102.30671,18.05146],[102.25658,18.09404],[102.19157,18.15207],[102.17193,18.20029],[102.0785,18.2138],[101.9043,18.03712],[101.88379,18.03084],[101.79041,18.07358],[101.76576,18.04032],[101.72907,17.91219],[101.6362,17.89483],[101.60039,17.85436],[101.57755,17.86811],[101.57052,17.82889],[101.53404,17.80956],[101.55626,17.79215],[101.50272,17.76538],[101.46831,17.72037],[101.45348,17.75101],[101.388,17.72931],[101.3819,17.72073],[101.40402,17.71556],[101.38376,17.68492],[101.24703,17.59216],[101.20217,17.52317],[101.16672,17.51061],[101.13231,17.46167],[101.04932,17.49573],[100.98152,17.54761],[100.88602,17.57376],[100.88566,17.59588],[100.95382,17.6998],[100.95857,17.76414],[100.97552,17.77979],[100.96519,17.79762],[101.00027,17.83049],[101.00084,17.8848],[101.06616,17.934],[101.11231,18.0113],[101.16517,18.05342],[101.14161,18.12396],[101.1628,18.1953],[101.12838,18.24574],[101.13014,18.29116],[101.15541,18.32289],[101.08228,18.3642],[101.0303,18.42779],[101.07789,18.51042],[101.15536,18.55672],[101.16088,18.5998],[101.23473,18.65845],[101.23478,18.68948],[101.20584,18.73007],[101.22863,18.79562],[101.22491,18.87477],[101.28393,18.98148],[101.3264,19.02055],[101.31788,19.05013],[101.23571,19.12811],[101.21127,19.32637],[101.17845,19.34662],[101.17236,19.37639],[101.19287,19.45279],[101.23824,19.4723],[101.25173,19.49444],[101.25488,19.54715],[101.23824,19.57819],[101.20796,19.58956],[101.12466,19.56511],[101.00255,19.61061],[100.87982,19.61358],[100.753,19.48243],[100.63327,19.54217],[100.60702,19.54093],[100.56666,19.49563],[100.47426,19.52498],[100.37918,19.74567],[100.43142,19.83827],[100.48398,19.8807],[100.54335,20.06658],[100.5465,20.16792],[100.52924,20.14973],[100.46103,20.19071],[100.34434,20.38997],[100.30652,20.39969],[100.24037,20.37281],[100.20916,20.313],[100.1671,20.29261],[100.16772,20.25362],[100.15252,20.23915],[100.10296,20.2636],[100.09981,20.36222],[100.12095,20.38878],[100.17293,20.6221],[100.21133,20.69739],[100.27453,20.76199],[100.32967,20.78602],[100.36481,20.82819],[100.53668,20.80767],[100.65213,20.87661],[100.62309,20.88854],[100.5342,20.87392],[100.5157,20.88648],[100.51782,20.90632],[100.52924,20.96844],[100.55725,20.992],[100.54345,21.0274],[100.62552,21.05412],[100.68939,21.15933],[100.72541,21.31167],[100.79197,21.29736],[100.85134,21.31477],[101.15711,21.51967],[101.15902,21.55269],[101.18657,21.53533],[101.17143,21.4034],[101.23478,21.36366],[101.20744,21.31482],[101.22036,21.29627],[101.209,21.24553],[101.25974,21.17948],[101.29271,21.17607],[101.38149,21.22248],[101.51761,21.24263],[101.58396,21.22439],[101.58179,21.17566],[101.65512,21.1892],[101.70426,21.13509],[101.76674,21.15065],[101.76007,21.19597],[101.80524,21.2045],[101.82374,21.23447],[101.80116,21.26708],[101.7225,21.30423],[101.71558,21.33818],[101.72969,21.47425],[101.74824,21.5145],[101.7362,21.57088],[101.79356,21.58824],[101.80384,21.62592],[101.75594,21.64865],[101.7548,21.68979],[101.72855,21.71754],[101.75108,21.81614],[101.67367,21.93138],[101.6068,21.9676],[101.55543,22.09033],[101.56153,22.17612],[101.51575,22.24536],[101.55099,22.27668],[101.60122,22.27699],[101.6237,22.34665],[101.6437,22.36468],[101.65455,22.44612],[101.71315,22.49155],[101.75506,22.49553],[101.78488,22.47222],[101.8426,22.38334],[101.86792,22.37884],[101.89164,22.42969],[101.99499,22.44742],[102.08553,22.42912],[102.12542,22.38365]]]}},{"type":"Feature","properties":{"name":"Kyrgyzstan","adm0_a3":"KGZ"},"geometry":{"type":"Polygon","coordinates":[[[80.21653,42.1744],[80.22459,42.12557],[80.25653,42.08436],[80.23121,42.03369],[80.18191,42.02098],[79.93086,42.02328],[79.84291,42.00183],[79.81283,41.97762],[79.78327,41.90509],[79.74751,41.87974],[79.61098,41.86763],[79.39084,41.7727],[79.28232,41.7835],[79.19592,41.72952],[79.08874,41.70255],[78.97619,41.6418],[78.91583,41.63317],[78.80731,41.57844],[78.65828,41.53245],[78.61921,41.47809],[78.51038,41.45442],[78.3599,41.37753],[78.33933,41.34404],[78.35969,41.28746],[78.34946,41.2704],[78.27536,41.22885],[78.1905,41.11775],[78.07496,41.03951],[77.83104,41.06297],[77.65028,40.99714],[77.50352,40.98107],[77.33298,41.02065],[77.24317,41.00566],[77.11884,41.01166],[77.00773,41.04421],[76.86097,41.01321],[76.76682,40.94468],[76.76248,40.84702],[76.64786,40.76485],[76.6308,40.72888],[76.62078,40.61132],[76.55639,40.56569],[76.4765,40.43614],[76.33015,40.34808],[76.29935,40.35568],[76.27341,40.43412],[76.24416,40.4412],[76.15135,40.36813],[76.05162,40.3902],[75.96242,40.35733],[75.90186,40.29888],[75.77205,40.31015],[75.68182,40.2917],[75.65629,40.32307],[75.63831,40.38611],[75.66694,40.45025],[75.61795,40.49396],[75.60565,40.56941],[75.58766,40.61194],[75.55986,40.63287],[75.48183,40.61411],[75.19389,40.44125],[75.13808,40.46389],[75.06439,40.44384],[75.00238,40.4473],[74.83536,40.51164],[74.7874,40.42074],[74.85386,40.35883],[74.86213,40.32617],[74.70576,40.33129],[74.5654,40.24695],[74.47662,40.17243],[74.33379,40.09373],[74.1676,40.10639],[74.06952,40.06779],[74.00399,40.06081],[73.96637,40.03327],[73.94404,39.97007],[73.8932,39.91813],[73.88069,39.86501],[73.82302,39.80568],[73.82953,39.74698],[73.8935,39.71039],[73.92678,39.59288],[73.87046,39.54679],[73.84803,39.48974],[73.82074,39.46819],[73.63264,39.44834],[73.47689,39.46478],[73.36764,39.4438],[73.34315,39.43067],[73.32641,39.39088],[73.16786,39.35538],[73.07113,39.37072],[73.00932,39.34861],[72.89367,39.3639],[72.83528,39.3562],[72.63374,39.3945],[72.57576,39.3593],[72.51902,39.37569],[72.47674,39.34613],[72.39323,39.35083],[72.31634,39.32882],[72.2289,39.18924],[72.20327,39.24081],[72.09475,39.27507],[72.07811,39.33662],[72.04979,39.36886],[71.95915,39.34587],[71.80702,39.27285],[71.75121,39.27424],[71.7109,39.32096],[71.74811,39.37956],[71.74025,39.44834],[71.70459,39.45899],[71.55432,39.44416],[71.51287,39.45883],[71.4921,39.49366],[71.53138,39.55309],[71.51091,39.58415],[71.45955,39.6121],[71.36854,39.59149],[71.24927,39.51438],[71.0959,39.51237],[71.06293,39.49563],[71.00929,39.40762],[70.97714,39.39491],[70.90335,39.42085],[70.77013,39.38209],[70.71328,39.39842],[70.69809,39.41899],[70.69975,39.47216],[70.65598,39.49371],[70.62213,39.56353],[70.59784,39.57779],[70.52611,39.57562],[70.47723,39.6012],[70.38431,39.57087],[70.33026,39.57309],[70.22329,39.51909],[70.20603,39.5241],[70.21481,39.59112],[70.20066,39.6195],[70.13244,39.55004],[70.04036,39.57361],[69.97876,39.53444],[69.90775,39.54849],[69.83044,39.53624],[69.66942,39.57779],[69.5823,39.57356],[69.51439,39.53759],[69.41218,39.52503],[69.36164,39.55288],[69.30035,39.51562],[69.28619,39.53971],[69.28753,39.67779],[69.2263,39.75101],[69.24071,39.82894],[69.31032,39.9848],[69.3573,39.95947],[69.40536,39.89612],[69.50158,39.92247],[69.46313,40.02541],[69.51801,40.1251],[69.54302,40.10308],[69.57547,40.1036],[69.96956,40.2116],[70.00459,40.20876],[70.14717,40.13698],[70.24153,40.13274],[70.32426,40.0775],[70.52549,40.03368],[70.53562,40.01596],[70.52095,39.99374],[70.4732,39.97012],[70.45087,39.93741],[70.45563,39.90682],[70.47723,39.90092],[70.5009,39.94056],[70.5766,39.95224],[70.61396,39.97575],[70.63944,40.08494],[70.66595,40.10417],[70.72982,40.1207],[70.79214,40.16137],[70.92929,40.17062],[70.96288,40.18969],[70.97952,40.21408],[70.95896,40.23837],[70.99513,40.26659],[71.20101,40.26385],[71.25382,40.32441],[71.28322,40.29842],[71.36513,40.29413],[71.44136,40.2609],[71.47712,40.2208],[71.52125,40.20375],[71.59297,40.19843],[71.62832,40.25889],[71.66015,40.22447],[71.67307,40.14789],[71.70718,40.14427],[71.77591,40.17993],[71.83647,40.24917],[72.01889,40.24003],[72.01982,40.25873],[71.95822,40.28653],[71.95667,40.31568],[72.04318,40.34932],[72.0993,40.42637],[72.16586,40.45443],[72.25423,40.45831],[72.2596,40.44239],[72.21164,40.4256],[72.39406,40.38942],[72.4262,40.45934],[72.36347,40.51231],[72.37008,40.55773],[72.35189,40.60197],[72.38156,40.61215],[72.44791,40.56047],[72.58578,40.50874],[72.62547,40.5105],[72.65048,40.53215],[72.66423,40.57778],[72.71921,40.56486],[72.74836,40.5751],[72.76003,40.64176],[72.78391,40.66966],[73.07061,40.76247],[73.14864,40.81369],[73.14337,40.83384],[73.05356,40.83632],[73.00343,40.87017],[72.87031,40.81818],[72.86866,40.86412],[72.65823,40.86717],[72.61947,40.88009],[72.54558,40.95652],[72.48336,40.97057],[72.48191,41.00882],[72.3952,41.02204],[72.33236,41.07284],[72.28978,41.02354],[72.16514,40.99936],[72.1856,41.06065],[72.15842,41.18788],[72.1085,41.1964],[72.03377,41.15661],[71.97703,41.19521],[71.87161,41.19449],[71.86882,41.27924],[71.84702,41.34182],[71.74521,41.45282],[71.73043,41.45117],[71.72165,41.42476],[71.69612,41.44744],[71.67194,41.42548],[71.6895,41.4938],[71.67142,41.54739],[71.62739,41.5432],[71.59545,41.49375],[71.63742,41.43127],[71.58553,41.32352],[71.52383,41.29665],[71.41877,41.3474],[71.41608,41.12736],[71.39366,41.11274],[71.32524,41.15733],[71.27614,41.11315],[71.24152,41.17516],[71.20638,41.18875],[71.18571,41.18023],[71.18013,41.10814],[71.12308,41.15821],[71.02469,41.18979],[70.9142,41.19304],[70.82852,41.24911],[70.77044,41.23852],[70.75628,41.26963],[70.7692,41.3521],[70.70357,41.44548],[70.66781,41.47137],[70.4532,41.40548],[70.39899,41.46496],[70.34442,41.4938],[70.16655,41.52021],[70.14826,41.55245],[70.16929,41.57834],[70.45366,41.71208],[70.50648,41.78559],[70.64895,41.88739],[70.814,41.91954],[70.84547,42.03036],[70.97714,42.04423],[71.11843,42.12291],[71.23822,42.16024],[71.2532,42.19756],[71.0776,42.28117],[71.01404,42.2877],[70.94779,42.24815],[70.89782,42.26161],[70.85266,42.30608],[70.9327,42.3762],[70.92991,42.4123],[70.96195,42.46811],[70.97714,42.47875],[71.04102,42.4548],[71.06417,42.47033],[71.05786,42.4934],[71.0127,42.52604],[71.00319,42.56353],[71.12701,42.59061],[71.14809,42.6174],[71.15755,42.68794],[71.21145,42.70522],[71.2625,42.75357],[71.34756,42.74284],[71.40461,42.79488],[71.50419,42.78961],[71.56631,42.75724],[71.69354,42.81181],[71.84774,42.83405],[72.10488,42.75034],[72.1641,42.76509],[72.29236,42.76106],[72.47674,42.68256],[72.72582,42.65288],[72.7806,42.62045],[72.81522,42.57304],[72.87455,42.54399],[73.11505,42.55084],[73.18905,42.52076],[73.3014,42.50707],[73.31659,42.49371],[73.3262,42.42868],[73.5051,42.40294],[73.41756,42.55616],[73.41271,42.62732],[73.50355,42.79408],[73.49301,42.89495],[73.57094,43.03192],[73.80555,43.11473],[73.90167,43.13096],[73.93505,43.19972],[73.96534,43.21692],[74.03985,43.18186],[74.2139,43.20264],[74.17876,43.2617],[74.40055,43.15954],[74.55817,43.11504],[74.61129,43.05817],[74.71392,42.99988],[74.86285,42.97583],[75.17859,42.84966],[75.55594,42.82522],[75.62043,42.8053],[75.70383,42.83049],[75.73825,42.86157],[75.7706,42.92565],[75.79716,42.93619],[75.99911,42.91764],[76.06454,42.93397],[76.2545,42.92115],[76.34049,42.90167],[76.38296,42.91007],[76.41407,42.8855],[76.48053,42.91697],[76.58502,42.8948],[76.70791,42.91366],[76.83348,42.97174],[76.95688,42.98851],[77.124,42.9589],[77.17868,42.9132],[77.32813,42.89756],[77.41856,42.92224],[77.50155,42.91454],[77.55778,42.88813],[77.6478,42.9095],[77.71384,42.90759],[77.78123,42.89563],[77.80996,42.87129],[77.88386,42.89322],[78.03062,42.85467],[78.22978,42.86501],[78.31122,42.85051],[78.42956,42.88066],[78.5943,42.85023],[78.68711,42.8046],[78.99294,42.75713],[79.14827,42.79098],[79.18083,42.77553],[79.17608,42.71393],[79.20636,42.65647],[79.35302,42.5773],[79.42567,42.4696],[79.57192,42.44953],[79.69646,42.45984],[79.91794,42.42444],[80.077,42.30576],[80.21653,42.1744]],[[71.76061,39.98371],[71.68175,39.95508],[71.66553,39.9402],[71.69684,39.91384],[71.7573,39.9031],[71.78976,39.97932],[71.76061,39.98371]],[[71.16938,40.04283],[71.07884,40.07864],[71.0312,40.1469],[71.00856,40.15776],[70.97714,40.14458],[70.95405,40.0958],[70.95844,40.06308],[70.99451,40.00888],[71.04582,39.99203],[71.05037,39.96288],[71.00763,39.91116],[71.00929,39.88573],[71.06096,39.90413],[71.07998,39.9034],[71.0989,39.8755],[71.20845,39.88878],[71.22106,39.93172],[71.17703,39.96816],[71.1747,39.99399],[71.244,40.04676],[71.22374,40.05787],[71.16938,40.04283]],[[70.48374,39.88222],[70.49015,39.85018],[70.58161,39.76657],[70.70481,39.82207],[70.69892,39.85845],[70.61991,39.8507],[70.48374,39.88222]]]}},{"type":"Feature","properties":{"name":"Armenia","adm0_a3":"ARM"},"geometry":{"type":"MultiPolygon","coordinates":[[[[45.0394,41.23118],[45.03485,41.19769],[45.13443,41.18788],[45.19975,41.14266],[45.20104,41.12674],[45.16673,41.10778],[45.06782,41.11093],[45.05718,41.07879],[45.07004,41.06209],[45.11102,41.04954],[45.12002,41.07961],[45.22161,41.01445],[45.31256,40.99662],[45.41912,41.01734],[45.41643,40.96132],[45.47927,40.92991],[45.53787,40.8759],[45.59916,40.86268],[45.58221,40.79937],[45.55586,40.77658],[45.43793,40.73338],[45.37364,40.6753],[45.3878,40.60951],[45.44465,40.56636],[45.45545,40.52363],[45.48542,40.50528],[45.52619,40.44105],[45.58541,40.39872],[45.81837,40.2978],[45.86168,40.26126],[45.92462,40.26617],[45.97924,40.22359],[45.96296,40.14169],[45.90953,40.08267],[45.87377,40.00976],[45.63957,40.02541],[45.57627,39.99389],[45.57942,39.97017],[45.74277,39.94051],[45.81682,39.83917],[45.86188,39.80455],[45.97924,39.76848],[46.04513,39.68755],[46.13168,39.65215],[46.18424,39.59324],[46.34371,39.61862],[46.39642,39.57666],[46.49544,39.57593],[46.52427,39.55464],[46.51828,39.52544],[46.49202,39.5102],[46.4914,39.46643],[46.40572,39.45119],[46.374,39.43599],[46.36087,39.41026],[46.37462,39.37884],[46.49528,39.32401],[46.51766,39.27884],[46.60261,39.21549],[46.51414,39.18443],[46.41833,39.21192],[46.39529,39.19518],[46.39627,39.16443],[46.47931,39.11477],[46.49192,39.0819],[46.47508,38.95106],[46.51404,38.88218],[46.37823,38.92471],[46.29131,38.91393],[46.20248,38.87055],[46.13587,38.8637],[46.02549,39.06377],[45.9581,39.15151],[45.95511,39.20324],[45.9858,39.24944],[45.75863,39.36948],[45.80308,39.44819],[45.79708,39.53635],[45.76545,39.56157],[45.71466,39.56947],[45.58645,39.54539],[45.43483,39.48886],[45.37488,39.52586],[45.31298,39.53381],[45.25996,39.5997],[45.20476,39.57231],[45.14833,39.57526],[45.15154,39.66771],[45.06751,39.75721],[45.03351,39.77039],[44.92716,39.72471],[44.77456,39.7028],[44.69203,39.79302],[44.64769,39.80512],[44.61152,39.83731],[44.59819,39.83101],[44.59106,39.85783],[44.52217,39.93353],[44.32564,40.03466],[44.25526,40.0434],[44.13548,40.02231],[44.10447,40.03596],[44.03243,40.00862],[43.91213,40.02433],[43.66543,40.11016],[43.65251,40.139],[43.72139,40.16938],[43.67308,40.22773],[43.69137,40.23863],[43.67597,40.26597],[43.59422,40.34544],[43.62533,40.42017],[43.55949,40.47789],[43.5937,40.509],[43.63897,40.52259],[43.63148,40.53686],[43.65251,40.52941],[43.66481,40.57406],[43.70718,40.61194],[43.69953,40.63458],[43.72935,40.6771],[43.72062,40.76289],[43.65954,40.85198],[43.63618,40.93352],[43.56543,40.98815],[43.46048,41.02287],[43.44043,41.10659],[43.56662,41.12405],[43.75416,41.10824],[43.86324,41.15899],[43.95585,41.16049],[44.06127,41.18415],[44.12473,41.17806],[44.18033,41.22994],[44.28498,41.19087],[44.34492,41.21325],[44.45494,41.18048],[44.51664,41.20684],[44.55152,41.17702],[44.61286,41.22312],[44.67493,41.20849],[44.84778,41.20891],[44.85771,41.21935],[44.84706,41.23077],[44.80128,41.25852],[44.82071,41.27335],[44.95517,41.2627],[45.0024,41.29045],[45.0394,41.23118]],[[44.96395,41.07377],[44.96695,41.04483],[45.01573,41.02323],[45.03,41.04628],[45.01888,41.07491],[44.96395,41.07377]],[[45.22047,40.97905],[45.19185,40.99781],[45.17717,40.99383],[45.18678,40.97083],[45.22047,40.97905]]],[[[45.47927,40.60982],[45.47338,40.64031],[45.49178,40.65711],[45.56071,40.64765],[45.51369,40.60197],[45.47927,40.60982]]]]}},{"type":"Feature","properties":{"name":"Djibouti","adm0_a3":"DJI"},"geometry":{"type":"Polygon","coordinates":[[[43.24073,11.48786],[42.92372,10.99879],[42.90811,11.00419],[42.87328,10.97825],[42.77179,10.99646],[42.72962,11.06501],[42.61562,11.08966],[42.47971,11.05912],[42.39176,11.00589],[42.33853,11.0155],[42.22164,10.98434],[42.09627,10.99026],[42.0384,10.95044],[41.93752,10.92982],[41.91685,10.94706],[41.77381,10.98005],[41.76131,10.9962],[41.78559,11.06739],[41.78797,11.25973],[41.74911,11.53795],[41.79242,11.70446],[41.80823,11.73624],[41.93639,11.82744],[42.37946,12.46591],[42.43093,12.52032],[42.47568,12.51634],[42.52157,12.49624],[42.67825,12.36002],[42.74988,12.41707],[42.79225,12.42916],[42.78522,12.51722],[42.86884,12.62616],[42.90036,12.61639],[43.11769,12.70791],[43.28321,12.49653],[43.313,12.47769],[43.32936,12.48876],[43.36785,12.30687],[43.41432,12.22492],[43.41871,12.09125],[43.39877,12.02953],[43.35043,11.98794],[43.20655,11.95783],[43.05551,11.80362],[42.98683,11.79609],[42.94264,11.77383],[42.8965,11.78058],[42.77719,11.73224],[42.66798,11.56855],[42.56902,11.56338],[42.5486,11.58381],[42.51498,11.56721],[42.52809,11.57022],[42.53875,11.503],[42.60377,11.46776],[42.64479,11.48823],[42.68165,11.48452],[42.68751,11.49722],[42.66529,11.51557],[42.6941,11.54597],[42.82911,11.57697],[42.8558,11.59577],[42.87517,11.58369],[43.0818,11.58954],[43.10336,11.57697],[43.15187,11.61176],[43.18385,11.52656],[43.24073,11.48786]]]}},{"type":"Feature","properties":{"name":"Eritrea","adm0_a3":"ERI"},"geometry":{"type":"MultiPolygon","coordinates":[[[[42.90036,12.61639],[42.86884,12.62616],[42.85209,12.61174],[42.82884,12.55763],[42.78522,12.51722],[42.79225,12.42916],[42.74988,12.41707],[42.67825,12.36002],[42.52157,12.49624],[42.47568,12.51634],[42.43093,12.52032],[42.37946,12.46591],[42.25016,12.62398],[42.18495,12.73305],[42.1373,12.77333],[41.94662,12.87617],[41.89432,12.94797],[41.78477,13.16457],[41.7118,13.24793],[41.53073,13.39378],[41.19204,13.61586],[41.04362,13.87249],[40.8332,14.10596],[40.77232,14.14836],[40.58587,14.19469],[40.42165,14.27376],[40.23768,14.42744],[40.10456,14.46597],[40.0,14.45521],[40.0,15.38514],[40.07993,15.34072],[40.08131,15.31916],[40.02662,15.23721],[40.05201,15.22956],[40.04151,15.20498],[40.08131,15.16454],[40.10182,15.06464],[40.12794,15.06623],[40.15431,15.0373],[40.15943,14.98224],[40.27263,14.93757],[40.28679,14.91348],[40.34718,14.94408],[40.38982,15.00324],[40.40138,14.96613],[40.41774,14.96906],[40.4227,14.99901],[40.45444,15.00446],[40.46314,14.97968],[40.49903,14.96223],[40.52019,14.98273],[40.51271,15.01748],[40.55421,14.99018],[40.56105,14.95539],[40.61638,14.94868],[40.6277,14.892],[40.65659,14.88032],[40.66041,14.90257],[40.69451,14.89623],[40.69272,14.8819],[40.67091,14.88032],[40.73243,14.82567],[40.72389,14.75707],[40.76637,14.71459],[40.76645,14.6953],[40.80812,14.70283],[40.80812,14.72207],[40.88445,14.71454],[40.97267,14.66962],[41.16749,14.63695],[41.20875,14.5681],[41.30681,14.48892],[41.33595,14.402],[41.37664,14.37629],[41.41277,14.30654],[41.50587,14.21345],[41.54176,14.12617],[41.62094,14.06362],[41.67652,13.94025],[41.75343,13.92072],[41.79811,13.93439],[41.84897,13.87617],[41.90431,13.87979],[41.96974,13.84565],[41.99366,13.7836],[42.0892,13.68797],[42.10662,13.64354],[42.14381,13.65038],[42.22389,13.55394],[42.19874,13.5987],[42.219,13.60602],[42.21974,13.63255],[42.15992,13.65656],[42.18482,13.66747],[42.28842,13.57461],[42.30592,13.47614],[42.34254,13.41812],[42.3794,13.22264],[42.47682,13.19452],[42.53395,13.23257],[42.65545,13.07233],[42.72975,13.03315],[42.78126,12.85187],[42.83578,12.86494],[42.86891,12.82136],[42.93214,12.81094],[42.92799,12.78974],[42.97804,12.82396],[43.00099,12.86494],[43.00099,12.9003],[43.02947,12.87885],[43.08644,12.82087],[43.12387,12.71532],[42.90036,12.61639]]],[[[40.40113,15.64077],[40.41424,15.59829],[40.39389,15.57233],[40.35662,15.58617],[40.28736,15.57298],[40.20826,15.59968],[40.1587,15.58954],[40.12281,15.61396],[40.0853,15.58763],[40.0,15.61096],[40.0,15.66018],[40.02662,15.64745],[40.08131,15.66112],[40.03858,15.71898],[40.0,15.73826],[40.0,15.82515],[40.03346,15.82624],[40.03745,15.83841],[40.0,15.88834],[40.09156,15.84984],[40.10564,15.82868],[40.09571,15.78461],[40.12281,15.79214],[40.11541,15.80903],[40.13648,15.80622],[40.13307,15.71117],[40.16383,15.64436],[40.23211,15.62702],[40.26157,15.66324],[40.21909,15.68537],[40.26694,15.70352],[40.30763,15.69721],[40.32993,15.66425],[40.40113,15.64077]]],[[[40.11883,16.062],[40.0774,16.01903],[40.11451,15.98591],[40.0,16.00777],[40.0,16.05028],[40.04721,16.06346],[40.05047,16.10724],[40.11883,16.062]]]]}},{"type":"Feature","properties":{"name":"Iraq","adm0_a3":"IRQ"},"geometry":{"type":"Polygon","coordinates":[[[44.75254,37.11314],[44.8019,37.04353],[44.8406,37.0472],[44.88737,37.01593],[44.86918,36.96736],[44.88344,36.88684],[44.83414,36.83403],[44.83125,36.79192],[44.92272,36.7759],[44.9962,36.74169],[45.04591,36.66805],[45.01325,36.55792],[44.99139,36.53374],[45.03816,36.494],[45.08374,36.41282],[45.11082,36.40253],[45.2213,36.42093],[45.23887,36.403],[45.25701,36.31169],[45.28269,36.27489],[45.25851,36.26223],[45.29737,36.22673],[45.3046,36.14038],[45.34832,36.08751],[45.31959,36.03103],[45.32031,35.99403],[45.35959,35.97688],[45.47927,36.01202],[45.53999,35.99398],[45.64686,35.93321],[45.71874,35.8283],[45.74902,35.81099],[45.83475,35.81053],[45.87832,35.83523],[46.00492,35.83797],[46.06042,35.85724],[46.11504,35.84644],[46.1291,35.81554],[46.16352,35.79751],[46.28139,35.8283],[46.32707,35.8035],[46.31338,35.77151],[46.23788,35.71555],[46.17773,35.71539],[46.10704,35.68981],[46.03706,35.69157],[46.00379,35.67426],[45.99924,35.57214],[45.95934,35.57871],[45.98456,35.53106],[45.964,35.49417],[46.04099,35.38156],[46.12016,35.31852],[46.1274,35.28906],[46.10145,35.23428],[46.16925,35.21625],[46.13039,35.1314],[46.15106,35.1116],[46.00921,35.06091],[45.9132,35.08732],[45.89909,35.04691],[45.85702,35.02127],[45.86896,34.96836],[45.8502,34.90681],[45.83501,34.89017],[45.75512,34.90996],[45.7454,34.84098],[45.66675,34.80692],[45.66282,34.76325],[45.62738,34.72083],[45.68763,34.65324],[45.70856,34.57908],[45.70153,34.55128],[45.50066,34.59169],[45.50346,34.49418],[45.47927,34.46725],[45.41705,34.44436],[45.46077,34.34046],[45.47927,34.32915],[45.52154,34.3425],[45.55756,34.31196],[45.56102,34.2646],[45.52666,34.17931],[45.54454,34.13949],[45.45488,34.06986],[45.41995,33.99426],[45.38036,33.97356],[45.42372,33.93878],[45.48578,33.93865],[45.57477,33.80393],[45.61673,33.76869],[45.64515,33.69792],[45.72112,33.64076],[45.73455,33.58312],[45.81579,33.6258],[45.88596,33.63092],[45.88204,33.6002],[45.92792,33.55087],[45.85258,33.49436],[45.8994,33.4763],[45.97443,33.4908],[46.01939,33.4384],[46.03624,33.36794],[46.1553,33.26022],[46.16719,33.16834],[46.10538,33.11839],[46.0303,33.10568],[46.04327,33.08346],[46.12042,33.06168],[46.11949,33.03101],[46.07572,32.9945],[46.09701,32.95432],[46.27343,32.95949],[46.47931,32.89179],[46.71589,32.75601],[47.09059,32.47456],[47.15255,32.45518],[47.26531,32.48468],[47.34334,32.45869],[47.41083,32.39528],[47.40246,32.32351],[47.50922,32.2138],[47.49134,32.14863],[47.57806,32.10616],[47.6178,32.04187],[47.66808,32.01241],[47.76528,31.8641],[47.83448,31.80571],[47.83132,31.76184],[47.67893,31.40785],[47.67294,30.9947],[48.01224,30.98907],[48.01359,30.46388],[48.13058,30.4475],[48.17048,30.40667],[48.20009,30.32394],[48.30571,30.31283],[48.4087,30.20234],[48.38111,30.14534],[48.42395,30.08364],[48.45314,30.00143],[48.55926,29.9466],[48.52052,29.9289],[48.41188,29.93842],[48.20924,30.02448],[48.11915,30.04499],[48.03826,30.03685],[47.969,30.00406],[47.95167,30.08832],[47.93482,30.10708],[47.94801,29.99404],[47.73143,30.08855],[47.67418,30.09822],[47.35822,30.09212],[47.1971,30.03424],[47.1447,30.00334],[47.11049,29.96091],[46.98884,29.71266],[46.97737,29.65798],[46.85345,29.44456],[46.71186,29.27139],[46.53244,29.09574],[46.35746,29.06314],[44.69182,29.20184],[42.85871,30.49468],[42.0754,31.07986],[40.42413,31.92053],[40.0,31.99866],[40.0,33.98555],[40.69047,34.3315],[40.96528,34.40185],[41.19566,34.76847],[41.20651,34.81932],[41.19152,35.18214],[41.20134,35.24302],[41.24309,35.36653],[41.26108,35.49417],[41.34221,35.59369],[41.3635,35.65524],[41.35451,35.82557],[41.24061,36.04302],[41.23658,36.07702],[41.27699,36.35478],[41.38541,36.51638],[41.81732,36.59973],[42.37719,37.06224],[42.35724,37.10998],[42.56126,37.14662],[42.71567,37.35529],[42.77158,37.3749],[42.80114,37.36909],[42.81406,37.34682],[42.93705,37.32015],[43.11482,37.37113],[43.27031,37.30868],[43.33614,37.32023],[43.4796,37.24336],[43.52952,37.2539],[43.59422,37.22946],[43.74692,37.23065],[43.8094,37.19969],[43.89363,37.22491],[43.99037,37.3125],[44.08804,37.31116],[44.18446,37.27917],[44.235,37.23677],[44.24834,37.16967],[44.18922,37.12921],[44.18002,37.08761],[44.23428,36.98366],[44.28482,36.96917],[44.30663,36.97723],[44.34311,37.04244],[44.45442,37.07634],[44.61028,37.17835],[44.75384,37.15915],[44.76614,37.14192],[44.75254,37.11314]]]}},{"type":"Feature","properties":{"name":"Iran","adm0_a3":"IRN"},"geometry":{"type":"MultiPolygon","coordinates":[[[[44.80965,39.63696],[44.87228,39.62508],[44.9284,39.48824],[44.96163,39.45377],[44.95703,39.43449],[45.00638,39.41796],[45.08798,39.35073],[45.13583,39.27848],[45.15273,39.21352],[45.31112,39.20053],[45.31112,39.17629],[45.34822,39.16392],[45.34527,39.13844],[45.39638,39.07333],[45.43452,39.05278],[45.42527,39.02563],[45.4386,39.00424],[45.53084,38.96928],[45.71688,38.95478],[46.12605,38.86267],[46.20248,38.87055],[46.29131,38.91393],[46.37823,38.92471],[46.51404,38.88218],[46.55373,38.88982],[46.5992,38.91969],[46.65217,38.99294],[46.74483,39.04025],[46.77376,39.08537],[46.86616,39.16536],[46.95375,39.16066],[47.02047,39.18996],[47.10222,39.3084],[47.29136,39.37961],[47.4069,39.47682],[47.54116,39.51516],[47.82311,39.68032],[47.92294,39.68414],[47.97142,39.70455],[48.28861,39.44503],[48.33894,39.37894],[48.15352,39.31905],[48.10619,39.26918],[48.10433,39.23484],[48.14216,39.1812],[48.2713,39.10831],[48.3068,39.0454],[48.29367,39.0046],[48.24318,38.97388],[48.05854,38.94837],[48.05245,38.92791],[47.99074,38.89122],[47.99312,38.85008],[48.07797,38.78094],[48.22298,38.72146],[48.22804,38.66219],[48.31031,38.60015],[48.41527,38.61811],[48.43372,38.56997],[48.60786,38.39598],[48.68321,38.39802],[48.77772,38.44481],[48.87428,38.43407],[48.87485,38.24274],[48.94907,37.96686],[48.94451,37.90339],[48.98748,37.84248],[48.98316,37.81598],[49.0145,37.73916],[49.1325,37.62336],[49.20558,37.58169],[49.44174,37.49486],[49.82618,37.45356],[49.93377,37.47443],[49.96949,37.4597],[49.93531,37.45356],[50.19565,37.38935],[50.22731,37.36542],[50.22332,37.32933],[50.24513,37.27928],[50.32228,37.15327],[50.47885,37.03498],[51.00473,36.76765],[51.08863,36.73701],[51.90903,36.58271],[52.09409,36.60252],[52.25856,36.65095],[52.77931,36.74038],[53.11573,36.82225],[53.4476,36.8819],[53.88592,36.90583],[53.95777,36.91962],[54.00652,36.95262],[54.00424,36.91462],[53.9476,36.89875],[53.81821,36.87523],[53.60914,36.8769],[53.66383,36.86323],[53.636,36.857],[53.70102,36.8166],[53.88917,36.79361],[54.01433,36.82111],[54.03305,36.84577],[54.03354,36.94912],[54.02809,36.96621],[53.9944,36.97915],[54.02003,37.02774],[53.98032,37.09406],[53.92774,37.2438],[53.91375,37.34276],[54.20644,37.3246],[54.26152,37.35483],[54.36415,37.36268],[54.53334,37.44082],[54.65396,37.4389],[54.78831,37.52464],[54.8094,37.60334],[54.78728,37.65186],[54.82666,37.73527],[55.0068,37.84309],[55.13031,37.95231],[55.21971,37.96998],[55.2288,37.9858],[55.30746,38.00879],[55.4474,38.08367],[55.70867,38.11866],[55.96302,38.06652],[56.12146,38.08646],[56.21407,38.06884],[56.29975,38.08024],[56.329,38.12377],[56.29706,38.16578],[56.30336,38.17943],[56.43648,38.25508],[56.52816,38.25741],[56.58521,38.23457],[56.72938,38.27105],[56.81238,38.22896],[57.03841,38.18728],[57.17494,38.27756],[57.21835,38.26508],[57.34433,38.08106],[57.32707,37.99412],[57.3524,37.96753],[57.49626,37.92231],[57.69119,37.92027],[57.76302,37.89939],[57.80002,37.86764],[57.88415,37.86534],[58.04093,37.8057],[58.15669,37.78819],[58.18118,37.77485],[58.20681,37.67874],[58.35781,37.63331],[58.47966,37.64411],[58.52979,37.70039],[58.68172,37.64272],[58.7798,37.65964],[58.80109,37.69465],[59.03457,37.62453],[59.21171,37.51632],[59.31228,37.53035],[59.3563,37.48063],[59.36199,37.43921],[59.34835,37.40929],[59.37036,37.31943],[59.46937,37.2407],[59.46172,37.2076],[59.5012,37.19021],[59.55598,37.19778],[59.60497,37.12388],[59.65324,37.14967],[59.79721,37.11221],[59.89953,37.05056],[60.01921,37.0258],[60.13259,36.87341],[60.23852,36.76975],[60.30922,36.65198],[60.34229,36.63714],[61.07548,36.64779],[61.16581,36.63632],[61.18761,36.56511],[61.16632,36.51385],[61.17397,36.48682],[61.14669,36.35726],[61.15351,36.31494],[61.18544,36.28399],[61.22472,36.12369],[61.19816,36.0608],[61.17397,36.04803],[61.17397,36.00648],[61.12984,35.97052],[61.18834,35.95357],[61.24105,35.89388],[61.25634,35.7695],[61.23174,35.67188],[61.27701,35.6092],[61.29004,35.54806],[61.19506,35.39009],[61.1871,35.30038],[61.10834,35.27795],[61.11237,35.20204],[61.09635,35.1932],[61.13986,35.13966],[61.14731,35.1021],[61.11589,35.05988],[61.07475,34.93311],[61.06545,34.81472],[61.03476,34.80625],[61.00964,34.76098],[60.95993,34.7232],[60.94752,34.63799],[60.89544,34.62833],[60.83849,34.57091],[60.73927,34.54802],[60.69968,34.5164],[60.77937,34.45508],[60.89047,34.31891],[60.64367,34.30664],[60.65059,34.28535],[60.55241,34.22006],[60.49277,34.13903],[60.48678,34.09428],[60.52802,33.84145],[60.48688,33.71138],[60.51179,33.63839],[60.57483,33.5878],[60.65555,33.55989],[60.84603,33.55578],[60.89512,33.54113],[60.92086,33.5141],[60.83218,33.4845],[60.82908,33.41628],[60.75705,33.36634],[60.5676,33.15128],[60.56295,33.05827],[60.83032,32.24888],[60.81482,32.08786],[60.77493,32.02719],[60.7926,32.01128],[60.80531,31.73398],[60.7926,31.66008],[60.82174,31.49467],[61.68691,31.37318],[61.74231,31.32088],[61.74272,31.23954],[61.78768,31.15862],[61.82644,31.01496],[61.80019,30.96142],[61.80225,30.84706],[60.84438,29.85818],[61.27918,29.40663],[61.33737,29.37438],[61.34657,29.34906],[61.33282,29.27491],[61.38698,29.20664],[61.39794,29.15907],[61.43773,29.13962],[61.46088,29.09388],[61.48775,29.08066],[61.46801,29.04174],[61.5109,29.00738],[61.5665,28.87098],[61.65301,28.75633],[61.89279,28.5426],[62.04911,28.48632],[62.36279,28.41889],[62.46428,28.34982],[62.49229,28.3007],[62.57564,28.22903],[62.7393,28.25833],[62.76152,28.24644],[62.73568,27.99498],[62.78028,27.82972],[62.8147,27.49496],[62.75604,27.3481],[62.77878,27.29983],[62.76809,27.27436],[62.74235,27.26681],[62.80064,27.22516],[62.82932,27.23364],[62.89242,27.21348],[63.1771,27.25844],[63.27126,27.2034],[63.31963,27.11731],[63.26092,27.11561],[63.23136,27.06584],[63.23498,26.94115],[63.26485,26.89004],[63.24666,26.85955],[63.20604,26.85371],[63.18227,26.83025],[63.16377,26.64509],[63.14134,26.6254],[63.09804,26.63838],[62.75356,26.64416],[62.70194,26.60401],[62.6406,26.60515],[62.59533,26.5807],[62.4185,26.56231],[62.39669,26.53905],[62.35586,26.53662],[62.29199,26.50123],[62.29788,26.47404],[62.249,26.41653],[62.26512,26.36098],[62.24342,26.35064],[62.12384,26.374],[62.09417,26.31483],[61.83295,26.22538],[61.8099,26.16745],[61.7545,25.81998],[61.73931,25.80328],[61.68143,25.79548],[61.66035,25.76918],[61.67637,25.6928],[61.67348,25.65828],[61.64319,25.61332],[61.62004,25.28549],[61.58823,25.20209],[61.55445,25.2541],[61.53728,25.22036],[61.55836,25.20051],[61.50424,25.20881],[61.4826,25.19367],[61.52418,25.17316],[61.48951,25.1186],[61.42058,25.09687],[61.43507,25.08771],[61.41172,25.05941],[61.18507,25.12325],[61.17027,25.16444],[61.03061,25.20978],[60.63347,25.27497],[60.61695,25.28319],[60.63234,25.29609],[60.60816,25.32758],[60.60157,25.40595],[60.54965,25.44693],[60.44565,25.42817],[60.39527,25.37788],[60.40203,25.34467],[60.43767,25.33393],[60.46725,25.29028],[60.36256,25.33055],[60.31922,25.32985],[60.29029,25.3513],[60.30397,25.37116],[60.2894,25.37718],[60.20151,25.37116],[60.19256,25.35615],[60.21597,25.33828],[60.20921,25.31969],[60.11671,25.33983],[60.08204,25.36595],[59.94082,25.35491],[59.90381,25.32986],[59.77487,25.38987],[59.614,25.38378],[59.53799,25.39975],[59.4539,25.46161],[59.19532,25.42292],[59.1172,25.39419],[59.09409,25.4064],[59.04396,25.3996],[58.99431,25.41962],[58.92351,25.51337],[58.84034,25.5329],[58.82521,25.56037],[58.5464,25.59366],[58.43051,25.58796],[58.41179,25.59602],[58.41896,25.61201],[58.17042,25.54409],[58.07309,25.56362],[58.04624,25.57494],[57.96323,25.69318],[57.88404,25.69164],[57.77174,25.63556],[57.78305,25.69977],[57.75563,25.74274],[57.52068,25.74356],[57.45997,25.76903],[57.31153,25.78412],[57.25359,25.95897],[57.21974,25.99502],[57.19858,25.99502],[57.16676,26.08299],[57.17091,26.11563],[57.2129,26.16625],[57.13307,26.26374],[57.11818,26.36432],[57.08033,26.41535],[57.09002,26.6188],[57.02491,26.85098],[56.96518,26.91112],[56.96648,26.92723],[56.92555,26.95515],[56.97332,26.96882],[56.97332,27.003],[56.93238,26.98932],[56.89088,27.01704],[56.86549,27.01187],[56.84409,27.04023],[56.88461,27.07807],[56.83139,27.09614],[56.80885,27.13955],[56.75734,27.12523],[56.71608,27.15314],[56.58286,27.15314],[56.35304,27.20161],[56.12371,27.16063],[56.09352,27.12556],[55.9393,27.02668],[55.76368,26.99616],[55.66586,26.99543],[55.55445,26.89989],[55.58237,26.91356],[55.58041,26.85912],[55.52174,26.78457],[55.44223,26.75991],[55.27084,26.79255],[55.23292,26.77644],[55.2059,26.72639],[55.10328,26.70132],[54.93068,26.57266],[54.79103,26.49584],[54.74968,26.50894],[54.61996,26.50825],[54.56129,26.58466],[54.42563,26.58934],[54.38942,26.60513],[54.33774,26.69343],[54.30812,26.71499],[54.1504,26.7082],[54.0158,26.74946],[53.84278,26.70209],[53.71608,26.70856],[53.49155,26.85432],[53.4441,26.97565],[53.02866,27.10407],[52.9922,27.14696],[52.93263,27.16035],[52.91472,27.19196],[52.84832,27.21528],[52.73219,27.30134],[52.60133,27.35293],[52.57911,27.39277],[52.60524,27.41206],[52.66652,27.41535],[52.67897,27.42528],[52.6701,27.44864],[52.5984,27.48583],[52.56764,27.54072],[52.45965,27.63264],[52.24488,27.68138],[52.0892,27.7954],[52.01124,27.83271],[51.8943,27.83088],[51.85963,27.84589],[51.68344,27.83058],[51.58513,27.84931],[51.57032,27.87763],[51.49642,27.89304],[51.42816,27.96115],[51.4204,27.9332],[51.39988,27.93171],[51.34522,28.05267],[51.26976,28.14045],[51.28533,28.24091],[51.14186,28.40078],[51.08074,28.53392],[51.05885,28.73591],[51.01092,28.79914],[50.97869,28.81664],[50.87615,28.83202],[50.80486,28.93358],[50.80258,28.98583],[50.82325,28.99665],[50.88868,28.94139],[50.89926,28.94945],[50.89487,28.97614],[50.92897,29.00967],[50.92994,29.05463],[50.92018,29.06904],[50.9017,29.06489],[50.87436,29.11327],[50.85084,29.10546],[50.84034,29.14061],[50.73829,29.14008],[50.6937,29.12344],[50.64381,29.14346],[50.63575,29.20771],[50.66749,29.25727],[50.68263,29.24307],[50.68946,29.29084],[50.66147,29.31879],[50.65528,29.44912],[50.60743,29.4995],[50.60694,29.46963],[50.45606,29.6341],[50.39698,29.65473],[50.24383,29.86685],[50.14487,29.93806],[50.13396,29.98355],[50.15333,29.99103],[50.13396,30.00406],[50.14479,30.03791],[50.12184,30.09455],[50.1277,30.12067],[50.07342,30.19575],[49.98829,30.21992],[49.91456,30.20392],[49.60076,30.0301],[49.53224,30.02294],[49.50408,30.05866],[49.50123,30.12006],[49.47983,30.15607],[49.34995,30.17528],[49.24513,30.15648],[49.23707,30.20637],[49.21599,30.22378],[49.2212,30.26455],[49.20916,30.27147],[49.19288,30.23774],[49.16139,30.22378],[49.12403,30.25642],[49.01734,30.29828],[48.9795,30.36176],[48.92115,30.38076],[48.94858,30.40107],[49.06202,30.40811],[49.17644,30.37275],[49.20289,30.34662],[49.26384,30.44965],[49.22828,30.45441],[49.21119,30.50633],[49.16822,30.477],[49.16676,30.50878],[49.13404,30.49746],[49.11012,30.51797],[48.98146,30.51561],[48.94565,30.47972],[49.0044,30.46402],[49.03728,30.43252],[49.01734,30.41494],[48.93482,30.41865],[48.86232,30.34561],[48.87371,30.33666],[48.85963,30.31623],[48.86704,30.29474],[48.92115,30.25043],[48.93605,30.21011],[48.93482,30.07974],[48.91529,30.04218],[48.87672,30.02448],[48.79135,30.02448],[48.702,30.03193],[48.64332,30.05541],[48.6587,29.98363],[48.61085,29.95702],[48.53102,29.96133],[48.46431,29.98913],[48.38307,30.13842],[48.41062,30.19154],[48.39702,30.221],[48.29636,30.31975],[48.20009,30.32394],[48.17048,30.40667],[48.14092,30.44192],[48.01359,30.46388],[48.01224,30.98907],[47.67294,30.9947],[47.67893,31.40785],[47.83132,31.76184],[47.83448,31.80571],[47.76528,31.8641],[47.66808,32.01241],[47.6178,32.04187],[47.57806,32.10616],[47.49134,32.14863],[47.50922,32.2138],[47.40246,32.32351],[47.41083,32.39528],[47.34334,32.45869],[47.26531,32.48468],[47.15255,32.45518],[47.09059,32.47456],[46.71589,32.75601],[46.47931,32.89179],[46.27343,32.95949],[46.09701,32.95432],[46.07572,32.9945],[46.11949,33.03101],[46.12042,33.06168],[46.04327,33.08346],[46.0303,33.10568],[46.10538,33.11839],[46.16719,33.16834],[46.1553,33.26022],[46.03624,33.36794],[46.01939,33.4384],[45.97443,33.4908],[45.8994,33.4763],[45.85258,33.49436],[45.92792,33.55087],[45.88204,33.6002],[45.88596,33.63092],[45.81579,33.6258],[45.73455,33.58312],[45.72112,33.64076],[45.64515,33.69792],[45.61673,33.76869],[45.57477,33.80393],[45.48578,33.93865],[45.42372,33.93878],[45.38036,33.97356],[45.41995,33.99426],[45.45488,34.06986],[45.54454,34.13949],[45.52666,34.17931],[45.56102,34.2646],[45.55756,34.31196],[45.52154,34.3425],[45.47927,34.32915],[45.46077,34.34046],[45.41705,34.44436],[45.47927,34.46725],[45.50346,34.49418],[45.50066,34.59169],[45.70153,34.55128],[45.70856,34.57908],[45.68763,34.65324],[45.62738,34.72083],[45.66282,34.76325],[45.66675,34.80692],[45.7454,34.84098],[45.75512,34.90996],[45.83501,34.89017],[45.8502,34.90681],[45.86896,34.96836],[45.85702,35.02127],[45.89909,35.04691],[45.9132,35.08732],[46.00921,35.06091],[46.15106,35.1116],[46.13039,35.1314],[46.16925,35.21625],[46.10145,35.23428],[46.1274,35.28906],[46.12016,35.31852],[46.04099,35.38156],[45.964,35.49417],[45.98456,35.53106],[45.95934,35.57871],[45.99924,35.57214],[46.00379,35.67426],[46.03706,35.69157],[46.10704,35.68981],[46.17773,35.71539],[46.23788,35.71555],[46.31338,35.77151],[46.32707,35.8035],[46.28139,35.8283],[46.16352,35.79751],[46.1291,35.81554],[46.11504,35.84644],[46.06042,35.85724],[46.00492,35.83797],[45.87832,35.83523],[45.83475,35.81053],[45.74902,35.81099],[45.71874,35.8283],[45.64686,35.93321],[45.53999,35.99398],[45.47927,36.01202],[45.35959,35.97688],[45.32031,35.99403],[45.31959,36.03103],[45.34832,36.08751],[45.3046,36.14038],[45.29737,36.22673],[45.25851,36.26223],[45.28269,36.27489],[45.25701,36.31169],[45.23887,36.403],[45.19598,36.42243],[45.11082,36.40253],[45.07227,36.42341],[45.03816,36.494],[44.99139,36.53374],[45.04431,36.64934],[45.03527,36.6896],[44.9962,36.74169],[44.92272,36.7759],[44.8512,36.78122],[44.82339,36.80933],[44.88344,36.88684],[44.86918,36.96736],[44.88737,37.01593],[44.8406,37.0472],[44.8019,37.04353],[44.7527,37.10332],[44.77234,37.16125],[44.75353,37.21533],[44.79848,37.26031],[44.80158,37.29269],[44.72138,37.34328],[44.69803,37.38005],[44.66165,37.37565],[44.63818,37.4126],[44.57214,37.43079],[44.57183,37.53921],[44.58744,37.58401],[44.54088,37.63272],[44.54527,37.66302],[44.59612,37.71638],[44.50646,37.77935],[44.43644,37.7678],[44.43303,37.80612],[44.4044,37.80974],[44.36714,37.86022],[44.31924,37.87686],[44.2196,37.87531],[44.20209,37.89717],[44.2255,37.92931],[44.22756,37.98099],[44.29588,38.07902],[44.33381,38.10088],[44.32709,38.1284],[44.36058,38.14785],[44.37241,38.2495],[44.43675,38.29694],[44.45876,38.33833],[44.40905,38.38179],[44.36337,38.36461],[44.28952,38.38226],[44.29702,38.62232],[44.28255,38.64539],[44.24431,38.65896],[44.26048,38.67924],[44.24865,38.72182],[44.27981,38.81422],[44.275,38.84357],[44.20576,38.87566],[44.15196,38.96462],[44.1392,38.99395],[44.17914,39.03493],[44.16989,39.07436],[44.1948,39.12053],[44.18664,39.14513],[44.0777,39.20006],[44.06943,39.28701],[44.01486,39.37408],[44.06137,39.40028],[44.17651,39.41155],[44.29495,39.38121],[44.38797,39.4145],[44.40481,39.43439],[44.41401,39.56089],[44.45763,39.63872],[44.45949,39.69846],[44.56573,39.76589],[44.59044,39.77153],[44.6465,39.71954],[44.80965,39.63696]]],[[[54.50685,26.32123],[54.54737,26.29043],[54.52638,26.25194],[54.49757,26.25971],[54.4922,26.30964],[54.50685,26.32123]]],[[[54.03688,26.48843],[53.92311,26.50654],[53.90284,26.5362],[53.91285,26.5502],[53.94549,26.56509],[54.01881,26.55557],[54.05047,26.51777],[54.03688,26.48843]]],[[[53.29908,26.79072],[53.20525,26.80622],[53.14942,26.84789],[53.17807,26.85688],[53.33741,26.82868],[53.38201,26.80313],[53.29908,26.79072]]],[[[56.32228,26.83442],[56.34116,26.87934],[56.40414,26.89305],[56.40919,26.86225],[56.37916,26.83869],[56.32228,26.83442]]],[[[56.23211,26.99876],[56.28745,26.95515],[56.19353,26.92455],[56.08082,26.78535],[55.94703,26.69628],[55.87664,26.74291],[55.77272,26.68838],[55.68556,26.6905],[55.50294,26.59488],[55.29054,26.54849],[55.27377,26.64981],[55.28468,26.66022],[55.3519,26.64745],[55.57423,26.72069],[55.64039,26.76056],[55.77418,26.79694],[55.78102,26.88964],[55.7326,26.9409],[55.75799,26.95405],[55.89772,26.90681],[56.04103,26.97565],[56.17319,27.00235],[56.23211,26.99876]]],[[[56.48357,27.09976],[56.50847,27.07437],[56.49529,27.05231],[56.43458,27.05484],[56.45541,27.10277],[56.48357,27.09976]]],[[[50.32384,29.26418],[50.33302,29.22403],[50.31653,29.20757],[50.28327,29.26894],[50.32384,29.26418]]],[[[54.54656,25.9265],[54.54322,25.89305],[54.50978,25.91376],[54.54656,25.9265]]],[[[55.8943,26.67943],[55.88966,26.62376],[55.8532,26.62104],[55.86834,26.66645],[55.8943,26.67943]]],[[[53.65122,26.68382],[53.65919,26.66885],[53.64625,26.65717],[53.60125,26.67959],[53.60922,26.6905],[53.65122,26.68382]]],[[[55.04371,25.89289],[55.05437,25.86461],[55.03264,25.85464],[55.01206,25.88162],[55.04371,25.89289]]]]}},{"type":"Feature","properties":{"name":"Qatar","adm0_a3":"QAT"},"geometry":{"type":"Polygon","coordinates":[[[50.82667,24.74868],[50.85963,24.7956],[50.85108,24.89082],[50.79998,24.98876],[50.8086,25.06916],[50.77573,25.09186],[50.75782,25.18622],[50.7658,25.32355],[50.75099,25.41962],[50.76384,25.48241],[50.75099,25.4947],[50.79709,25.5299],[50.82049,25.47183],[50.84718,25.46735],[50.82789,25.52505],[50.83286,25.57852],[50.785,25.60456],[50.7964,25.61726],[50.83692,25.62881],[50.8506,25.65298],[50.87094,25.63931],[50.86866,25.55956],[50.88868,25.52949],[50.90919,25.59772],[50.92058,25.60834],[50.94956,25.59772],[50.97755,25.64614],[50.90317,25.64012],[50.88754,25.68089],[50.90919,25.7451],[50.9017,25.78954],[50.91554,25.78644],[50.93287,25.81061],[50.94956,25.7753],[50.97299,25.79751],[50.97071,25.83051],[50.94939,25.83796],[50.98422,25.98135],[51.00473,25.96703],[51.04737,26.05305],[51.14186,26.0878],[51.17612,26.13959],[51.19435,26.13353],[51.25123,26.1601],[51.34685,26.10488],[51.34718,26.03901],[51.37664,26.0229],[51.38844,25.96703],[51.40398,25.95409],[51.51197,25.94611],[51.55942,25.91376],[51.57748,25.88084],[51.59449,25.75825],[51.58351,25.74177],[51.56332,25.76288],[51.54461,25.73737],[51.55502,25.72065],[51.57398,25.73493],[51.5901,25.7119],[51.55681,25.68163],[51.55291,25.70759],[51.50514,25.68716],[51.54713,25.66315],[51.54949,25.63117],[51.49138,25.61823],[51.49138,25.5493],[51.47193,25.52139],[51.51694,25.44017],[51.51881,25.29706],[51.59002,25.28376],[51.6076,25.25511],[51.61101,25.02237],[51.58692,24.95344],[51.50026,24.85537],[51.44361,24.67976],[51.38152,24.63508],[51.34059,24.56989],[51.32895,24.58478],[51.34685,24.63508],[51.28598,24.64501],[51.27809,24.66299],[51.22096,24.64423],[51.14745,24.57628],[51.09546,24.56018],[50.97888,24.56773],[50.9286,24.58721],[50.88101,24.6364],[50.80787,24.74665],[50.82667,24.74868]]]}},{"type":"Feature","properties":{"name":"Saudi Arabia","adm0_a3":"SAU"},"geometry":{"type":"MultiPolygon","coordinates":[[[[50.80787,24.74665],[50.9286,24.58721],[51.03888,24.55987],[51.14745,24.57628],[51.21526,24.62585],[51.26881,24.6245],[51.29518,24.60261],[51.30641,24.61083],[51.29029,24.57852],[51.30242,24.51716],[51.33367,24.53205],[51.38795,24.59707],[51.39527,24.63133],[51.4983,24.58356],[51.4437,24.55476],[51.39527,24.48794],[51.33619,24.44794],[51.30641,24.40599],[51.29965,24.34634],[51.27858,24.34052],[51.27882,24.30777],[51.34498,24.2978],[51.41285,24.32347],[51.47902,24.31086],[51.52613,24.26826],[51.56935,24.25617],[51.57316,24.12783],[51.59352,24.07832],[52.55848,22.93858],[55.1053,22.62095],[55.18684,22.70358],[55.62671,22.02377],[55.63756,21.97897],[54.97838,19.99542],[51.97862,18.99564],[49.12882,18.6121],[49.03585,18.57972],[48.16195,18.14892],[47.58901,17.46328],[47.45796,17.13089],[47.42758,17.09183],[47.16134,16.94744],[46.97034,16.95685],[46.7472,17.25476],[46.7101,17.27538],[46.32263,17.22407],[45.43038,17.31202],[45.22213,17.41739],[45.16539,17.42839],[44.64645,17.4318],[44.56196,17.40447],[44.40414,17.41873],[44.21154,17.39062],[44.14902,17.40483],[44.08535,17.34344],[44.00391,17.36783],[43.93869,17.3052],[43.91513,17.30184],[43.89404,17.31217],[43.88671,17.35367],[43.73064,17.35243],[43.57706,17.48296],[43.48714,17.51748],[43.41288,17.51996],[43.30307,17.45904],[43.16504,17.32592],[43.2222,17.30783],[43.25217,17.27197],[43.2486,17.25192],[43.15616,17.2097],[43.11843,17.08625],[43.1359,17.00961],[43.11264,16.91003],[43.14582,16.83448],[43.2115,16.79686],[43.20861,16.7734],[43.16851,16.73722],[43.17998,16.66462],[43.08495,16.67257],[43.03627,16.5363],[42.97095,16.49579],[42.90677,16.47936],[42.89819,16.4189],[42.78948,16.37096],[42.78126,16.42023],[42.79493,16.45283],[42.72869,16.54719],[42.73732,16.67113],[42.71925,16.67536],[42.70387,16.70905],[42.71241,16.73062],[42.63575,16.81517],[42.59693,16.83682],[42.57586,16.83234],[42.54176,16.878],[42.55568,16.92206],[42.5442,17.00434],[42.51271,17.03701],[42.44752,17.04902],[42.41082,17.15575],[42.3567,17.18244],[42.38404,17.121],[42.36378,17.10871],[42.37387,17.04328],[42.36297,17.02481],[42.30787,17.44432],[42.14088,17.57119],[42.09352,17.65209],[42.05323,17.65322],[42.0005,17.71748],[41.97934,17.71064],[41.86948,17.8205],[41.84783,17.81196],[41.8104,17.8369],[41.78761,17.83356],[41.77833,17.85981],[41.71925,17.90925],[41.67726,17.9606],[41.67368,18.00926],[41.65357,18.01533],[41.65105,18.03901],[41.59352,18.09589],[41.60255,18.11469],[41.55641,18.1743],[41.56105,18.18985],[41.52133,18.19668],[41.5337,18.21035],[41.51857,18.22797],[41.49334,18.22394],[41.50636,18.2722],[41.47218,18.2792],[41.4358,18.46996],[41.35572,18.56904],[41.3283,18.58763],[41.30779,18.57343],[41.2754,18.59203],[41.21656,18.68635],[41.21217,18.73102],[41.24903,18.83417],[41.17124,18.87165],[41.13648,18.93651],[41.17652,19.06737],[41.14942,19.09374],[41.06861,19.12539],[41.04021,19.18354],[41.03614,19.26455],[40.9559,19.34333],[40.93767,19.41938],[40.95924,19.456],[40.94467,19.50568],[40.83546,19.54662],[40.76043,19.60871],[40.79444,19.60126],[40.79086,19.71406],[40.72543,19.78925],[40.65406,19.79434],[40.65659,19.75951],[40.64161,19.77123],[40.61948,19.82099],[40.52703,19.91035],[40.54054,19.94392],[40.52263,19.97248],[40.44557,20.00971],[40.39357,20.06428],[40.31349,20.09072],[40.23211,20.16356],[40.23878,20.17805],[40.16481,20.20038],[40.08383,20.27924],[40.0,20.27479],[40.0,31.99866],[40.42413,31.92053],[42.0754,31.07986],[42.85871,30.49468],[44.69182,29.20184],[46.35746,29.06314],[46.53244,29.09574],[47.43347,28.99472],[47.4945,28.90402],[47.54994,28.7706],[47.58167,28.63148],[47.65981,28.56004],[47.66813,28.5335],[48.43278,28.54048],[48.49464,28.50015],[48.50782,28.41572],[48.49903,28.39338],[48.47608,28.40078],[48.46876,28.38711],[48.50489,28.38964],[48.52394,28.41446],[48.53549,28.40762],[48.52223,28.31883],[48.61842,28.21727],[48.60084,28.14777],[48.65211,28.04609],[48.792,28.00702],[48.78452,27.98924],[48.74684,27.98164],[48.74366,27.96133],[48.81471,27.90668],[48.88266,27.82673],[48.87452,27.76992],[48.8392,27.72858],[48.8576,27.80353],[48.85288,27.81794],[48.80502,27.7565],[48.82553,27.8111],[48.81251,27.8286],[48.77882,27.71955],[48.79135,27.71491],[48.81129,27.74282],[48.81528,27.68757],[48.8392,27.70808],[48.85808,27.66283],[48.88014,27.68757],[48.87713,27.64448],[48.85963,27.64045],[48.8733,27.61249],[48.84897,27.62336],[48.8318,27.61249],[48.87078,27.60562],[48.90064,27.63296],[48.89112,27.58812],[48.91432,27.57152],[48.91529,27.60863],[48.96852,27.62035],[49.05421,27.56826],[49.06398,27.55634],[49.04469,27.54418],[49.05893,27.53815],[49.07765,27.54654],[49.07203,27.55785],[49.23976,27.54511],[49.30535,27.48212],[49.31276,27.44864],[49.29265,27.45295],[49.28492,27.47533],[49.26393,27.45287],[49.20883,27.45808],[49.1819,27.44115],[49.15772,27.45848],[49.1198,27.44115],[49.20704,27.39517],[49.24024,27.42719],[49.26384,27.41389],[49.22967,27.37971],[49.2234,27.33128],[49.27882,27.35879],[49.31276,27.34496],[49.3226,27.20572],[49.33953,27.20783],[49.34522,27.18281],[49.36687,27.19416],[49.37086,27.21874],[49.41236,27.20401],[49.39747,27.16258],[49.36687,27.16063],[49.37485,27.14908],[49.40707,27.13272],[49.43507,27.16682],[49.4319,27.14277],[49.52442,27.13272],[49.48911,27.17475],[49.51645,27.18838],[49.54493,27.17365],[49.57211,27.19416],[49.5586,27.13955],[49.57008,27.10407],[49.61248,27.07197],[49.69947,26.95824],[49.87184,26.86249],[49.97299,26.84235],[50.0691,26.72858],[50.15846,26.66486],[50.16188,26.63923],[50.09254,26.68911],[50.02369,26.69953],[50.00636,26.74763],[49.98846,26.72443],[49.98325,26.68374],[50.00636,26.64859],[50.00367,26.5707],[50.03061,26.49462],[50.05828,26.46394],[50.19158,26.40355],[50.21656,26.32392],[50.21225,26.19131],[50.18238,26.1601],[50.17408,26.18073],[50.15455,26.16625],[50.15838,26.10248],[50.14137,26.03596],[50.12582,26.04645],[50.11329,26.10326],[50.07358,26.13154],[50.06568,26.17373],[50.0324,26.20108],[49.97584,26.13959],[50.01043,26.07689],[49.99,26.06045],[49.99,26.00178],[50.02101,26.00446],[50.0241,26.03596],[50.06463,26.01337],[50.0669,25.99628],[50.10133,25.98949],[50.1277,25.94038],[50.10776,25.91474],[50.11834,25.86786],[50.16188,25.7827],[50.24724,25.67943],[50.2575,25.6319],[50.22674,25.68716],[50.1447,25.73334],[50.14869,25.69986],[50.18238,25.67284],[50.19606,25.68716],[50.23406,25.61518],[50.34799,25.48212],[50.37428,25.46117],[50.36199,25.503],[50.38136,25.51288],[50.41017,25.4641],[50.47153,25.4372],[50.52036,25.31476],[50.51759,25.24486],[50.54908,25.17479],[50.56218,25.05484],[50.57276,25.04287],[50.58041,25.06216],[50.60629,25.04271],[50.66163,24.97997],[50.68141,24.91389],[50.72641,24.88166],[50.73732,24.78217],[50.76059,24.7364],[50.78614,24.72724],[50.80787,24.74665]]],[[[42.18631,16.6914],[42.17856,16.58348],[42.07317,16.6358],[42.11763,16.65986],[42.08575,16.69352],[41.97553,16.66355],[41.95546,16.67012],[41.84337,16.74672],[41.82494,16.79824],[41.77817,16.81269],[41.75708,16.89637],[41.82808,16.85861],[41.86006,16.82112],[41.86329,16.78514],[41.90514,16.74758],[41.94139,16.75117],[41.95332,16.7331],[42.01105,16.73908],[42.03499,16.71577],[42.06461,16.72838],[42.03649,16.73374],[42.02174,16.7558],[42.04786,16.81208],[42.06218,16.8142],[42.10408,16.79228],[42.11655,16.74417],[42.14116,16.7406],[42.18631,16.6914]]],[[[41.90422,16.80282],[41.83497,16.89175],[41.88795,16.90778],[41.92848,16.9549],[41.92091,16.97895],[41.8462,16.99746],[41.86085,17.01362],[41.93816,16.97289],[41.9438,16.88346],[41.97596,16.8755],[41.98518,16.8536],[41.9441,16.85301],[41.9323,16.83836],[41.93816,16.82136],[41.99544,16.797],[42.00184,16.76099],[41.90422,16.80282]]],[[[49.54249,27.36372],[49.68881,27.31769],[49.60727,27.32246],[49.56544,27.2978],[49.5381,27.31147],[49.55405,27.32827],[49.53126,27.34618],[49.48756,27.33413],[49.45623,27.29035],[49.45362,27.31639],[49.50123,27.36054],[49.54249,27.36372]]]]}},{"type":"Feature","properties":{"name":"Thailand","adm0_a3":"THA"},"geometry":{"type":"MultiPolygon","coordinates":[[[[102.91358,11.6459],[102.89332,11.76968],[102.77703,11.90253],[102.76694,12.01179],[102.63185,12.15204],[102.65358,12.15917],[102.6045,12.20392],[102.60572,12.22126],[102.56186,12.20209],[102.5573,12.18374],[102.58237,12.04926],[102.55388,12.05679],[102.53224,12.11359],[102.47364,12.14899],[102.35035,12.1957],[102.32447,12.18032],[102.29591,12.19001],[102.26319,12.28954],[102.29005,12.2829],[102.33627,12.30744],[102.35987,12.34707],[102.35206,12.36726],[102.32447,12.3653],[102.34506,12.34479],[102.33074,12.32783],[102.29168,12.31806],[102.28614,12.38569],[102.30405,12.4274],[102.27003,12.39256],[102.27003,12.44038],[102.24244,12.42626],[102.20574,12.43578],[102.20851,12.3994],[102.23585,12.41372],[102.24269,12.37214],[102.27345,12.32616],[102.26482,12.30622],[102.22828,12.32368],[102.12436,12.41055],[102.08717,12.46475],[102.07195,12.48851],[102.07814,12.50926],[102.08595,12.49836],[102.09864,12.49559],[102.08546,12.50434],[102.11232,12.53726],[102.09295,12.52338],[102.07814,12.52973],[102.09864,12.5434],[102.04786,12.5423],[102.06446,12.57075],[102.00929,12.56452],[102.04322,12.5235],[102.06446,12.52294],[102.05698,12.46833],[102.00896,12.53408],[101.96078,12.53726],[101.94988,12.60635],[101.93426,12.58373],[101.94776,12.52973],[101.89959,12.56973],[101.89259,12.58373],[101.9131,12.57758],[101.90943,12.59422],[101.87762,12.60554],[101.83025,12.6728],[101.76612,12.70588],[101.68637,12.70214],[101.65984,12.6601],[101.58106,12.65266],[101.57106,12.63215],[101.4651,12.63231],[101.41814,12.59565],[101.3235,12.64216],[101.08774,12.68061],[100.98862,12.64936],[100.97446,12.59805],[100.92612,12.61913],[100.94077,12.63638],[100.91765,12.66258],[100.85792,12.65266],[100.87143,12.67377],[100.85108,12.67377],[100.86459,12.70112],[100.83741,12.70791],[100.86793,12.77114],[100.8921,12.76252],[100.91993,12.81094],[100.86459,12.91958],[100.8921,12.94806],[100.89959,12.98224],[100.9336,13.00275],[100.90577,13.07441],[100.87827,13.09833],[100.94516,13.20091],[100.91245,13.29385],[100.93238,13.33812],[100.98129,13.35904],[100.98512,13.41771],[100.97088,13.4372],[100.99578,13.49616],[100.96339,13.47138],[100.88893,13.46825],[100.67986,13.50922],[100.59205,13.55451],[100.59783,13.61225],[100.57586,13.5196],[100.33717,13.48188],[100.27508,13.51667],[100.23715,13.47736],[100.05307,13.41303],[100.02166,13.3666],[100.00131,13.37202],[100.01564,13.36587],[100.0062,13.33283],[99.96274,13.30988],[99.96713,13.25902],[100.07398,13.15278],[100.10434,13.05732],[100.05299,12.96613],[100.02394,12.84707],[99.98764,12.79047],[99.96046,12.66791],[99.9808,12.45466],[100.01222,12.36872],[99.98276,12.27045],[100.00929,12.24112],[100.02003,12.19269],[99.95533,12.0725],[99.83123,11.92471],[99.82325,11.87865],[99.83692,11.84345],[99.80982,11.82461],[99.81707,11.74144],[99.78045,11.73725],[99.7518,11.70987],[99.64186,11.52326],[99.62574,11.4405],[99.56935,11.33397],[99.56625,11.27631],[99.58619,11.19514],[99.56935,11.17914],[99.56202,11.19892],[99.52858,11.18684],[99.49635,11.13288],[99.51531,11.03921],[99.49415,10.96748],[99.51157,10.86636],[99.49415,10.87812],[99.44321,10.87035],[99.43507,10.80182],[99.37501,10.71198],[99.37436,10.68138],[99.31316,10.64737],[99.28826,10.56293],[99.24041,10.52188],[99.26832,10.5082],[99.24041,10.45698],[99.28875,10.41201],[99.285,10.36449],[99.23414,10.3437],[99.20004,10.37848],[99.15162,10.35737],[99.16896,10.28775],[99.22462,10.23237],[99.25465,10.23444],[99.24171,10.2145],[99.20134,10.21064],[99.15162,10.10346],[99.17888,10.0253],[99.15846,9.99055],[99.17213,9.85025],[99.15162,9.82917],[99.14479,9.78824],[99.17286,9.66523],[99.21209,9.59772],[99.22316,9.54263],[99.32358,9.39155],[99.29078,9.39008],[99.23552,9.33633],[99.23414,9.27827],[99.25506,9.23249],[99.35076,9.21918],[99.37818,9.19294],[99.47478,9.201],[99.53582,9.28168],[99.59352,9.27485],[99.68946,9.31586],[99.78159,9.30842],[99.8034,9.32266],[99.85353,9.29466],[99.85963,9.25776],[99.87778,9.22647],[99.886,9.2333],[99.88648,9.1579],[99.91627,9.102],[99.93312,9.00056],[99.91944,8.98005],[99.92628,8.86335],[99.96713,8.60566],[100.04078,8.54556],[100.09848,8.42646],[100.14422,8.38882],[100.18629,8.3972],[100.16481,8.50137],[100.13111,8.51455],[100.15064,8.52294],[100.18084,8.50121],[100.22047,8.44872],[100.2715,8.31708],[100.4402,7.477],[100.50063,7.334],[100.5746,7.20915],[100.57398,7.19497],[100.54814,7.19705],[100.47242,7.25886],[100.42555,7.26756],[100.43898,7.29414],[100.42232,7.36997],[100.40812,7.37869],[100.40602,7.52766],[100.38951,7.56618],[100.35893,7.57861],[100.32556,7.57448],[100.28956,7.51822],[100.27263,7.53107],[100.27556,7.57697],[100.3235,7.6164],[100.32057,7.70795],[100.28875,7.78832],[100.21062,7.78091],[100.14479,7.71943],[100.17921,7.5312],[100.22511,7.47948],[100.27882,7.36221],[100.30299,7.34268],[100.37013,7.33271],[100.38494,7.2663],[100.42687,7.24531],[100.39234,7.22256],[100.42444,7.17121],[100.4948,7.13662],[100.55587,7.1447],[100.58863,7.17959],[100.58542,7.2244],[100.76515,6.98314],[100.82735,6.9517],[100.84995,6.96206],[100.99757,6.85668],[101.19142,6.86188],[101.24427,6.90203],[101.35133,6.87592],[101.3283,6.91787],[101.26254,6.94477],[101.29173,6.95457],[101.55738,6.84178],[101.77166,6.50072],[102.07309,6.25751],[102.06,6.0948],[101.93474,5.98173],[101.91293,5.85931],[101.80048,5.73991],[101.76286,5.74955],[101.72679,5.78647],[101.68669,5.7612],[101.66592,5.76559],[101.63078,5.8284],[101.63408,5.85559],[101.55791,5.91135],[101.24899,5.78699],[101.2123,5.68152],[101.12218,5.62989],[101.0598,5.70958],[100.99862,5.72955],[100.96529,5.79241],[101.01531,5.89835],[101.07112,5.91985],[101.07877,5.93817],[101.09427,6.08575],[101.05252,6.13456],[101.05345,6.15761],[101.08916,6.18885],[101.08166,6.24647],[101.02306,6.24099],[100.97428,6.27262],[100.9101,6.2358],[100.85512,6.24791],[100.833,6.23668],[100.80561,6.4148],[100.77326,6.44731],[100.73388,6.45638],[100.72995,6.4932],[100.63068,6.44478],[100.46723,6.51322],[100.38739,6.52208],[100.3292,6.55777],[100.28078,6.68892],[100.26332,6.70001],[100.21236,6.68918],[100.18756,6.70796],[100.16684,6.69512],[100.15609,6.62058],[100.1672,6.56614],[100.1457,6.53952],[100.12729,6.44229],[100.10816,6.47956],[100.0901,6.48485],[100.10353,6.53319],[100.08058,6.53681],[100.06332,6.50658],[100.00131,6.56745],[99.99122,6.59785],[99.96412,6.59374],[99.97397,6.62271],[99.96095,6.66055],[99.93735,6.66474],[99.86752,6.7626],[99.85174,6.77644],[99.82488,6.7696],[99.79721,6.82168],[99.6858,6.87735],[99.69044,6.93549],[99.71388,6.94221],[99.68092,6.97362],[99.67921,7.02676],[99.74806,7.12604],[99.74057,7.13711],[99.69288,7.11612],[99.67758,7.12328],[99.67237,7.17072],[99.61411,7.13666],[99.55787,7.19746],[99.54542,7.2663],[99.58522,7.30671],[99.60353,7.37617],[99.54957,7.30182],[99.52467,7.31135],[99.5254,7.37002],[99.50815,7.38496],[99.49098,7.35102],[99.48829,7.28571],[99.47071,7.27998],[99.37818,7.32095],[99.3366,7.38361],[99.34742,7.42349],[99.32984,7.5034],[99.29558,7.50715],[99.30885,7.52831],[99.29274,7.62067],[99.24977,7.62775],[99.25571,7.65738],[99.15309,7.73066],[99.13054,7.76724],[99.11215,7.70551],[99.09148,7.69184],[99.056,7.69892],[99.03321,7.7228],[99.01442,7.81501],[99.06227,7.85936],[99.06959,7.92487],[99.02809,7.90375],[99.00026,7.94257],[98.96778,7.9562],[98.96046,8.00678],[98.91798,8.05134],[98.8436,8.00288],[98.8003,8.05244],[98.77027,8.02367],[98.74741,8.06826],[98.74415,8.21491],[98.72706,8.25385],[98.70655,8.2259],[98.70314,8.29853],[98.6963,8.3085],[98.62403,8.28116],[98.62623,8.3461],[98.65545,8.37963],[98.60353,8.3972],[98.59889,8.3749],[98.52605,8.33633],[98.49366,8.34321],[98.48666,8.3249],[98.46632,8.33576],[98.46632,8.32274],[98.42823,8.31696],[98.42221,8.30634],[98.45314,8.29401],[98.4629,8.21613],[98.42498,8.14842],[98.40553,8.1645],[98.39129,8.13654],[98.35694,8.185],[98.28688,8.21992],[98.19947,8.53437],[98.20973,8.58149],[98.24732,8.51455],[98.2531,8.53465],[98.21998,8.56916],[98.24049,8.65107],[98.21998,8.72622],[98.25074,8.75996],[98.26157,8.85065],[98.32488,8.97525],[98.36402,8.97394],[98.35808,8.996],[98.39129,9.0353],[98.33269,9.02607],[98.32984,9.05207],[98.38201,9.07193],[98.32838,9.16437],[98.32228,9.20938],[98.33969,9.19977],[98.37078,9.22647],[98.3519,9.25137],[98.4572,9.54853],[98.48683,9.52806],[98.5311,9.56611],[98.46339,9.60444],[98.51417,9.65473],[98.49366,9.68574],[98.51319,9.69489],[98.49366,9.71369],[98.54396,9.70649],[98.56577,9.74262],[98.52101,9.75463],[98.50799,9.74038],[98.50799,9.77456],[98.55543,9.79804],[98.58302,9.84284],[98.549,9.80927],[98.51271,9.83686],[98.549,9.88373],[98.57618,9.87759],[98.58985,9.90546],[98.57162,9.91547],[98.59197,9.94269],[98.63087,9.9527],[98.59962,9.97386],[98.60353,9.9936],[98.66228,10.08527],[98.72047,10.22793],[98.79038,10.50026],[98.77726,10.58323],[98.7479,10.62312],[98.75679,10.66607],[98.83007,10.76356],[98.86821,10.76989],[98.89208,10.80852],[98.93404,10.80771],[98.9819,10.83242],[98.98024,10.91802],[99.00153,10.95763],[99.05507,10.94525],[99.07688,10.99651],[99.21299,11.10826],[99.24328,11.19766],[99.3643,11.37672],[99.38704,11.45155],[99.42817,11.4969],[99.44977,11.61376],[99.54258,11.64048],[99.60687,11.72569],[99.63002,11.81577],[99.5614,11.87292],[99.574,11.97632],[99.5184,12.02593],[99.54166,12.14066],[99.45226,12.12939],[99.47375,12.18727],[99.38704,12.46591],[99.4042,12.50813],[99.40326,12.57593],[99.27686,12.66558],[99.26674,12.70284],[99.22446,12.71747],[99.21072,12.79227],[99.17527,12.83343],[99.15315,12.91355],[99.16483,12.97551],[99.09321,13.03833],[99.1021,13.17134],[99.11408,13.18808],[99.17279,13.19951],[99.19015,13.2295],[99.17279,13.30092],[99.18695,13.32914],[99.18788,13.42714],[99.15202,13.58196],[99.15253,13.71488],[99.10116,13.77882],[99.09,13.87011],[99.00711,13.94964],[98.95296,14.02803],[98.93528,14.0854],[98.87234,14.11247],[98.75369,14.20012],[98.70698,14.26998],[98.67039,14.26792],[98.60145,14.31365],[98.54771,14.37768],[98.41821,14.60756],[98.29749,14.72125],[98.24334,14.80512],[98.22163,14.92126],[98.19114,14.98813],[98.199,15.05138],[98.16045,15.10637],[98.19073,15.17918],[98.17719,15.2206],[98.2329,15.2268],[98.28302,15.28997],[98.38524,15.25625],[98.39475,15.28008],[98.37749,15.29646],[98.39909,15.32178],[98.40343,15.3601],[98.47454,15.38348],[98.51546,15.36346],[98.53355,15.32596],[98.55991,15.35532],[98.56714,15.45255],[98.54027,15.71196],[98.57438,15.83598],[98.56859,15.92017],[98.58378,15.97696],[98.54699,16.0475],[98.61913,16.05101],[98.65871,16.11628],[98.67959,16.12615],[98.75845,16.11917],[98.78304,16.10243],[98.80723,16.11054],[98.83544,16.14454],[98.84309,16.20873],[98.88371,16.25875],[98.90252,16.38164],[98.8434,16.43838],[98.83958,16.47243],[98.8187,16.45564],[98.78863,16.37456],[98.68238,16.27348],[98.66326,16.28666],[98.62946,16.40267],[98.63163,16.46313],[98.56425,16.55196],[98.56156,16.60173],[98.51226,16.64328],[98.48632,16.701],[98.45666,16.72322],[98.47454,16.77665],[98.51753,16.80301],[98.49004,16.84321],[98.50058,16.86223],[98.52456,16.85044],[98.50947,16.89266],[98.48446,16.90589],[98.47454,16.95044],[98.4179,17.02904],[98.29966,17.06475],[98.28623,17.08743],[98.29439,17.10759],[98.26835,17.10774],[98.27899,17.13658],[98.09265,17.31223],[98.08872,17.37279],[98.03549,17.40504],[97.98278,17.50544],[97.93379,17.5318],[97.75934,17.69148],[97.74962,17.73985],[97.67614,17.83033],[97.69908,17.83333],[97.68554,17.88072],[97.72006,17.9432],[97.75406,17.96903],[97.72006,18.05306],[97.69422,18.06151],[97.6843,18.1461],[97.61795,18.24168],[97.64327,18.27302],[97.63758,18.30633],[97.57382,18.33309],[97.52834,18.26532],[97.48648,18.29214],[97.45258,18.33361],[97.44308,18.40335],[97.3514,18.55117],[97.38892,18.54223],[97.42747,18.48952],[97.50953,18.49128],[97.61795,18.55316],[97.74569,18.57106],[97.75975,18.62279],[97.72337,18.85198],[97.65784,18.92572],[97.70332,18.96437],[97.72781,19.03708],[97.8108,19.11222],[97.81256,19.20847],[97.76409,19.2664],[97.7983,19.28141],[97.80615,19.3011],[97.76709,19.39753],[97.84212,19.47938],[97.84863,19.56764],[97.88584,19.57281],[98.00831,19.63911],[98.00459,19.72391],[98.02454,19.80298],[98.04562,19.80763],[98.07291,19.77729],[98.11136,19.77714],[98.21326,19.71776],[98.21915,19.67699],[98.23755,19.66469],[98.30731,19.68999],[98.4396,19.68774],[98.4888,19.7067],[98.53262,19.67585],[98.62378,19.7375],[98.74925,19.7635],[98.80785,19.80654],[98.85188,19.78404],[98.88371,19.74546],[98.89932,19.74862],[98.97383,19.78807],[99.00091,19.82101],[99.01683,20.041],[99.07347,20.10123],[99.17775,20.1218],[99.29568,20.0625],[99.4414,20.10162],[99.51034,20.15381],[99.52584,20.19618],[99.48626,20.24548],[99.46641,20.32217],[99.42063,20.37555],[99.43996,20.38217],[99.5029,20.34522],[99.65193,20.30682],[99.78717,20.33408],[99.83771,20.41684],[99.93714,20.44501],[99.98592,20.38703],[100.03615,20.37312],[100.0993,20.3178],[100.10296,20.2636],[100.15252,20.23915],[100.16772,20.25362],[100.1671,20.29261],[100.20916,20.313],[100.24037,20.37281],[100.30652,20.39969],[100.34434,20.38997],[100.46103,20.19071],[100.51281,20.15528],[100.52924,20.14973],[100.5465,20.16792],[100.54867,20.15802],[100.54335,20.06658],[100.48398,19.8807],[100.43142,19.83827],[100.37918,19.74567],[100.47426,19.52498],[100.56666,19.49563],[100.60702,19.54093],[100.63327,19.54217],[100.753,19.48243],[100.87982,19.61358],[101.00255,19.61061],[101.12466,19.56511],[101.20796,19.58956],[101.23824,19.57819],[101.25488,19.54715],[101.25173,19.49444],[101.23824,19.4723],[101.19287,19.45279],[101.17236,19.37639],[101.17845,19.34662],[101.21127,19.32637],[101.23571,19.12811],[101.31788,19.05013],[101.3264,19.02055],[101.28393,18.98148],[101.22491,18.87477],[101.22863,18.79562],[101.20584,18.73007],[101.23478,18.68948],[101.23473,18.65845],[101.16088,18.5998],[101.15536,18.55672],[101.07789,18.51042],[101.0303,18.42779],[101.08228,18.3642],[101.15541,18.32289],[101.13014,18.29116],[101.12838,18.24574],[101.1628,18.1953],[101.14161,18.12396],[101.16517,18.05342],[101.11231,18.0113],[101.06616,17.934],[101.00084,17.8848],[101.00027,17.83049],[100.96519,17.79762],[100.97552,17.77979],[100.95857,17.76414],[100.95382,17.6998],[100.88566,17.59588],[100.90193,17.56193],[100.98152,17.54761],[101.04932,17.49573],[101.13231,17.46167],[101.16672,17.51061],[101.20217,17.52317],[101.24703,17.59216],[101.38376,17.68492],[101.40402,17.71556],[101.3819,17.72073],[101.388,17.72931],[101.45348,17.75101],[101.46831,17.72037],[101.50272,17.76538],[101.55626,17.79215],[101.53404,17.80956],[101.57052,17.82889],[101.57755,17.86811],[101.60039,17.85436],[101.6362,17.89483],[101.72907,17.91219],[101.76576,18.04032],[101.79041,18.07358],[101.88379,18.03084],[101.9043,18.03712],[102.0785,18.2138],[102.17193,18.20029],[102.19157,18.15207],[102.25658,18.09404],[102.30671,18.05146],[102.36639,18.0388],[102.41223,17.9942],[102.59961,17.95518],[102.61232,17.91529],[102.59527,17.84082],[102.68291,17.81008],[102.67299,17.86537],[102.73738,17.89043],[102.85272,17.97203],[102.95494,18.01213],[103.02046,17.98423],[103.03793,17.99069],[103.07307,18.03552],[103.07131,18.12556],[103.13859,18.16672],[103.1682,18.24977],[103.29538,18.28777],[103.24019,18.33599],[103.24406,18.38007],[103.30685,18.42567],[103.39677,18.44141],[103.5488,18.41542],[103.69556,18.35322],[103.8014,18.33826],[103.85777,18.28648],[103.88129,18.28442],[103.95126,18.33299],[104.00004,18.31844],[104.06841,18.2154],[104.12236,18.09528],[104.21088,18.00862],[104.27031,17.874],[104.35263,17.81933],[104.452,17.66595],[104.70263,17.5273],[104.7927,17.42348],[104.81932,17.36106],[104.81446,17.19404],[104.74036,17.00258],[104.77901,16.70487],[104.75302,16.6148],[104.75452,16.52892],[104.85549,16.45409],[104.90805,16.35337],[105.01548,16.27673],[105.03259,16.16527],[105.05811,16.12119],[105.23722,16.0508],[105.42207,16.00988],[105.36249,15.95479],[105.36063,15.91939],[105.41205,15.79976],[105.44796,15.76488],[105.56852,15.74938],[105.64092,15.68199],[105.651,15.6346],[105.60428,15.43921],[105.48625,15.3749],[105.47747,15.35281],[105.49902,15.32467],[105.55803,15.32514],[105.56398,15.27253],[105.4631,15.18944],[105.44378,15.13381],[105.45194,15.09476],[105.52088,15.06614],[105.55354,15.00534],[105.59307,14.99079],[105.53416,14.93402],[105.55064,14.9023],[105.54305,14.8801],[105.51778,14.87767],[105.52439,14.83724],[105.50155,14.82734],[105.48915,14.78633],[105.50512,14.73636],[105.49576,14.65988],[105.50754,14.56405],[105.41597,14.42816],[105.36766,14.41455],[105.3351,14.38571],[105.29474,14.39907],[105.26859,14.36437],[105.15501,14.33047],[105.10142,14.23053],[105.04731,14.21407],[105.00773,14.24384],[104.97595,14.30112],[104.97383,14.38065],[104.83141,14.41176],[104.77167,14.43987],[104.71286,14.40685],[104.69286,14.43398],[104.66837,14.40964],[104.61044,14.41897],[104.54285,14.36039],[104.49262,14.37401],[104.45262,14.35693],[104.24747,14.40109],[104.20127,14.37799],[104.17703,14.40421],[104.14091,14.366],[104.11021,14.38044],[104.00138,14.34507],[103.97399,14.36729],[103.91984,14.36458],[103.88516,14.34042],[103.82403,14.36804],[103.67489,14.38649],[103.67148,14.42956],[103.63706,14.44328],[103.59614,14.40434],[103.5334,14.41907],[103.44968,14.37158],[103.4225,14.38483],[103.36287,14.35347],[103.27368,14.35106],[103.13823,14.31975],[102.91861,14.18549],[102.86977,14.02062],[102.77283,13.93608],[102.69862,13.7618],[102.54235,13.66971],[102.54106,13.6486],[102.59775,13.60545],[102.5132,13.56716],[102.33223,13.5646],[102.31342,13.54101],[102.33012,13.49636],[102.3282,13.27516],[102.38205,13.13662],[102.49016,12.99608],[102.46721,12.96947],[102.47889,12.95363],[102.46484,12.92753],[102.50664,12.78752],[102.47796,12.71964],[102.47925,12.67711],[102.50178,12.64977],[102.58855,12.60983],[102.76208,12.43609],[102.76513,12.41635],[102.72007,12.36121],[102.69221,12.17848],[102.69996,12.13874],[102.77107,12.03735],[102.843,11.86605],[102.9138,11.76554],[102.92879,11.6687],[102.91358,11.6459]]],[[[97.84002,9.40428],[97.8436,9.42495],[97.86842,9.4204],[97.87184,9.37958],[97.84002,9.40428]]],[[[99.70346,9.52131],[99.68149,9.51289],[99.66814,9.51919],[99.69874,9.54222],[99.70346,9.52131]]],[[[99.68426,9.62002],[99.67807,9.61042],[99.6753,9.62446],[99.68426,9.62002]]],[[[99.26026,6.56582],[99.19484,6.53311],[99.15846,6.55439],[99.17644,6.5502],[99.20631,6.57486],[99.26026,6.56582]]],[[[99.70444,6.5583],[99.6587,6.49234],[99.63415,6.55206],[99.60027,6.58344],[99.65699,6.72382],[99.70444,6.5583]]],[[[99.38551,7.27558],[99.45387,7.239],[99.41725,7.23534],[99.38331,7.19408],[99.38551,7.27558]]],[[[99.06568,7.61506],[99.11744,7.47919],[99.09995,7.46723],[99.05714,7.50406],[99.02809,7.57172],[99.02068,7.63687],[99.03492,7.64427],[99.06568,7.61506]]],[[[99.12745,7.64436],[99.10874,7.59418],[99.04461,7.6634],[99.1045,7.66938],[99.12745,7.64436]]],[[[98.52849,8.12348],[98.60239,8.06346],[98.60353,7.90375],[98.57732,7.91962],[98.56324,7.98631],[98.58229,8.01537],[98.55112,8.04255],[98.52849,8.12348]]],[[[98.42189,7.90843],[98.43165,7.91743],[98.43979,7.88662],[98.39967,7.86457],[98.39812,7.81501],[98.34392,7.83291],[98.32309,7.77094],[98.29184,7.77749],[98.26775,7.89008],[98.28533,7.90375],[98.25416,7.92829],[98.2741,7.95368],[98.26596,7.97378],[98.28142,8.00308],[98.28142,8.1918],[98.33009,8.17048],[98.34352,8.1092],[98.36012,8.11884],[98.40553,8.08251],[98.42262,8.09931],[98.43914,8.08251],[98.41863,7.99315],[98.39812,7.97264],[98.42189,7.90843]]],[[[98.63754,8.17129],[98.62086,8.08999],[98.57008,8.11888],[98.59669,8.13032],[98.5923,8.1468],[98.62403,8.1918],[98.63754,8.17129]]],[[[98.30787,9.133],[98.32276,9.09797],[98.30934,9.04898],[98.25424,9.03681],[98.24049,9.04898],[98.24822,9.15009],[98.27328,9.15998],[98.30787,9.133]]],[[[100.07586,9.58503],[100.09067,9.56094],[100.06088,9.46381],[100.0193,9.42573],[99.94662,9.4182],[99.92628,9.56598],[99.95948,9.58076],[100.04371,9.56415],[100.07586,9.58503]]],[[[98.41163,9.77456],[98.41668,9.73347],[98.39812,9.70624],[98.38494,9.72793],[98.41163,9.77456]]],[[[100.06723,9.77562],[100.07928,9.74242],[100.0901,9.66527],[99.98764,9.71992],[99.98992,9.74291],[99.97055,9.76459],[99.98764,9.80182],[100.06723,9.77562]]],[[[102.58961,11.71003],[102.60816,11.64834],[102.59156,11.6186],[102.60572,11.61176],[102.59832,11.56338],[102.53004,11.60493],[102.5442,11.62604],[102.53004,11.68008],[102.55519,11.75983],[102.57081,11.73282],[102.56414,11.70795],[102.58961,11.71003]]],[[[102.34278,12.1236],[102.44117,11.96743],[102.4275,11.96137],[102.37916,12.00283],[102.37615,11.97089],[102.31088,11.98111],[102.31837,11.96117],[102.29038,11.97484],[102.2942,12.05679],[102.24952,12.15302],[102.31088,12.14619],[102.34278,12.1236]]],[[[97.84962,9.44213],[97.87184,9.47305],[97.89942,9.46113],[97.89479,9.43871],[97.86988,9.44074],[97.86996,9.42524],[97.84962,9.44213]]],[[[98.29908,8.99738],[98.30698,8.95791],[98.26157,8.87857],[98.25221,8.99702],[98.26092,9.01293],[98.29908,8.99738]]]]}},{"type":"Feature","properties":{"name":"Kuwait","adm0_a3":"KWT"},"geometry":{"type":"MultiPolygon","coordinates":[[[[47.94801,29.99404],[47.97527,29.94257],[47.99562,29.8277],[48.05242,29.74299],[48.07887,29.74396],[48.18092,29.56222],[48.17676,29.54192],[48.15452,29.53909],[48.08595,29.57502],[47.96553,29.5763],[47.80704,29.46762],[47.76386,29.41293],[47.71839,29.3942],[47.70472,29.36363],[47.8373,29.3875],[47.85115,29.3802],[47.82261,29.36343],[47.81643,29.33756],[47.8579,29.32303],[47.98574,29.39376],[48.02524,29.35488],[48.10027,29.34995],[48.09538,29.25775],[48.1338,29.15362],[48.15846,29.01728],[48.22592,28.91828],[48.27947,28.89444],[48.27687,28.83959],[48.32879,28.75996],[48.39356,28.74339],[48.37965,28.71035],[48.38673,28.67512],[48.36622,28.68871],[48.37989,28.66767],[48.35271,28.66144],[48.35182,28.64053],[48.38673,28.654],[48.39715,28.58332],[48.43278,28.54048],[47.66813,28.5335],[47.65981,28.56004],[47.58167,28.63148],[47.54994,28.7706],[47.4945,28.90402],[47.43409,28.99459],[46.53244,29.09574],[46.71186,29.27139],[46.85345,29.44456],[46.95784,29.62044],[46.98884,29.71266],[47.11049,29.96091],[47.1447,30.00334],[47.35822,30.09212],[47.67418,30.09822],[47.73143,30.08855],[47.94801,29.99404]]],[[[48.35385,29.45742],[48.38901,29.42487],[48.39736,29.3875],[48.31687,29.42701],[48.26924,29.42968],[48.2811,29.4711],[48.35385,29.45742]]],[[[48.33383,29.67927],[48.22902,29.59992],[48.1858,29.60395],[48.16163,29.62971],[48.08513,29.76781],[48.04607,29.80048],[48.11329,29.8391],[48.11915,29.8736],[48.08513,29.87987],[48.09506,29.89472],[48.1587,29.87922],[48.16082,29.90156],[48.19744,29.92536],[48.14723,29.93513],[48.14039,29.96988],[48.12086,29.98139],[48.16212,29.99567],[48.18873,29.98355],[48.34449,29.7906],[48.35955,29.75446],[48.33383,29.67927]]],[[[48.10922,30.02798],[48.0311,29.97102],[48.01075,29.98046],[48.0547,30.02448],[48.10922,30.02798]]]]}},{"type":"Feature","properties":{"name":"Brunei","adm0_a3":"BRN"},"geometry":{"type":"MultiPolygon","coordinates":[[[[115.1468,4.88562],[115.20736,4.8256],[115.27268,4.63677],[115.27248,4.47466],[115.2856,4.43536],[115.35826,4.35028],[115.34627,4.31377],[115.2207,4.35976],[115.16995,4.36126],[115.09182,4.40542],[115.07983,4.50396],[115.02681,4.66003],[115.02978,4.82064],[115.04811,4.80182],[115.13022,4.85204],[115.12517,4.90766],[115.14617,4.90852],[115.1468,4.88562]]],[[[114.9589,4.86629],[114.94836,4.81893],[114.85576,4.80666],[114.74197,4.72945],[114.7739,4.63682],[114.78817,4.4612],[114.80605,4.43332],[114.8479,4.42374],[114.84563,4.39511],[114.82899,4.34049],[114.78196,4.28493],[114.78258,4.26442],[114.8138,4.2771],[114.81721,4.25966],[114.76688,4.13182],[114.62776,4.01668],[114.58663,4.02144],[114.56937,4.0644],[114.47738,4.14497],[114.41992,4.26013],[114.28267,4.26491],[114.27626,4.28902],[114.29672,4.31666],[114.2899,4.36131],[114.24556,4.48143],[114.21673,4.48766],[114.20908,4.50815],[114.11896,4.56164],[113.99879,4.60114],[114.25172,4.59268],[114.32667,4.60688],[114.52931,4.69379],[114.60182,4.77998],[114.72267,4.87604],[114.9284,5.00056],[115.05779,5.0541],[115.10174,5.04987],[115.1032,5.03685],[115.05738,5.01264],[115.0228,4.93374],[114.9589,4.86629]]]]}},{"type":"Feature","properties":{"name":"Mozambique","adm0_a3":"MOZ"},"geometry":{"type":"Polygon","coordinates":[[[40.00813,-10.81112],[40.16109,-10.70436],[40.28853,-10.58302],[40.38919,-10.53527],[40.45395,-10.46901],[40.47543,-10.48268],[40.46485,-10.49586],[40.48374,-10.5001],[40.51051,-10.47772],[40.52703,-10.48846],[40.53207,-10.50945],[40.49903,-10.55047],[40.5066,-10.56634],[40.56105,-10.58465],[40.57781,-10.64984],[40.63136,-10.66286],[40.65496,-10.68694],[40.56983,-10.69671],[40.48536,-10.76214],[40.4922,-10.79697],[40.51271,-10.76963],[40.62029,-10.84092],[40.52857,-10.90195],[40.4961,-10.95574],[40.50652,-11.0372],[40.54054,-11.00311],[40.56609,-11.01393],[40.55201,-11.07431],[40.49903,-11.13958],[40.50652,-11.18743],[40.42758,-11.25286],[40.39723,-11.3108],[40.34881,-11.31707],[40.3755,-11.35866],[40.38299,-11.33815],[40.43686,-11.39218],[40.46583,-11.38519],[40.45802,-11.48903],[40.42335,-11.56316],[40.45802,-11.60508],[40.42758,-11.65008],[40.44898,-11.72845],[40.47071,-11.75124],[40.4795,-11.82342],[40.4922,-11.83904],[40.52019,-11.83904],[40.48618,-11.8952],[40.53688,-11.99684],[40.51547,-12.03216],[40.49903,-12.12656],[40.52491,-12.20452],[40.50587,-12.24261],[40.45362,-12.24261],[40.45118,-12.2636],[40.47584,-12.25807],[40.51368,-12.30055],[40.50953,-12.3803],[40.56105,-12.38714],[40.52117,-12.41758],[40.4782,-12.50107],[40.50278,-12.52142],[40.56202,-12.53004],[40.56479,-12.61305],[40.61964,-12.64512],[40.60271,-12.65895],[40.58562,-12.63982],[40.56804,-12.64959],[40.57814,-12.70631],[40.6089,-12.70184],[40.64682,-12.7553],[40.62696,-12.79363],[40.584,-12.79266],[40.56788,-12.77752],[40.57472,-12.80486],[40.53199,-12.81146],[40.55445,-12.84686],[40.52442,-12.90936],[40.51026,-12.886],[40.48406,-12.88128],[40.4109,-12.94207],[40.41774,-12.97186],[40.48341,-13.0219],[40.51238,-12.99896],[40.50017,-12.94801],[40.5892,-12.95794],[40.59522,-12.97568],[40.56105,-13.09905],[40.57472,-13.16806],[40.56788,-13.24334],[40.52703,-13.29827],[40.52963,-13.31024],[40.56788,-13.28476],[40.56788,-13.36663],[40.58839,-13.36045],[40.54672,-13.43182],[40.52703,-13.51059],[40.59522,-13.5652],[40.5394,-13.63641],[40.57496,-13.73455],[40.59059,-13.85328],[40.63624,-13.94256],[40.65056,-14.03192],[40.63429,-14.07073],[40.59522,-14.08538],[40.61647,-14.1015],[40.61948,-14.12721],[40.53858,-14.16448],[40.56007,-14.20184],[40.55421,-14.23008],[40.57911,-14.20664],[40.5949,-14.21461],[40.60206,-14.24358],[40.5809,-14.25726],[40.59148,-14.26328],[40.62257,-14.25042],[40.62232,-14.22129],[40.6963,-14.18255],[40.72071,-14.20477],[40.72413,-14.25018],[40.7461,-14.27093],[40.73243,-14.33994],[40.68458,-14.36712],[40.63624,-14.33994],[40.65659,-14.44915],[40.62965,-14.44988],[40.64308,-14.47015],[40.62257,-14.49066],[40.63624,-14.50433],[40.6294,-14.56634],[40.66529,-14.52386],[40.70053,-14.43206],[40.77328,-14.4013],[40.82838,-14.43426],[40.84254,-14.46445],[40.83204,-14.49407],[40.76002,-14.52614],[40.78696,-14.53916],[40.81609,-14.51718],[40.83375,-14.53875],[40.81137,-14.61297],[40.84352,-14.66855],[40.8401,-14.79827],[40.78761,-14.82195],[40.70973,-14.89528],[40.67408,-14.90154],[40.64308,-14.85377],[40.65366,-14.90846],[40.67091,-14.92205],[40.7461,-14.92205],[40.77394,-14.99774],[40.67091,-14.97666],[40.6642,-15.0],[40.0,-15.0],[40.00813,-10.81112]]]}},{"type":"Feature","properties":{"name":"Myanmar","adm0_a3":"MMR"},"geometry":{"type":"MultiPolygon","coordinates":[[[[92.58384,21.98031],[92.65091,22.01917],[92.68378,22.15431],[92.83612,22.04651],[92.87746,21.95701],[92.90619,22.01731],[92.92097,22.02181],[92.9681,21.98724],[92.97988,22.00228],[92.96717,22.06268],[92.98547,22.09596],[93.02546,22.11292],[93.02453,22.2019],[93.14174,22.18728],[93.12354,22.23069],[93.17367,22.25942],[93.16592,22.38659],[93.09915,22.51196],[93.11052,22.59635],[93.07394,22.6719],[93.07952,22.77272],[93.1159,22.7984],[93.17553,22.8817],[93.13822,23.00526],[93.15238,23.04994],[93.19651,23.05384],[93.24654,23.00449],[93.27279,23.00591],[93.31826,23.03366],[93.3749,23.12973],[93.3779,23.29682],[93.40725,23.34726],[93.40022,23.45402],[93.43236,23.64732],[93.42596,23.6908],[93.3748,23.73902],[93.35599,23.90699],[93.30297,23.99528],[93.30297,24.04114],[93.32219,24.08006],[93.36828,24.07848],[93.45665,23.95996],[93.54347,23.98089],[93.57106,23.96802],[93.6124,24.00905],[93.71111,24.00546],[93.74304,23.99528],[93.80371,23.93606],[93.91233,23.939],[94.05506,23.88795],[94.09971,23.84263],[94.13186,23.85697],[94.13506,23.91901],[94.19025,23.99528],[94.29536,24.3326],[94.33071,24.36286],[94.32874,24.39448],[94.3612,24.42541],[94.36368,24.46582],[94.39706,24.49507],[94.41845,24.56031],[94.47499,24.59739],[94.51633,24.70495],[94.55571,24.70886],[94.58154,24.73012],[94.59901,24.81347],[94.65482,24.88915],[94.67353,24.97481],[94.70856,25.02589],[94.70681,25.10994],[94.68914,25.13852],[94.57689,25.17361],[94.55333,25.20415],[94.55012,25.24528],[94.608,25.39463],[94.65947,25.4555],[94.76438,25.49168],[94.82236,25.55911],[94.86029,25.56717],[94.85347,25.58604],[94.96147,25.71797],[95.0088,25.73714],[95.00064,25.92204],[95.06586,25.95382],[95.15122,26.04994],[95.13748,26.08296],[95.08818,26.10409],[95.07836,26.17132],[95.09448,26.19504],[95.05872,26.21768],[95.04178,26.2876],[95.06606,26.40743],[95.04064,26.47559],[95.10957,26.5513],[95.1228,26.61161],[95.17324,26.63383],[95.20486,26.66757],[95.26057,26.64762],[95.41064,26.70163],[95.48981,26.81072],[95.57476,26.81614],[95.62427,26.88074],[95.6993,26.89619],[95.77796,26.99515],[95.86147,27.01422],[95.91645,27.05137],[96.01319,27.1908],[96.14259,27.25751],[96.40779,27.29818],[96.51094,27.2925],[96.54732,27.30645],[96.5869,27.35358],[96.64902,27.33621],[96.70524,27.36076],[96.77635,27.33063],[96.85376,27.24872],[96.8427,27.18852],[96.86533,27.17162],[97.03804,27.08703],[97.11917,27.08729],[97.13477,27.12734],[97.10439,27.15602],[97.10129,27.1833],[96.88135,27.44411],[96.89024,27.49248],[96.86202,27.57837],[96.87019,27.61909],[96.99091,27.72663],[97.05674,27.74678],[97.06532,27.77399],[97.22293,27.89972],[97.27637,27.91034],[97.2929,27.87755],[97.33352,27.89416],[97.36225,27.99488],[97.35512,28.02304],[97.2929,28.09508],[97.32866,28.19001],[97.3235,28.21748],[97.36959,28.25347],[97.38437,28.28484],[97.44783,28.2976],[97.44535,28.38297],[97.52772,28.52953],[97.54622,28.53847],[97.61361,28.48198],[97.67045,28.51128],[97.6996,28.48803],[97.76533,28.35243],[97.79726,28.34393],[97.85907,28.37013],[97.89752,28.35532],[97.94475,28.29884],[97.99291,28.26892],[97.99105,28.21402],[98.04862,28.19962],[98.12696,28.12428],[98.10712,27.97307],[98.17729,27.91292],[98.17667,27.89812],[98.14009,27.87856],[98.19662,27.82319],[98.20437,27.7273],[98.2544,27.64813],[98.2947,27.53662],[98.3286,27.52287],[98.36395,27.53217],[98.38328,27.55579],[98.41025,27.68425],[98.49231,27.64343],[98.52218,27.6563],[98.57841,27.59173],[98.64724,27.61173],[98.67928,27.57734],[98.67442,27.3866],[98.7077,27.33725],[98.67256,27.1756],[98.69137,27.0924],[98.73137,27.06879],[98.73778,27.04869],[98.71266,26.99515],[98.73633,26.89826],[98.71452,26.86203],[98.75038,26.79201],[98.73199,26.71351],[98.75555,26.62504],[98.72114,26.5389],[98.71349,26.38945],[98.65778,26.31162],[98.64218,26.25452],[98.677,26.23933],[98.70553,26.17494],[98.68083,26.12497],[98.64445,26.09789],[98.6243,26.10848],[98.61933,26.14574],[98.56301,26.13122],[98.54554,26.10564],[98.58244,25.98229],[98.61623,25.9794],[98.6924,25.87899],[98.67783,25.84328],[98.61003,25.8006],[98.52683,25.83879],[98.4981,25.83072],[98.46131,25.79465],[98.33263,25.56697],[98.27662,25.55245],[98.23238,25.58655],[98.14009,25.61146],[98.1342,25.53462],[98.09978,25.50005],[98.11208,25.39623],[98.0757,25.37608],[98.0449,25.31194],[97.97627,25.27226],[97.90992,25.20756],[97.88894,25.20565],[97.86031,25.24409],[97.82362,25.26161],[97.80099,25.23763],[97.75406,25.11356],[97.6996,25.06501],[97.70828,24.92729],[97.77298,24.85469],[97.76523,24.83466],[97.66394,24.82978],[97.53609,24.74503],[97.53278,24.72332],[97.53857,24.59726],[97.51325,24.43859],[97.6473,24.43233],[97.68957,24.34647],[97.6382,24.3281],[97.64451,24.30239],[97.71841,24.27767],[97.72409,24.24152],[97.70156,24.21093],[97.72006,24.14744],[97.51646,23.94283],[97.60989,23.88314],[97.62467,23.84671],[97.76781,23.94647],[97.81783,23.95815],[97.88997,24.02262],[98.10505,24.10153],[98.18153,24.11866],[98.33067,24.09949],[98.43495,24.13026],[98.50327,24.12127],[98.58523,24.07572],[98.71618,24.12134],[98.86573,24.14568],[98.87348,24.1145],[98.85622,24.0838],[98.65882,23.96112],[98.67452,23.93689],[98.66367,23.79695],[98.79317,23.75847],[98.8003,23.69272],[98.85601,23.61001],[98.78087,23.53285],[98.8,23.48074],[98.84888,23.4804],[98.86397,23.4666],[98.8896,23.40679],[98.89012,23.3679],[98.85343,23.32488],[98.89653,23.32328],[98.91069,23.2976],[98.86015,23.21228],[98.85901,23.17939],[99.02644,23.16045],[99.05507,23.1096],[99.19418,23.09578],[99.21661,23.05738],[99.33381,23.12962],[99.40326,23.06834],[99.49308,23.05738],[99.49039,23.01201],[99.53804,22.92643],[99.5153,22.90881],[99.41339,22.93075],[99.41443,22.8569],[99.35903,22.77489],[99.30797,22.74518],[99.355,22.60854],[99.34415,22.53325],[99.35779,22.49548],[99.28276,22.41192],[99.24307,22.39316],[99.24369,22.34122],[99.15935,22.18469],[99.17506,22.16867],[99.14447,22.15353],[99.16638,22.13209],[99.25289,22.10279],[99.36492,22.09886],[99.43861,22.12423],[99.49039,22.10434],[99.53897,22.10671],[99.63354,22.08475],[99.68387,22.03902],[99.72366,22.07059],[99.82102,22.01778],[99.84174,22.02708],[99.84784,22.05504],[99.94241,22.04553],[99.93434,22.01886],[99.96566,21.963],[99.91796,21.82916],[99.95026,21.72116],[99.99672,21.68612],[100.08234,21.68447],[100.14281,21.65491],[100.14374,21.64002],[100.09485,21.59884],[100.08999,21.52892],[100.1625,21.43637],[100.18714,21.42789],[100.28952,21.48313],[100.34197,21.53037],[100.39912,21.51889],[100.45669,21.45502],[100.62174,21.46908],[100.70396,21.51641],[100.83491,21.65754],[100.99278,21.71144],[101.0828,21.76674],[101.11887,21.75981],[101.12766,21.69516],[101.16145,21.65837],[101.17386,21.61191],[101.15422,21.56804],[101.15711,21.51967],[101.00343,21.40598],[100.8146,21.3002],[100.72541,21.31167],[100.68939,21.15933],[100.62552,21.05412],[100.54345,21.0274],[100.55725,20.992],[100.52924,20.96844],[100.51782,20.90632],[100.5157,20.88648],[100.5342,20.87392],[100.62309,20.88854],[100.65213,20.87661],[100.53668,20.80767],[100.36481,20.82819],[100.21133,20.69739],[100.14927,20.5481],[100.0993,20.3178],[100.03615,20.37312],[99.98592,20.38703],[99.93714,20.44501],[99.83771,20.41684],[99.78717,20.33408],[99.65193,20.30682],[99.5029,20.34522],[99.43996,20.38217],[99.42063,20.37555],[99.46641,20.32217],[99.48626,20.24548],[99.52584,20.19618],[99.51034,20.15381],[99.4414,20.10162],[99.29568,20.0625],[99.17775,20.1218],[99.07347,20.10123],[99.01683,20.041],[99.00091,19.82101],[98.97383,19.78807],[98.89932,19.74862],[98.88371,19.74546],[98.85188,19.78404],[98.80785,19.80654],[98.74925,19.7635],[98.62378,19.7375],[98.53262,19.67585],[98.4888,19.7067],[98.4396,19.68774],[98.30731,19.68999],[98.23755,19.66469],[98.21915,19.67699],[98.21326,19.71776],[98.11136,19.77714],[98.07291,19.77729],[98.04562,19.80763],[98.02454,19.80298],[98.00459,19.72391],[98.00831,19.63911],[97.88584,19.57281],[97.84863,19.56764],[97.84212,19.47938],[97.76709,19.39753],[97.80615,19.3011],[97.7983,19.28141],[97.76409,19.2664],[97.81256,19.20847],[97.8108,19.11222],[97.72781,19.03708],[97.70332,18.96437],[97.65784,18.92572],[97.72337,18.85198],[97.75975,18.62279],[97.74569,18.57106],[97.61795,18.55316],[97.50953,18.49128],[97.42747,18.48952],[97.38892,18.54223],[97.3514,18.55117],[97.44308,18.40335],[97.45258,18.33361],[97.48648,18.29214],[97.52834,18.26532],[97.57382,18.33309],[97.63758,18.30633],[97.64327,18.27302],[97.61795,18.24168],[97.6843,18.1461],[97.69422,18.06151],[97.72006,18.05306],[97.75406,17.96903],[97.72006,17.9432],[97.68554,17.88072],[97.69908,17.83333],[97.67614,17.83033],[97.74962,17.73985],[97.75934,17.69148],[97.93379,17.5318],[97.98278,17.50544],[98.03549,17.40504],[98.08872,17.37279],[98.09265,17.31223],[98.27899,17.13658],[98.26835,17.10774],[98.29439,17.10759],[98.28623,17.08743],[98.29966,17.06475],[98.4179,17.02904],[98.47454,16.95044],[98.48446,16.90589],[98.50947,16.89266],[98.52456,16.85044],[98.50058,16.86223],[98.49004,16.84321],[98.51753,16.80301],[98.47454,16.77665],[98.45666,16.72322],[98.48632,16.701],[98.51226,16.64328],[98.56156,16.60173],[98.56425,16.55196],[98.63163,16.46313],[98.62946,16.40267],[98.66326,16.28666],[98.68238,16.27348],[98.78863,16.37456],[98.8187,16.45564],[98.83958,16.47243],[98.8434,16.43838],[98.90252,16.38164],[98.88371,16.25875],[98.84309,16.20873],[98.83544,16.14454],[98.80723,16.11054],[98.78304,16.10243],[98.75845,16.11917],[98.67959,16.12615],[98.65871,16.11628],[98.61913,16.05101],[98.54699,16.0475],[98.58378,15.97696],[98.56859,15.92017],[98.57438,15.83598],[98.54027,15.71196],[98.56714,15.45255],[98.55991,15.35532],[98.53355,15.32596],[98.51546,15.36346],[98.47454,15.38348],[98.40343,15.3601],[98.39909,15.32178],[98.37749,15.29646],[98.39475,15.28008],[98.38524,15.25625],[98.28302,15.28997],[98.2329,15.2268],[98.17719,15.2206],[98.19073,15.17918],[98.16045,15.10637],[98.199,15.05138],[98.19114,14.98813],[98.22163,14.92126],[98.24334,14.80512],[98.29749,14.72125],[98.41821,14.60756],[98.54771,14.37768],[98.60145,14.31365],[98.67039,14.26792],[98.70698,14.26998],[98.75369,14.20012],[98.87234,14.11247],[98.93528,14.0854],[98.95296,14.02803],[99.00711,13.94964],[99.09,13.87011],[99.10116,13.77882],[99.15253,13.71488],[99.15202,13.58196],[99.18788,13.42714],[99.18695,13.32914],[99.17279,13.30092],[99.19015,13.2295],[99.17279,13.19951],[99.11408,13.18808],[99.1021,13.17134],[99.09321,13.03833],[99.16483,12.97551],[99.15315,12.91355],[99.17527,12.83343],[99.21072,12.79227],[99.22446,12.71747],[99.26674,12.70284],[99.27686,12.66558],[99.40326,12.57593],[99.4042,12.50813],[99.38704,12.46591],[99.47375,12.18727],[99.45226,12.12939],[99.54166,12.14066],[99.5184,12.02593],[99.574,11.97632],[99.5614,11.87292],[99.63002,11.81577],[99.60687,11.72569],[99.54258,11.64048],[99.44977,11.61376],[99.42817,11.4969],[99.38704,11.45155],[99.3643,11.37672],[99.24328,11.19766],[99.21299,11.10826],[99.07688,10.99651],[99.05507,10.94525],[99.00556,10.95882],[98.99233,10.94796],[98.97962,10.90766],[98.98985,10.86045],[98.97445,10.8242],[98.89208,10.80852],[98.86821,10.76989],[98.83007,10.76356],[98.76672,10.68875],[98.7479,10.62312],[98.77726,10.58323],[98.79038,10.50026],[98.74741,10.35053],[98.71892,10.31257],[98.69606,10.2237],[98.54314,9.98745],[98.52101,10.029],[98.51393,10.14692],[98.48959,10.1979],[98.52849,10.3642],[98.49415,10.45246],[98.49545,10.55687],[98.46339,10.63003],[98.45932,10.7154],[98.46355,10.72944],[98.4983,10.73159],[98.52849,10.6931],[98.53834,10.7187],[98.52101,10.74095],[98.54371,10.74506],[98.56324,10.72728],[98.59986,10.80549],[98.59669,10.83714],[98.63087,10.85082],[98.58644,10.86103],[98.58155,10.88202],[98.64796,10.91909],[98.67311,10.90546],[98.71241,10.92438],[98.72022,10.98054],[98.69288,11.00845],[98.72242,11.04487],[98.70655,11.09785],[98.67628,11.10057],[98.65821,11.13198],[98.72413,11.1562],[98.75929,11.26895],[98.72193,11.35008],[98.72706,11.3852],[98.69801,11.38801],[98.71534,11.44318],[98.77491,11.45352],[98.7544,11.52241],[98.72885,11.51765],[98.71795,11.53189],[98.73561,11.64204],[98.75221,11.68171],[98.81715,11.6774],[98.8226,11.70795],[98.89161,11.69367],[98.87672,11.72264],[98.80494,11.73652],[98.78297,11.75511],[98.82569,11.82587],[98.80893,11.8513],[98.81609,11.83381],[98.76808,11.76195],[98.74415,11.76252],[98.71217,11.73652],[98.70314,11.69746],[98.67416,11.68525],[98.61036,11.73127],[98.60597,11.76919],[98.63209,11.79287],[98.60353,11.80362],[98.62403,11.83027],[98.65138,11.83027],[98.68092,11.87735],[98.70655,11.87865],[98.6941,11.89289],[98.549,11.87865],[98.57814,11.90668],[98.66407,11.92036],[98.69093,11.95433],[98.72022,11.9643],[98.72145,11.99779],[98.70314,12.04808],[98.71274,12.06362],[98.66505,12.06025],[98.6338,12.09032],[98.62965,12.13198],[98.70973,12.20425],[98.7033,12.23778],[98.66293,12.2368],[98.59669,12.194],[98.56324,12.20767],[98.53907,12.24177],[98.56837,12.29092],[98.67677,12.31525],[98.70655,12.34789],[98.60515,12.42894],[98.61622,12.48574],[98.70143,12.49872],[98.70973,12.5124],[98.63998,12.53189],[98.62306,12.55817],[98.65138,12.62226],[98.67311,12.62539],[98.66765,12.67479],[98.69288,12.72529],[98.64845,12.72333],[98.64454,12.74201],[98.67872,12.75629],[98.61785,12.76626],[98.65138,12.79731],[98.63429,12.87861],[98.58985,12.91958],[98.61402,12.95429],[98.58383,13.0266],[98.57846,13.18675],[98.5005,13.24917],[98.48992,13.29784],[98.47999,13.28388],[98.46046,13.35578],[98.47316,13.41303],[98.45281,13.37946],[98.44532,13.4243],[98.41863,13.45458],[98.42644,13.49006],[98.33611,13.59858],[98.28826,13.69477],[98.30201,13.701],[98.2448,13.71406],[98.25416,13.85179],[98.23365,13.9173],[98.23365,14.00263],[98.19215,14.06468],[98.17897,14.01972],[98.19947,13.99274],[98.19825,13.96491],[98.18019,13.92504],[98.19947,13.86921],[98.17945,13.73241],[98.19606,13.66836],[98.16847,13.5843],[98.18686,13.54385],[98.17107,13.53783],[98.15105,13.5576],[98.1443,13.5371],[98.12973,13.58234],[98.15105,13.60602],[98.13746,13.62653],[98.15846,13.64232],[98.15105,13.67373],[98.16879,13.68081],[98.10328,13.701],[98.11695,13.72895],[98.09205,13.73969],[98.08277,13.76996],[98.08888,13.79511],[98.11012,13.79035],[98.11085,13.90217],[98.08229,13.92446],[98.0617,14.01008],[98.10768,14.11001],[98.09645,14.16779],[98.11012,14.16779],[98.04176,14.24286],[97.9935,14.33051],[97.97975,14.39741],[98.00026,14.46874],[97.96608,14.44831],[97.91358,14.58674],[97.92506,14.61278],[97.88551,14.65595],[97.88551,14.68407],[97.90406,14.70897],[97.94313,14.7202],[97.99244,14.66372],[98.0276,14.64753],[97.98219,14.71528],[98.00026,14.72207],[97.96461,14.74706],[97.97291,14.76362],[97.94988,14.7989],[97.93116,14.75218],[97.89723,14.79776],[97.90219,14.7377],[97.8755,14.71674],[97.85035,14.72362],[97.79477,14.88032],[97.81284,14.98334],[97.77426,15.01748],[97.80836,15.03116],[97.79477,15.0585],[97.82276,15.2093],[97.76938,15.22333],[97.72641,15.33959],[97.76075,15.39423],[97.79477,15.4079],[97.7614,15.49055],[97.77426,15.5314],[97.74293,15.60448],[97.74366,15.66486],[97.7256,15.70132],[97.7339,15.7263],[97.7129,15.75731],[97.72706,15.84321],[97.70606,15.86034],[97.71225,15.88768],[97.69142,15.9123],[97.57569,16.0174],[97.56886,16.0624],[97.61964,16.12543],[97.65089,16.27131],[97.62306,16.39448],[97.63722,16.47736],[97.67384,16.53343],[97.74024,16.55927],[97.7129,16.57978],[97.63038,16.53197],[97.42311,16.52342],[97.37029,16.48355],[97.32983,16.67985],[97.31119,16.65237],[97.28584,16.65892],[97.25544,16.69787],[97.23017,16.76914],[97.24049,16.87458],[97.21949,16.82616],[97.2046,16.85981],[97.21949,16.90127],[97.19158,16.90127],[97.18328,16.92154],[97.19825,17.0135],[97.15724,17.08686],[97.17449,17.11249],[97.23365,17.09516],[97.261,17.10733],[97.20265,17.13158],[97.15805,17.1293],[97.13063,17.07941],[97.10027,17.13378],[97.10963,17.18928],[97.08872,17.19351],[97.06861,17.25137],[97.00717,17.27806],[97.01336,17.29914],[96.89552,17.38467],[96.88307,17.45742],[96.85572,17.3885],[96.84205,17.409],[96.82154,17.39472],[96.91066,17.31708],[96.9109,17.28486],[96.84938,17.21296],[96.85572,17.16877],[96.91017,17.06684],[96.9109,17.02481],[96.87908,16.93472],[96.83522,16.93602],[96.85572,16.90127],[96.80787,16.90868],[96.844,16.87393],[96.84669,16.84492],[96.81129,16.76472],[96.7894,16.75609],[96.80104,16.73737],[96.71632,16.65835],[96.67947,16.57487],[96.61594,16.518],[96.43626,16.47777],[96.35711,16.5185],[96.26596,16.59683],[96.22576,16.7613],[96.28712,16.81314],[96.25758,16.8159],[96.20655,16.77749],[96.17115,16.77155],[96.2409,16.65013],[96.23463,16.57636],[96.33644,16.43944],[96.3213,16.41527],[96.28534,16.36599],[96.11899,16.32176],[96.0774,16.36083],[96.0066,16.38736],[96.06658,16.33564],[96.06756,16.31025],[95.97999,16.22313],[95.94239,16.21906],[95.95143,16.25764],[95.90789,16.21174],[95.88307,16.20917],[95.8899,16.24396],[95.7977,16.14492],[95.75554,16.14525],[95.72486,16.22285],[95.73227,16.12727],[95.69703,16.06599],[95.68735,15.98823],[95.66472,15.9492],[95.52345,15.80366],[95.41578,15.72297],[95.31056,15.72321],[95.28793,15.74014],[95.28256,15.83832],[95.31267,15.86652],[95.31398,15.9007],[95.33855,15.92202],[95.36427,15.98456],[95.3685,16.0388],[95.34547,16.10497],[95.36158,16.14838],[95.32748,16.10741],[95.34864,16.04157],[95.34181,15.98387],[95.29713,15.90298],[95.25164,15.86823],[95.23878,15.89395],[95.27589,15.97065],[95.27296,16.00373],[95.22397,15.91861],[95.21274,15.78657],[95.1736,15.77782],[95.12574,15.81761],[95.11524,15.89395],[95.13754,16.00666],[95.12892,16.03852],[95.10776,15.98387],[95.09767,16.02513],[95.13795,16.10033],[95.22592,16.11994],[95.1836,16.14094],[95.14869,16.13202],[95.13575,16.14838],[95.07057,16.07486],[95.07293,15.97065],[95.05502,15.84614],[95.03395,15.80573],[94.99757,15.79532],[94.9756,15.76415],[94.84685,15.7906],[94.89633,15.8474],[94.88258,15.86717],[94.8532,15.84028],[94.83473,15.94916],[94.8628,15.99177],[94.92066,16.01862],[94.92408,16.03852],[94.88933,16.0174],[94.86313,16.12775],[94.90008,16.18378],[94.95924,16.20087],[94.99244,16.2508],[94.96697,16.2204],[94.89308,16.20576],[94.85467,16.16022],[94.8484,16.0965],[94.8694,16.04096],[94.8462,15.99999],[94.78688,15.96214],[94.7212,15.85668],[94.6587,15.85448],[94.63551,15.90815],[94.62241,15.89155],[94.60133,15.92121],[94.70314,15.98237],[94.73227,16.0174],[94.74171,16.06729],[94.79371,16.16201],[94.76596,16.13947],[94.70533,16.02066],[94.61476,15.94367],[94.56658,15.93549],[94.56235,15.96186],[94.64234,16.04466],[94.67888,16.12128],[94.68385,16.20917],[94.66521,16.25764],[94.70493,16.35322],[94.73227,16.36066],[94.70582,16.47309],[94.73227,16.52456],[94.69728,16.50837],[94.67701,16.53197],[94.68385,16.36408],[94.62794,16.2602],[94.584,16.23652],[94.63551,16.32648],[94.62973,16.34418],[94.58367,16.27485],[94.52117,16.29548],[94.50701,16.1896],[94.42807,16.07416],[94.36061,16.04926],[94.34002,15.99624],[94.28663,15.9975],[94.25148,15.96845],[94.23951,15.9763],[94.20981,16.029],[94.2151,16.15766],[94.2378,16.27314],[94.23536,16.34838],[94.25864,16.38736],[94.27312,16.4665],[94.26832,16.52749],[94.27312,16.53815],[94.33106,16.52863],[94.34132,16.54841],[94.3462,16.59243],[94.32765,16.60643],[94.36199,16.63548],[94.36443,16.70112],[94.40268,16.78827],[94.38234,16.90127],[94.42319,16.90127],[94.46469,16.94965],[94.44435,16.94965],[94.45786,17.05956],[94.48878,17.12421],[94.48569,17.14102],[94.45777,17.15375],[94.45436,17.18008],[94.46469,17.18928],[94.51092,17.16901],[94.53785,17.1874],[94.50864,17.23013],[94.51197,17.27521],[94.54542,17.29609],[94.54615,17.31965],[94.59449,17.2923],[94.57683,17.35834],[94.57032,17.50519],[94.55388,17.54361],[94.56031,17.5821],[94.615,17.54556],[94.59067,17.59325],[94.59522,17.61546],[94.563,17.66169],[94.54396,17.74803],[94.50172,17.78661],[94.48341,17.90229],[94.44435,17.9881],[94.4922,18.02595],[94.49057,18.0725],[94.42286,18.2425],[94.32765,18.25873],[94.33106,18.30313],[94.38917,18.28604],[94.417,18.31395],[94.38966,18.3627],[94.3506,18.37523],[94.33106,18.42597],[94.25896,18.50902],[94.24496,18.53925],[94.26222,18.54511],[94.24879,18.63886],[94.14894,18.73102],[94.2116,18.72553],[94.27931,18.73851],[94.25245,18.75214],[94.21241,18.74185],[94.15309,18.82103],[94.14894,18.86823],[94.1351,18.82046],[94.11964,18.81664],[94.0381,18.85912],[94.03663,18.91804],[94.05323,18.93651],[94.04119,18.99763],[94.06609,19.04287],[94.06007,19.06371],[94.09425,19.08735],[94.04656,19.08112],[94.02906,19.0954],[94.03272,19.16926],[94.05323,19.22138],[94.04591,19.30467],[94.06967,19.3509],[94.0669,19.38898],[94.02524,19.28657],[94.03338,19.20454],[93.97348,19.14631],[93.94711,19.15965],[93.93727,19.20466],[93.92547,19.21027],[93.91041,19.19099],[93.95541,19.1269],[93.95248,19.03205],[93.98439,18.96784],[93.97389,18.9228],[93.93727,18.88935],[93.9441,18.86823],[93.93043,18.85863],[93.81373,18.944],[93.73463,18.98119],[93.70387,19.01846],[93.67888,19.0196],[93.64234,19.13422],[93.594,19.1767],[93.48707,19.33373],[93.4909,19.40762],[93.55299,19.43057],[93.56804,19.40672],[93.61134,19.40327],[93.63697,19.34907],[93.62135,19.33438],[93.71754,19.2934],[93.72291,19.26846],[93.75465,19.24714],[93.83424,19.23819],[93.92994,19.29975],[93.98732,19.3867],[93.98439,19.46406],[93.92384,19.46239],[93.9192,19.48428],[93.93727,19.49201],[93.88209,19.5019],[93.73121,19.63255],[93.75611,19.66108],[93.80006,19.65648],[93.79444,19.67357],[93.8274,19.71857],[93.80681,19.74584],[93.78386,19.69111],[93.76108,19.67487],[93.72096,19.68529],[93.70948,19.71353],[93.71876,19.7436],[93.75164,19.76569],[93.72193,19.76899],[93.69353,19.7248],[93.64845,19.72516],[93.63551,19.75951],[93.60141,19.71857],[93.60646,19.79613],[93.66066,19.87084],[93.73805,19.88247],[93.7256,19.90558],[93.74,19.92512],[93.71754,19.93769],[93.70753,19.91657],[93.61134,19.91035],[93.58074,19.88133],[93.54672,19.9029],[93.56593,19.91657],[93.51832,19.9396],[93.53191,19.95136],[93.51197,19.97045],[93.53191,19.98485],[93.52564,19.99917],[93.4922,19.96499],[93.47047,19.98485],[93.45704,19.95425],[93.42319,19.96532],[93.38234,20.08853],[93.36183,20.02644],[93.34067,20.1022],[93.31276,20.06538],[93.27247,20.04751],[93.19028,20.06444],[93.17628,20.0537],[93.12843,20.09467],[93.17628,19.95751],[93.23585,19.84724],[93.23829,19.82099],[93.20143,19.86278],[93.14812,19.99433],[93.13152,20.00658],[93.10914,19.9938],[93.10613,19.93065],[93.13453,19.84829],[93.16879,19.80732],[93.12501,19.84667],[93.03842,20.01293],[92.98072,20.07795],[92.97022,20.12946],[93.04249,20.12946],[93.08009,20.17048],[93.09425,20.14997],[93.12094,20.21198],[93.0892,20.21035],[93.01856,20.14997],[92.99049,20.15493],[93.00123,20.23932],[93.04127,20.33202],[93.09132,20.38101],[93.10043,20.4311],[93.05958,20.36225],[93.04322,20.36494],[93.03102,20.40965],[93.08562,20.53295],[93.07325,20.55463],[93.02263,20.45254],[93.01629,20.32486],[92.89845,20.13569],[92.86769,20.12202],[92.77215,20.20148],[92.77817,20.23164],[92.86402,20.30077],[92.94288,20.32123],[92.89332,20.32954],[92.84693,20.37735],[92.82692,20.49506],[92.79265,20.50625],[92.79656,20.48383],[92.7693,20.45506],[92.75856,20.47211],[92.77898,20.47826],[92.75099,20.49852],[92.72071,20.59223],[92.63502,20.69798],[92.70826,20.57868],[92.73748,20.44477],[92.73121,20.25918],[92.65317,20.41828],[92.53989,20.52753],[92.50701,20.60928],[92.45362,20.66852],[92.38111,20.70014],[92.28102,20.95942],[92.27052,21.04902],[92.18076,21.15788],[92.17828,21.29974],[92.23626,21.41709],[92.28453,21.41906],[92.32266,21.4619],[92.3547,21.45182],[92.40028,21.371],[92.52451,21.36113],[92.57061,21.24728],[92.63376,21.28222],[92.63923,21.3187],[92.59024,21.49554],[92.57557,21.73397],[92.59304,21.88693],[92.58384,21.98031]]],[[[98.03761,9.79072],[98.00807,9.80744],[98.03028,9.8334],[98.0569,9.81436],[98.05746,9.79686],[98.03761,9.79072]]],[[[98.22185,10.49811],[98.19272,10.48241],[98.18531,10.50117],[98.202,10.52432],[98.23365,10.52936],[98.22185,10.49811]]],[[[98.42954,10.97773],[98.45143,11.00194],[98.44028,10.96556],[98.42954,10.97773]]],[[[97.46453,11.78246],[97.44435,11.80024],[97.47967,11.77798],[97.46453,11.78246]]],[[[97.8353,12.79279],[97.85279,12.80654],[97.86354,12.76683],[97.83692,12.77245],[97.8353,12.79279]]],[[[98.28004,10.05101],[98.28826,10.00796],[98.26922,10.00259],[98.24391,9.96011],[98.17897,9.93281],[98.13347,9.84561],[98.1172,9.88202],[98.12745,9.96011],[98.23463,10.05418],[98.29566,10.05565],[98.28004,10.05101]]],[[[98.1858,10.04206],[98.17156,10.14814],[98.17897,10.19286],[98.24049,10.17235],[98.23365,10.14448],[98.20143,10.11807],[98.1858,10.04206]]],[[[97.9026,10.47932],[97.92506,10.47407],[97.94353,10.44379],[97.91774,10.43305],[97.9319,10.41201],[97.91017,10.40192],[97.88942,10.41999],[97.90406,10.43928],[97.89625,10.48754],[97.91147,10.49453],[97.9026,10.47932]]],[[[98.49366,10.8911],[98.55323,10.83283],[98.54152,10.79621],[98.50953,10.78661],[98.50416,10.8061],[98.52849,10.82005],[98.5005,10.82347],[98.4909,10.8808],[98.49366,10.8911]]],[[[97.89633,10.91328],[97.95183,10.91909],[97.92774,10.87198],[97.88356,10.84455],[97.89633,10.91328]]],[[[98.27068,10.81867],[98.27638,10.78449],[98.29566,10.78193],[98.28297,10.75654],[98.29566,10.73469],[98.25074,10.6931],[98.23219,10.70832],[98.23365,10.74095],[98.25554,10.7464],[98.23365,10.76826],[98.24049,10.83096],[98.19874,10.88166],[98.17897,10.89859],[98.17156,10.88496],[98.16529,10.91909],[98.14674,10.92451],[98.10027,10.88202],[98.0774,10.88809],[98.1312,10.94636],[98.14088,10.97744],[98.17189,10.97866],[98.21559,10.94452],[98.23178,10.87027],[98.27068,10.81867]]],[[[98.51881,10.9711],[98.50799,10.94636],[98.47706,10.9737],[98.51417,11.03579],[98.52467,11.08666],[98.54461,11.0312],[98.54152,10.9538],[98.51881,10.9711]]],[[[98.28102,11.24584],[98.30201,11.2412],[98.24732,11.2145],[98.21998,11.26911],[98.28142,11.27595],[98.28102,11.24584]]],[[[98.29184,11.7989],[98.32301,11.73127],[98.30201,11.71418],[98.27516,11.48078],[98.26775,11.48823],[98.26092,11.46776],[98.23365,11.5019],[98.22682,11.47394],[98.202,11.46625],[98.21998,11.45352],[98.17652,11.44916],[98.16529,11.47394],[98.19947,11.48823],[98.18751,11.53498],[98.21314,11.55341],[98.19947,11.58047],[98.24049,11.62482],[98.23846,11.68708],[98.27833,11.79979],[98.29184,11.7989]]],[[[98.54371,11.79898],[98.55551,11.7281],[98.549,11.62173],[98.52849,11.58047],[98.53533,11.52924],[98.459,11.58381],[98.43238,11.56672],[98.43165,11.60493],[98.4157,11.60444],[98.41863,11.63227],[98.3794,11.69111],[98.40553,11.70795],[98.37989,11.75092],[98.4131,11.77338],[98.37078,11.78925],[98.45281,11.78925],[98.44532,11.80362],[98.54371,11.79898]]],[[[98.08229,11.73469],[98.0617,11.67324],[98.08961,11.63227],[98.01173,11.70474],[98.02833,11.71719],[98.02247,11.7558],[98.00709,11.76195],[97.99977,11.84178],[98.01393,11.86498],[98.01393,11.8166],[98.05226,11.77603],[98.05795,11.72907],[98.08229,11.73469]]],[[[97.6644,11.90595],[97.66668,11.86343],[97.67189,11.83771],[97.65089,11.84455],[97.64283,11.86766],[97.6644,11.90595]]],[[[98.25416,11.85814],[98.26539,11.90852],[98.28484,11.89606],[98.27369,11.85334],[98.25416,11.85814]]],[[[98.26873,11.94229],[98.2461,11.92544],[98.22706,11.95392],[98.25221,11.97476],[98.26873,11.94229]]],[[[98.51987,12.00702],[98.65919,11.94868],[98.65821,11.9339],[98.5726,11.93163],[98.51588,11.8959],[98.47804,11.89094],[98.45973,11.93366],[98.47096,11.9881],[98.44028,12.01537],[98.43092,12.10065],[98.43914,12.11201],[98.47316,12.0773],[98.51987,12.00702]]],[[[98.09645,12.18716],[98.13746,12.19058],[98.13746,12.13874],[98.11671,12.16547],[98.07667,12.16193],[98.0394,12.20734],[98.04615,12.26203],[98.07252,12.28954],[98.11948,12.27558],[98.11988,12.23013],[98.09645,12.18716]]],[[[98.06446,12.35981],[98.03956,12.3225],[98.01051,12.31004],[98.00026,12.26903],[97.98243,12.30638],[97.94557,12.31004],[97.97104,12.34488],[97.96608,12.35847],[97.93816,12.33796],[97.93995,12.36628],[98.01783,12.40266],[98.00538,12.36734],[98.04176,12.35847],[98.04558,12.38906],[98.07594,12.4274],[98.1045,12.38304],[98.08774,12.36005],[98.06446,12.35981]]],[[[98.51686,12.47944],[98.50856,12.4103],[98.48211,12.41059],[98.47429,12.42499],[98.49985,12.51309],[98.51686,12.47944]]],[[[98.25685,12.5742],[98.28989,12.52631],[98.28289,12.50385],[98.26051,12.49527],[98.22975,12.52741],[98.25685,12.5742]]],[[[97.827,12.59072],[97.84571,12.59797],[97.86052,12.57001],[97.84995,12.53726],[97.82944,12.55707],[97.827,12.59072]]],[[[98.47071,12.55598],[98.46534,12.48066],[98.39129,12.36152],[98.34995,12.32591],[98.30201,12.33796],[98.33611,12.45091],[98.3156,12.49559],[98.33302,12.51923],[98.30274,12.59858],[98.3156,12.68744],[98.40553,12.63898],[98.39812,12.58747],[98.42547,12.52973],[98.45094,12.60399],[98.47071,12.55598]]],[[[98.30348,13.08299],[98.31853,13.09138],[98.33644,13.07388],[98.30201,13.02945],[98.3143,12.92552],[98.30201,12.91332],[98.24049,13.13931],[98.24732,13.21503],[98.26881,13.19892],[98.30348,13.08299]]],[[[97.93816,13.85179],[97.92506,13.7836],[97.91774,13.7836],[97.91871,13.85326],[97.93816,13.85179]]],[[[93.40016,14.09565],[93.37485,14.06468],[93.39031,14.15375],[93.39601,14.14045],[93.40016,14.09565]]],[[[93.67579,14.8592],[93.70387,14.90445],[93.72438,14.9138],[93.70444,14.871],[93.67579,14.8592]]],[[[97.66017,15.58039],[97.6644,15.5041],[97.65089,15.59223],[97.66017,15.58039]]],[[[94.82325,15.94579],[94.84156,15.87743],[94.80372,15.79658],[94.72486,15.81196],[94.82325,15.94579]]],[[[94.66749,16.17194],[94.62965,16.07518],[94.56959,16.00519],[94.47804,15.96613],[94.47836,15.94233],[94.40268,15.83926],[94.41725,15.87177],[94.38234,15.96963],[94.38966,16.00092],[94.48536,16.05899],[94.51881,16.12043],[94.64283,16.24551],[94.66212,16.22187],[94.66749,16.17194]]],[[[97.58855,16.39985],[97.57136,16.22269],[97.54746,16.19993],[97.51686,16.20982],[97.51051,16.25422],[97.45927,16.30136],[97.48487,16.36392],[97.45476,16.43692],[97.45965,16.47736],[97.52052,16.51089],[97.60629,16.48355],[97.61061,16.44623],[97.58855,16.39985]]],[[[93.74244,18.8723],[93.75603,18.73151],[93.73194,18.68968],[93.69313,18.67377],[93.64527,18.67935],[93.49781,18.84089],[93.48414,18.87499],[93.57716,18.8819],[93.62176,18.91035],[93.66334,18.8732],[93.74244,18.8723]]],[[[93.97364,19.40274],[93.96583,19.36302],[93.89894,19.30329],[93.87517,19.31391],[93.86492,19.28286],[93.80274,19.27668],[93.74985,19.33332],[93.72535,19.38687],[93.73048,19.41926],[93.66912,19.44648],[93.64178,19.49201],[93.68816,19.55948],[93.72364,19.55638],[93.82,19.4715],[93.88022,19.47919],[93.95623,19.43252],[93.97364,19.40274]]],[[[93.49879,19.88703],[93.51197,19.74584],[93.44068,19.81094],[93.40284,19.95307],[93.44264,19.93814],[93.49879,19.88703]]],[[[92.95289,20.06306],[93.01466,19.90558],[93.02491,19.82783],[93.00123,19.90664],[92.90943,20.06509],[92.91684,20.08894],[92.95289,20.06306]]]]}},{"type":"Feature","properties":{"name":"Bangladesh","adm0_a3":"BGD"},"geometry":{"type":"MultiPolygon","coordinates":[[[[92.59024,21.91716],[92.57557,21.73397],[92.59024,21.49554],[92.63923,21.3187],[92.63376,21.28222],[92.57061,21.24728],[92.52451,21.36113],[92.40028,21.371],[92.3547,21.45182],[92.32266,21.4619],[92.28453,21.41906],[92.23626,21.41709],[92.17828,21.29974],[92.17497,21.17561],[92.22427,21.09318],[92.26515,21.0611],[92.26148,20.94025],[92.33326,20.76773],[92.32553,20.73872],[92.20973,20.93081],[92.18629,21.00584],[92.13412,21.04751],[92.0525,21.15477],[92.04526,21.29955],[91.95297,21.44184],[91.94972,21.4584],[91.96339,21.45214],[91.98292,21.48884],[92.01791,21.49311],[91.99,21.562],[92.03582,21.64045],[92.02931,21.7049],[92.00074,21.64981],[91.9839,21.65013],[91.9839,21.70539],[91.96266,21.68952],[91.94972,21.71597],[91.95297,21.73835],[91.99,21.76],[91.9603,21.76382],[91.99,21.79483],[91.89926,21.7895],[91.91139,21.8347],[91.92937,21.84317],[91.92555,21.86286],[91.94972,21.88418],[91.9157,21.86245],[91.85524,22.1092],[91.85353,22.14362],[91.8672,22.1374],[91.85328,22.14875],[91.83985,22.11689],[91.813,22.18032],[91.8169,22.22028],[91.83985,22.24665],[91.80885,22.30634],[91.87403,22.336],[91.90805,22.42475],[91.88771,22.42475],[91.87745,22.36335],[91.79135,22.30191],[91.82634,22.26777],[91.82594,22.24848],[91.78712,22.23794],[91.74366,22.41108],[91.67604,22.53461],[91.54811,22.70034],[91.46241,22.76191],[91.45834,22.79706],[91.49049,22.90453],[91.46241,22.83344],[91.41676,22.79999],[91.41472,22.75373],[91.34645,22.77485],[91.36744,22.76166],[91.36012,22.74339],[91.29078,22.73843],[91.33277,22.7202],[91.31739,22.69721],[91.2448,22.69839],[91.24342,22.7202],[91.1819,22.72647],[91.19923,22.6988],[91.16896,22.68488],[91.25343,22.66071],[91.2645,22.64082],[91.24157,22.5754],[91.20274,22.54322],[91.12734,22.52703],[91.0892,22.54443],[91.01832,22.68309],[91.00375,22.67866],[91.03224,22.63687],[91.03793,22.58861],[90.98512,22.57437],[90.94174,22.58588],[90.87648,22.68281],[90.83595,22.68488],[90.81951,22.72647],[90.79493,22.74136],[90.71746,22.94062],[90.6294,23.0644],[90.64015,23.18887],[90.66733,23.26765],[90.65089,23.30024],[90.66114,23.32225],[90.62843,23.32152],[90.61134,23.34248],[90.60027,23.44994],[90.63331,23.48676],[90.71502,23.49836],[90.71583,23.53514],[90.70558,23.55451],[90.67823,23.55508],[90.70216,23.52839],[90.69532,23.50788],[90.66676,23.51822],[90.60776,23.49112],[90.59205,23.56249],[90.63331,23.59662],[90.61199,23.60611],[90.55877,23.5904],[90.56446,23.5764],[90.54721,23.56379],[90.47633,23.58295],[90.49838,23.55728],[90.57683,23.5395],[90.57895,23.44986],[90.55193,23.38496],[90.32244,23.4333],[90.25034,23.46695],[90.24936,23.45539],[90.38852,23.37238],[90.42848,23.32612],[90.5691,23.29499],[90.61085,23.23078],[90.61451,23.19546],[90.59352,23.21988],[90.59913,23.1175],[90.57195,23.08173],[90.55372,23.07856],[90.55877,23.11066],[90.5228,23.08015],[90.45362,23.07233],[90.4489,23.05573],[90.46827,22.99608],[90.51043,22.9182],[90.54005,22.89655],[90.52003,22.88019],[90.47633,22.8841],[90.43605,22.8006],[90.40797,22.79466],[90.41993,22.76826],[90.3943,22.77485],[90.37257,22.76142],[90.43523,22.7333],[90.44459,22.75165],[90.46168,22.74885],[90.49293,22.70991],[90.51271,22.61148],[90.45924,22.57929],[90.44207,22.49364],[90.4725,22.57559],[90.5241,22.58308],[90.55974,22.56232],[90.60662,22.46577],[90.58619,22.47321],[90.61842,22.37665],[90.61346,22.31489],[90.55795,22.20336],[90.50115,22.1767],[90.45004,22.0808],[90.40846,22.08592],[90.38746,22.10261],[90.42164,22.19888],[90.4109,22.28425],[90.3943,22.28824],[90.39088,22.20881],[90.41285,22.17805],[90.38006,22.14362],[90.36988,22.08983],[90.3322,22.03807],[90.27272,21.85741],[90.18482,21.80097],[90.09295,21.83027],[90.09539,21.85944],[90.11248,21.85627],[90.12623,21.93195],[90.09848,21.87861],[90.0669,21.85342],[90.02442,21.86245],[90.03395,21.94355],[90.08578,22.00023],[90.10564,22.05427],[90.16407,22.11323],[90.21616,22.12324],[90.23911,22.17227],[90.2361,22.19888],[90.20582,22.13296],[90.14828,22.11078],[90.08888,22.05117],[90.05795,21.99372],[90.0381,21.98656],[89.99635,22.00023],[90.01075,22.0412],[90.03541,22.0598],[90.04274,22.13125],[90.07838,22.16405],[90.05258,22.15546],[90.02442,22.08902],[89.98276,22.04462],[89.98276,21.98656],[89.96778,21.97456],[89.93442,21.99771],[89.8768,22.27473],[89.90016,22.33393],[90.0101,22.49022],[89.94744,22.43968],[89.92042,22.39183],[89.8729,22.41861],[89.88038,22.34223],[89.83872,22.26777],[89.86134,22.211],[89.87135,22.09186],[89.8462,22.07062],[89.79721,22.076],[89.84791,22.03388],[89.8462,21.97232],[89.88722,21.90009],[89.88038,21.88418],[89.78639,21.82892],[89.76588,21.84675],[89.70916,21.83006],[89.66131,21.84935],[89.66334,21.89631],[89.64698,21.92512],[89.61899,21.86986],[89.70069,21.78486],[89.66822,21.75088],[89.59547,21.76],[89.60597,21.71906],[89.58692,21.70083],[89.53712,21.75381],[89.52735,21.81281],[89.56446,21.88418],[89.5713,22.03124],[89.60597,22.11323],[89.56723,22.20283],[89.60597,22.2569],[89.62648,22.336],[89.58082,22.27725],[89.58619,22.24543],[89.54916,22.20527],[89.57936,22.11323],[89.55144,21.99404],[89.53289,21.98469],[89.52345,22.04462],[89.53712,22.08902],[89.49204,22.18838],[89.49301,22.2735],[89.47576,22.29507],[89.47576,22.10261],[89.49415,22.13687],[89.51832,22.081],[89.49041,22.02399],[89.52182,21.96231],[89.51254,21.90912],[89.46461,21.8592],[89.46583,21.78132],[89.40642,21.71735],[89.36964,21.74331],[89.3659,21.82892],[89.38697,21.90119],[89.35222,21.97232],[89.35597,21.89252],[89.30128,21.80939],[89.28395,21.82209],[89.29469,21.7578],[89.27369,21.6988],[89.29754,21.67813],[89.24871,21.6459],[89.21046,21.65412],[89.22071,21.70942],[89.18767,21.81151],[89.15455,21.78685],[89.10467,21.81586],[89.07781,21.91425],[89.09148,22.00023],[89.05738,22.06509],[89.0762,22.17503],[89.00912,22.28562],[89.02354,22.29482],[89.00152,22.33368],[88.98948,22.39667],[89.0025,22.42799],[88.97098,22.52793],[88.92799,22.54813],[88.95641,22.58498],[88.90814,22.74078],[88.93688,22.78233],[88.94452,22.84801],[88.89347,22.87964],[88.83879,22.97581],[88.8513,23.07513],[88.95998,23.20269],[88.82267,23.23796],[88.7757,23.22163],[88.69658,23.25235],[88.68594,23.29331],[88.77017,23.48883],[88.75684,23.4988],[88.71942,23.4681],[88.60925,23.58879],[88.57142,23.59233],[88.56636,23.62874],[88.54155,23.63876],[88.56119,23.74101],[88.55271,23.77498],[88.57752,23.81852],[88.57762,23.85516],[88.65312,23.86978],[88.71415,23.92516],[88.70159,23.99528],[88.725,24.03838],[88.70092,24.04365],[88.6741,24.08264],[88.67808,24.15429],[88.7464,24.21408],[88.73751,24.2871],[88.71456,24.31542],[88.66015,24.33826],[88.63452,24.29412],[88.4754,24.31547],[88.4013,24.36942],[88.10995,24.50099],[88.08602,24.53672],[88.08184,24.59987],[88.05724,24.6341],[88.02179,24.6456],[88.05321,24.75498],[88.07698,24.76118],[88.08824,24.79614],[88.14096,24.84458],[88.11491,24.91641],[88.20245,24.9453],[88.23284,24.91827],[88.24276,24.8806],[88.32275,24.87468],[88.4258,25.05106],[88.4413,25.18973],[88.4754,25.1951],[88.55938,25.17076],[88.59912,25.19314],[88.63426,25.19226],[88.78422,25.16095],[88.81709,25.19681],[88.92416,25.16787],[88.90964,25.18916],[88.92788,25.19273],[88.92907,25.22942],[88.98494,25.28497],[88.97532,25.30264],[88.90287,25.30342],[88.842,25.33282],[88.79962,25.39561],[88.81492,25.4586],[88.77234,25.50196],[88.74195,25.51276],[88.74257,25.49519],[88.70619,25.49168],[88.66635,25.46289],[88.59359,25.49509],[88.53029,25.5002],[88.4754,25.56258],[88.42378,25.59224],[88.41944,25.65378],[88.25992,25.78902],[88.22746,25.80427],[88.12773,25.77491],[88.08757,25.83098],[88.0744,25.90814],[88.12587,26.0134],[88.15103,26.03133],[88.15641,26.06141],[88.13992,26.08533],[88.1638,26.14047],[88.21888,26.18016],[88.32627,26.21592],[88.3366,26.28181],[88.43169,26.36222],[88.49763,26.35271],[88.46114,26.45389],[88.35355,26.48459],[88.33562,26.44821],[88.3151,26.46505],[88.35283,26.57869],[88.38528,26.62354],[88.41102,26.5451],[88.46238,26.52882],[88.52682,26.47539],[88.59116,26.46123],[88.61152,26.43084],[88.65627,26.41513],[88.65224,26.39152],[88.71224,26.32826],[88.64583,26.27602],[88.6634,26.26444],[88.74795,26.2925],[88.78402,26.27995],[88.82484,26.22657],[88.87579,26.27736],[88.97532,26.22434],[89.01946,26.23447],[89.03971,26.24718],[89.03434,26.26579],[89.00436,26.27571],[89.00798,26.29716],[88.98173,26.29183],[88.96602,26.32847],[88.91243,26.34894],[88.89125,26.38578],[88.94101,26.43942],[89.04374,26.38108],[89.05522,26.34702],[89.10291,26.32734],[89.0948,26.30951],[89.06886,26.31426],[89.06943,26.28739],[89.10338,26.22517],[89.11919,26.14662],[89.21262,26.09898],[89.23763,26.0581],[89.3353,25.99857],[89.39142,26.01547],[89.41127,25.9932],[89.48563,25.99872],[89.51818,25.96209],[89.5417,25.95971],[89.55916,26.02224],[89.61136,26.07221],[89.56702,26.08709],[89.60422,26.12073],[89.56278,26.14259],[89.58676,26.1692],[89.61441,26.16419],[89.61332,26.21938],[89.65301,26.22269],[89.6558,26.1613],[89.71848,26.14554],[89.74985,26.08389],[89.75584,26.03242],[89.78943,25.98798],[89.81414,25.99614],[89.82866,25.9794],[89.79202,25.94912],[89.83439,25.93175],[89.78313,25.81445],[89.83439,25.63477],[89.82323,25.48914],[89.79502,25.37416],[89.81904,25.28497],[89.90813,25.29691],[90.13008,25.21159],[90.36464,25.14999],[90.62344,25.17144],[90.70767,25.15299],[90.75397,25.16756],[90.82198,25.14229],[91.2357,25.20192],[91.43187,25.13795],[91.48075,25.13526],[91.56612,25.15996],[91.5962,25.12891],[91.63868,25.12405],[91.66203,25.1272],[91.67743,25.15263],[91.71071,25.14467],[91.73014,25.16746],[92.034,25.18167],[92.09291,25.16472],[92.11616,25.13945],[92.1727,25.13196],[92.23368,25.08496],[92.30354,25.07428],[92.48379,24.92822],[92.49454,24.89486],[92.47769,24.86391],[92.38075,24.8367],[92.29042,24.8913],[92.25218,24.90298],[92.22303,24.89138],[92.23378,24.77753],[92.1636,24.5592],[92.11089,24.51429],[92.10759,24.40598],[92.06273,24.37102],[91.94997,24.37539],[91.97219,24.31606],[91.92186,24.34451],[91.89985,24.33805],[91.90594,24.26064],[91.87711,24.15804],[91.84424,24.15532],[91.81376,24.18312],[91.80704,24.22113],[91.73293,24.23428],[91.73262,24.16431],[91.70368,24.14295],[91.66617,24.15592],[91.62906,24.21532],[91.60602,24.11886],[91.58183,24.0961],[91.51754,24.0852],[91.36303,24.09985],[91.33906,23.99523],[91.27415,23.98823],[91.21627,23.90839],[91.22816,23.84498],[91.20521,23.77157],[91.19498,23.75517],[91.14175,23.7399],[91.13235,23.72065],[91.13659,23.69889],[91.17524,23.67031],[91.16646,23.65409],[91.13969,23.65357],[91.14082,23.6121],[91.19508,23.49518],[91.22733,23.46878],[91.25813,23.37364],[91.28728,23.35555],[91.26578,23.32935],[91.31353,23.10105],[91.3374,23.07107],[91.37089,23.06278],[91.3557,23.22414],[91.37213,23.26189],[91.39435,23.26266],[91.4636,23.18412],[91.52364,22.99521],[91.57677,22.96881],[91.58607,22.94447],[91.61666,22.97806],[91.70699,22.99537],[91.79556,23.0895],[91.74368,23.27233],[91.81768,23.40092],[91.90512,23.44663],[91.94078,23.49518],[91.91597,23.65016],[91.92269,23.72297],[92.01901,23.64006],[92.05963,23.65949],[92.10841,23.71824],[92.15079,23.73165],[92.1943,23.64814],[92.2221,23.70778],[92.25931,23.70649],[92.2528,23.60931],[92.30148,23.4318],[92.34861,23.3541],[92.35749,23.27894],[92.32762,23.17143],[92.35987,22.92661],[92.42633,22.87106],[92.44204,22.76293],[92.49588,22.69562],[92.50084,22.56054],[92.57702,22.16867],[92.57557,22.1433],[92.53733,22.12862],[92.59024,21.91716]]],[[[91.93873,21.71483],[91.9839,21.6092],[91.97022,21.52359],[91.96111,21.50617],[91.89454,21.50678],[91.89967,21.48603],[91.87713,21.48102],[91.85524,21.51948],[91.87403,21.58186],[91.84791,21.68879],[91.85353,21.72582],[91.87232,21.75483],[91.89796,21.74331],[91.88771,21.68496],[91.90952,21.72679],[91.90122,21.77432],[91.93556,21.78116],[91.93873,21.71483]]],[[[89.13901,21.76683],[89.1325,21.72162],[89.05152,21.7932],[89.06381,21.84146],[89.04566,21.91706],[89.06764,21.90436],[89.09278,21.7934],[89.13901,21.76683]]],[[[91.88445,21.85029],[91.84108,21.73542],[91.83253,21.72582],[91.83253,21.8767],[91.8672,21.93195],[91.88445,21.85029]]],[[[90.59352,21.98656],[90.60662,21.93879],[90.58082,21.9125],[90.5656,21.91767],[90.54078,21.87592],[90.50359,21.86245],[90.5315,21.8767],[90.51043,21.89785],[90.52198,21.93879],[90.59352,21.98656]]],[[[90.35402,21.97675],[90.3943,22.00023],[90.34156,21.8603],[90.32293,21.8439],[90.32252,21.91669],[90.35402,21.97675]]],[[[90.38746,22.04804],[90.34596,21.97232],[90.33961,21.97232],[90.35865,22.02269],[90.38746,22.04804]]],[[[90.42848,22.04804],[90.48618,21.97679],[90.47633,21.94501],[90.4319,21.90778],[90.40235,21.90689],[90.3943,21.93879],[90.41554,22.03832],[90.42848,22.04804]]],[[[90.53834,22.06851],[90.48365,22.03498],[90.5031,22.09634],[90.61346,22.16405],[90.59352,22.10261],[90.58619,22.13056],[90.55974,22.02375],[90.51954,21.9947],[90.50359,22.02412],[90.53834,22.06851]]],[[[90.94711,22.21162],[90.95672,22.14484],[90.94898,22.12165],[90.92937,22.11689],[90.92026,22.16006],[90.93556,22.21247],[90.94711,22.21162]]],[[[90.97641,22.18578],[90.98292,22.25918],[90.99692,22.25348],[90.97641,22.18578]]],[[[90.93718,22.23273],[90.95672,22.27766],[90.97641,22.36335],[90.9935,22.32233],[90.99008,22.2814],[90.95289,22.22675],[90.93718,22.23273]]],[[[91.1269,22.37486],[91.18141,22.2836],[91.18678,22.22776],[91.17058,22.19717],[91.14147,22.1462],[91.08241,22.10138],[91.02247,22.09488],[91.00511,22.11682],[91.05909,22.19204],[91.0748,22.38859],[91.1269,22.37486]]],[[[90.61362,22.42862],[90.60141,22.42918],[90.60157,22.44831],[90.63315,22.43163],[90.6587,22.37954],[90.66114,22.3559],[90.64747,22.38378],[90.64039,22.36603],[90.64015,22.30874],[90.61362,22.42862]]],[[[90.65349,22.48347],[90.66733,22.43903],[90.64747,22.42475],[90.65349,22.48347]]],[[[91.19999,22.51469],[91.21083,22.49552],[91.18024,22.45924],[91.13416,22.44948],[91.11371,22.46142],[91.12356,22.48915],[91.19999,22.51469]]],[[[91.55636,22.47821],[91.55518,22.40203],[91.50752,22.3968],[91.47605,22.41332],[91.42379,22.5253],[91.44676,22.5763],[91.46756,22.58631],[91.55636,22.47821]]],[[[90.76694,22.51753],[90.85502,22.43466],[90.83502,22.33962],[90.82789,22.15241],[90.77475,22.07591],[90.75734,22.06167],[90.75001,22.076],[90.69166,22.00702],[90.64747,21.99404],[90.63942,22.0161],[90.68181,22.10261],[90.62599,22.02717],[90.61004,22.02412],[90.60353,22.04401],[90.63331,22.12311],[90.62224,22.14509],[90.63185,22.18212],[90.67848,22.28278],[90.688,22.37763],[90.64747,22.54828],[90.55877,22.60293],[90.55633,22.67471],[90.58546,22.76805],[90.65056,22.78742],[90.6841,22.69437],[90.74698,22.59691],[90.76694,22.51753]]],[[[90.5923,22.8819],[90.67823,22.80834],[90.59096,22.81392],[90.54656,22.78368],[90.52099,22.71176],[90.49285,22.75324],[90.45574,22.7674],[90.46608,22.85175],[90.48683,22.87043],[90.5923,22.8819]]],[[[90.64161,22.9523],[90.66733,22.9182],[90.62713,22.92504],[90.58872,22.96206],[90.5241,22.95303],[90.50807,22.97578],[90.528,23.00764],[90.58619,23.0349],[90.66733,22.95917],[90.64161,22.9523]]],[[[90.45574,23.06281],[90.51564,23.05195],[90.46949,23.00764],[90.45574,23.06281]]],[[[90.50611,23.3142],[90.46876,23.33161],[90.4297,23.38516],[90.5394,23.35],[90.58619,23.30174],[90.52955,23.33356],[90.50611,23.3142]]]]}},{"type":"Feature","properties":{"name":"Afghanistan","adm0_a3":"AFG"},"geometry":{"type":"Polygon","coordinates":[[[74.54742,37.01568],[74.53739,36.96224],[74.52137,36.9585],[74.45698,37.00438],[74.39404,36.99402],[74.23571,36.90217],[74.12967,36.89842],[74.09432,36.83124],[74.0353,36.81558],[73.94694,36.83088],[73.86508,36.87258],[73.77289,36.89201],[73.33178,36.88209],[73.2675,36.86654],[73.19184,36.87703],[73.0425,36.86426],[72.99051,36.84158],[72.94586,36.85222],[72.86773,36.83042],[72.6296,36.83295],[72.51674,36.8006],[72.45411,36.75796],[72.21361,36.72644],[72.15346,36.7021],[72.17165,36.65363],[72.0591,36.62712],[72.03884,36.58046],[71.97703,36.56304],[71.87471,36.49906],[71.77322,36.48005],[71.79441,36.4076],[71.78263,36.39654],[71.73632,36.39592],[71.6493,36.45276],[71.61044,36.45793],[71.54719,36.37163],[71.55835,36.32786],[71.47908,36.30052],[71.40275,36.23138],[71.31914,36.20058],[71.30209,36.16332],[71.22307,36.12539],[71.16592,36.04571],[71.17093,36.027],[71.25744,35.97155],[71.3564,35.93305],[71.36069,35.90029],[71.43102,35.8437],[71.47091,35.77994],[71.47556,35.74102],[71.51536,35.70149],[71.51401,35.66558],[71.48332,35.62656],[71.49272,35.60956],[71.59349,35.54936],[71.58171,35.49313],[71.62088,35.41014],[71.53158,35.32792],[71.52982,35.30089],[71.63793,35.18969],[71.60414,35.13817],[71.50895,35.07202],[71.51132,35.00872],[71.46957,34.9497],[71.28948,34.87503],[71.20308,34.74816],[71.0806,34.67292],[71.06582,34.55846],[70.98583,34.55619],[70.95699,34.532],[70.96123,34.48761],[70.99151,34.44307],[71.05094,34.38979],[71.12205,34.35682],[71.12639,34.33222],[71.09709,34.26246],[71.10809,34.16523],[71.06277,34.10531],[71.06262,34.05425],[70.93973,34.00092],[70.88433,34.00705],[70.86222,33.96478],[70.52198,33.9387],[70.32819,33.95728],[70.00284,34.04379],[69.91602,34.03888],[69.87261,34.01723],[69.87199,33.97152],[69.84109,33.9418],[69.84719,33.92695],[69.88543,33.88946],[69.95752,33.7527],[70.11813,33.71652],[70.13255,33.66143],[70.17409,33.63211],[70.15497,33.50661],[70.28572,33.38287],[70.30158,33.35179],[70.29445,33.31895],[70.12479,33.19903],[70.048,33.19407],[69.99472,33.12733],[69.95581,33.1277],[69.88093,33.08925],[69.83871,33.08666],[69.77184,33.11478],[69.66777,33.077],[69.54752,33.07501],[69.48773,33.02837],[69.4685,32.99429],[69.48721,32.88588],[69.47729,32.85683],[69.37631,32.77188],[69.38324,32.74446],[69.41466,32.72558],[69.42602,32.65509],[69.36122,32.56848],[69.28195,32.5328],[69.23286,32.46267],[69.228,32.4213],[69.2681,32.30134],[69.25105,32.13065],[69.29885,31.93769],[69.22376,31.88193],[69.11431,31.73775],[69.04011,31.67311],[68.97727,31.64148],[68.94099,31.64365],[68.80384,31.60257],[68.70545,31.70127],[68.69491,31.75636],[68.67579,31.7747],[68.52748,31.82297],[68.41875,31.78302],[68.43957,31.76659],[68.5498,31.75352],[68.49802,31.72525],[68.35606,31.76251],[68.25504,31.76638],[68.20682,31.80788],[68.13856,31.82467],[68.04658,31.6884],[67.96606,31.63822],[67.84271,31.6235],[67.78116,31.56417],[67.69631,31.52082],[67.56898,31.52986],[67.55611,31.51219],[67.61146,31.4108],[67.65115,31.39529],[67.77036,31.39467],[67.76473,31.33406],[67.6928,31.32522],[67.58366,31.26522],[67.3462,31.20776],[67.21376,31.21226],[67.13676,31.24109],[67.03527,31.23592],[67.01527,31.24466],[67.02596,31.27303],[67.01682,31.30915],[66.94328,31.31473],[66.83848,31.27701],[66.75952,31.21479],[66.69699,31.19582],[66.66309,31.08312],[66.55003,30.97697],[66.39231,30.94462],[66.36626,30.92287],[66.26798,30.60139],[66.26493,30.55783],[66.31376,30.4783],[66.32182,30.43737],[66.30529,30.24477],[66.2193,30.05786],[66.34053,29.95657],[66.27521,29.88515],[66.19563,29.83534],[65.03637,29.54016],[64.82031,29.56789],[64.4777,29.57037],[64.1726,29.4843],[64.11338,29.3963],[64.08609,29.3866],[63.97199,29.42957],[63.5686,29.49748],[62.47751,29.40782],[62.37447,29.42487],[60.84438,29.85818],[61.80225,30.84706],[61.80019,30.96142],[61.82644,31.01496],[61.78768,31.15862],[61.74272,31.23954],[61.74231,31.32088],[61.68691,31.37318],[60.82174,31.49467],[60.7926,31.66008],[60.80531,31.73398],[60.7926,32.01128],[60.77493,32.02719],[60.81482,32.08786],[60.83032,32.24888],[60.56295,33.05827],[60.5676,33.15128],[60.75705,33.36634],[60.82908,33.41628],[60.83218,33.4845],[60.92086,33.5141],[60.89512,33.54113],[60.84603,33.55578],[60.65555,33.55989],[60.57483,33.5878],[60.51179,33.63839],[60.48688,33.71138],[60.52802,33.84145],[60.48678,34.09428],[60.49277,34.13903],[60.55241,34.22006],[60.65059,34.28535],[60.64367,34.30664],[60.89047,34.31891],[60.77937,34.45508],[60.69968,34.5164],[60.73927,34.54802],[60.83849,34.57091],[60.89544,34.62833],[60.94752,34.63799],[60.95993,34.7232],[61.00964,34.76098],[61.03476,34.80625],[61.06545,34.81472],[61.07475,34.93311],[61.11589,35.05988],[61.14731,35.1021],[61.13986,35.13966],[61.09635,35.1932],[61.11237,35.20204],[61.10245,35.25666],[61.12271,35.28767],[61.1871,35.30038],[61.19506,35.39009],[61.29004,35.54806],[61.26968,35.6185],[61.35153,35.6278],[61.35153,35.60713],[61.38347,35.58646],[61.39318,35.55359],[61.4277,35.54284],[61.5387,35.45231],[61.60475,35.4306],[61.73962,35.41376],[61.91935,35.45184],[62.00746,35.43892],[62.13634,35.34136],[62.2337,35.29376],[62.25122,35.26038],[62.25096,35.20235],[62.2862,35.14065],[62.43188,35.28064],[62.4589,35.28188],[62.53549,35.22736],[62.60453,35.2194],[62.69362,35.24839],[62.76049,35.30245],[62.91821,35.38818],[63.08021,35.43706],[63.10073,35.52496],[63.07737,35.55876],[63.07665,35.6247],[63.1799,35.66646],[63.21442,35.69927],[63.11204,35.76991],[63.0844,35.82608],[63.10409,35.85647],[63.34293,35.85626],[63.43022,35.87104],[63.51109,35.90184],[63.58209,35.95905],[63.76591,35.97729],[63.88983,36.02964],[63.94998,36.02886],[64.04511,35.99873],[64.03622,36.0764],[64.05726,36.10524],[64.1587,36.16028],[64.26613,36.15247],[64.30365,36.21154],[64.4777,36.27164],[64.59438,36.42419],[64.6105,36.50093],[64.5888,36.60045],[64.60482,36.66055],[64.77876,36.93847],[64.75561,37.05363],[64.77876,37.11805],[65.06309,37.23323],[65.50141,37.24228],[65.53686,37.25711],[65.62409,37.34514],[65.62099,37.4304],[65.65871,37.51027],[65.68103,37.52639],[65.73943,37.52905],[65.76144,37.57838],[65.80433,37.5653],[65.85518,37.50794],[66.07967,37.44087],[66.14292,37.38506],[66.21847,37.3748],[66.29443,37.33121],[66.4135,37.34963],[66.45106,37.32294],[66.53902,37.36909],[66.6941,37.34341],[66.73498,37.3633],[67.00592,37.38439],[67.09738,37.34059],[67.12332,37.28196],[67.18782,37.25824],[67.23675,37.19241],[67.25913,37.18515],[67.39116,37.21959],[67.50314,37.28196],[67.52614,37.27289],[67.56138,37.2199],[67.59229,37.24718],[67.63316,37.25406],[67.6775,37.23354],[67.74659,37.22941],[67.78054,37.18887],[67.77305,37.10998],[67.80804,37.08324],[67.87811,37.06443],[68.02022,36.92568],[68.18641,37.01831],[68.27778,37.01007],[68.28832,37.10321],[68.30728,37.11422],[68.39188,37.10544],[68.41802,37.12828],[68.40371,37.15164],[68.52386,37.16466],[68.55145,37.19262],[68.6269,37.20626],[68.6486,37.24437],[68.67124,37.24718],[68.65754,37.26767],[68.66886,37.27829],[68.75961,37.27524],[68.82038,37.25091],[68.8102,37.31209],[68.83583,37.32914],[68.85676,37.32491],[68.8903,37.28196],[68.91582,37.27907],[68.91763,37.30243],[68.88787,37.33814],[68.98522,37.32036],[69.12362,37.1692],[69.24568,37.10389],[69.31208,37.11748],[69.40773,37.17747],[69.44215,37.22362],[69.4452,37.23641],[69.40985,37.24566],[69.41791,37.26767],[69.37704,37.38066],[69.37838,37.43741],[69.4254,37.49425],[69.49145,37.53699],[69.50866,37.57897],[69.66498,37.57616],[69.75427,37.59667],[69.80223,37.58151],[69.91881,37.61714],[69.9554,37.57548],[70.00759,37.54885],[70.12914,37.53228],[70.15787,37.54143],[70.21647,37.61714],[70.2483,37.62334],[70.28308,37.70483],[70.27512,37.77418],[70.24716,37.81917],[70.196,37.83991],[70.1652,37.88991],[70.17213,37.94608],[70.21471,37.92926],[70.26153,37.93929],[70.25393,37.97339],[70.4703,38.12052],[70.5472,38.26265],[70.58306,38.27508],[70.60001,38.34707],[70.64135,38.3542],[70.68476,38.38665],[70.66487,38.40541],[70.74181,38.41944],[70.77726,38.44647],[70.84304,38.44016],[70.871,38.45321],[70.93622,38.433],[70.95074,38.47305],[70.99823,38.46566],[71.0498,38.40866],[71.1174,38.39864],[71.2177,38.32583],[71.33438,38.28066],[71.35816,38.25126],[71.35909,38.18411],[71.27263,37.99799],[71.25826,37.92647],[71.34115,37.8933],[71.5012,37.94621],[71.53706,37.94446],[71.59773,37.89836],[71.59029,37.81573],[71.52952,37.76113],[71.54254,37.71956],[71.49716,37.56654],[71.51122,37.48588],[71.48714,37.40909],[71.49386,37.30754],[71.48704,37.26706],[71.45014,37.21667],[71.43112,37.06699],[71.45996,37.01074],[71.46306,36.94808],[71.52848,36.85615],[71.55287,36.76959],[71.61106,36.70484],[71.65302,36.68701],[71.74852,36.67864],[71.83658,36.69916],[72.25981,36.96731],[72.40595,37.00767],[72.47499,36.99748],[72.65771,37.02883],[72.79073,37.22026],[72.90225,37.2538],[72.99558,37.3093],[73.06751,37.31506],[73.1321,37.38439],[73.17024,37.40826],[73.21148,37.40826],[73.29633,37.46495],[73.37839,37.45255],[73.44061,37.47994],[73.48526,37.48097],[73.6745,37.43105],[73.75346,37.42839],[73.7391,37.33834],[73.69042,37.30522],[73.63099,37.29599],[73.5973,37.26181],[73.61766,37.23318],[73.68049,37.24246],[73.70923,37.21701],[73.79821,37.22853],[73.83625,37.25674],[74.18765,37.33839],[74.22392,37.40335],[74.30382,37.40017],[74.3156,37.42692],[74.37813,37.39376],[74.52117,37.3756],[74.66038,37.39397],[74.78854,37.33116],[74.86264,37.2446],[74.89231,37.23111],[74.79402,37.21393],[74.73738,37.29612],[74.72146,37.29778],[74.62328,37.2308],[74.59,37.24336],[74.50008,37.23163],[74.45667,37.17732],[74.36831,37.16706],[74.38257,37.12657],[74.47662,37.08314],[74.54742,37.01568]]]}},{"type":"Feature","properties":{"name":"Turkmenistan","adm0_a3":"TKM"},"geometry":{"type":"MultiPolygon","coordinates":[[[[61.26968,35.6185],[61.22916,35.6986],[61.24973,35.72247],[61.25634,35.7695],[61.24105,35.89388],[61.18834,35.95357],[61.12984,35.97052],[61.17397,36.00648],[61.17397,36.04803],[61.19816,36.0608],[61.22472,36.12369],[61.18544,36.28399],[61.15351,36.31494],[61.14669,36.35726],[61.17397,36.48682],[61.16632,36.51385],[61.18761,36.56511],[61.16581,36.63632],[61.07548,36.64779],[60.34229,36.63714],[60.30922,36.65198],[60.23852,36.76975],[60.13259,36.87341],[60.01921,37.0258],[59.89953,37.05056],[59.79721,37.11221],[59.65324,37.14967],[59.60497,37.12388],[59.55598,37.19778],[59.5012,37.19021],[59.46172,37.2076],[59.46937,37.2407],[59.37036,37.31943],[59.34835,37.40929],[59.36199,37.43921],[59.3563,37.48063],[59.31228,37.53035],[59.21171,37.51632],[59.03457,37.62453],[58.80109,37.69465],[58.7798,37.65964],[58.68172,37.64272],[58.52979,37.70039],[58.47966,37.64411],[58.35781,37.63331],[58.20681,37.67874],[58.18118,37.77485],[58.15669,37.78819],[58.04093,37.8057],[57.88415,37.86534],[57.80002,37.86764],[57.76302,37.89939],[57.69119,37.92027],[57.49626,37.92231],[57.3524,37.96753],[57.32707,37.99412],[57.34433,38.08106],[57.21835,38.26508],[57.18589,38.27648],[57.14662,38.26981],[57.1028,38.22201],[57.03841,38.18728],[56.81238,38.22896],[56.72938,38.27105],[56.58521,38.23457],[56.52816,38.25741],[56.43648,38.25508],[56.30336,38.17943],[56.29706,38.16578],[56.329,38.12377],[56.31546,38.08946],[56.21407,38.06884],[56.12146,38.08646],[55.96302,38.06652],[55.73844,38.1186],[55.4474,38.08367],[55.30746,38.00879],[55.2288,37.9858],[55.21971,37.96998],[55.13031,37.95231],[55.0068,37.84309],[54.85663,37.76113],[54.81364,37.71863],[54.78728,37.65186],[54.8094,37.60334],[54.78831,37.52464],[54.65396,37.4389],[54.53334,37.44082],[54.36415,37.36268],[54.26152,37.35483],[54.20644,37.3246],[53.91375,37.34276],[53.89967,37.46841],[53.82488,37.74486],[53.80714,38.03197],[53.8589,38.20649],[53.86818,38.30801],[53.827,38.52546],[53.84742,38.64631],[53.90984,38.7377],[53.92693,38.77367],[53.917,38.80353],[53.98276,38.916],[53.89666,38.97419],[53.85971,39.03522],[53.78736,39.04247],[53.76726,39.03099],[53.72185,39.1114],[53.71217,39.10432],[53.73211,39.05671],[53.70151,39.07852],[53.69801,39.15233],[53.73211,39.1728],[53.7024,39.17512],[53.72462,39.24168],[53.66,39.20038],[53.67408,39.1933],[53.68377,39.08344],[53.636,39.13866],[53.62338,39.19164],[53.60174,39.1933],[53.60857,39.23578],[53.59832,39.24168],[53.56764,39.1933],[53.58814,39.30317],[53.5608,39.28266],[53.58131,39.33047],[53.55397,39.32368],[53.56202,39.35334],[53.53346,39.33047],[53.45248,39.31806],[53.43727,39.33788],[53.38942,39.31061],[53.40317,39.33788],[53.2933,39.33047],[53.29689,39.34907],[53.23862,39.36465],[53.14991,39.34414],[53.19776,39.32368],[53.17026,39.27216],[53.18149,39.18936],[53.16147,39.17959],[53.13689,39.32144],[53.08522,39.40046],[53.17823,39.51569],[53.24171,39.6363],[53.27589,39.66486],[53.31373,39.65884],[53.24855,39.6079],[53.21127,39.5502],[53.21697,39.52505],[53.42677,39.53596],[53.4922,39.48078],[53.56788,39.46772],[53.58131,39.47793],[53.5608,39.50178],[53.57374,39.52729],[53.61541,39.49494],[53.68377,39.5222],[53.72462,39.50861],[53.73316,39.52798],[53.62916,39.5707],[53.65463,39.5821],[53.6465,39.6079],[53.57162,39.6164],[53.56446,39.65266],[53.53346,39.68049],[53.53972,39.63215],[53.47104,39.69636],[53.4441,39.70108],[53.45777,39.67308],[53.42986,39.68671],[53.43043,39.66771],[53.45094,39.63215],[53.41676,39.64997],[53.42986,39.76252],[53.3934,39.75751],[53.38201,39.76927],[53.41521,39.78205],[53.49928,39.86555],[53.48504,39.8854],[53.53712,39.89631],[53.52613,39.91266],[53.57447,39.96792],[53.49187,39.97476],[53.40211,40.00678],[53.28272,39.94001],[53.17237,39.99746],[53.12574,39.97476],[53.05356,39.96792],[53.08172,39.99527],[52.97486,39.97431],[52.9437,39.98159],[52.91358,40.02167],[52.89584,39.99828],[52.91993,39.96454],[52.93019,39.89594],[53.05356,39.76252],[53.00587,39.78294],[53.04005,39.74201],[53.00807,39.76634],[52.96632,39.83295],[52.90528,39.87458],[52.88412,39.94489],[52.73846,40.05362],[52.76832,40.1538],[52.69898,40.27387],[52.73658,40.48457],[52.86313,40.65811],[52.86818,40.69416],[52.82765,40.71149],[52.83253,40.74555],[52.86818,40.75556],[52.86199,40.79035],[52.92335,40.94115],[52.91652,41.08515],[52.96119,41.06098],[52.95818,41.01626],[53.01206,40.95478],[53.04005,40.88593],[53.07447,40.86542],[53.12192,40.87226],[53.06471,40.84398],[53.11891,40.76984],[53.1823,40.76846],[53.26588,40.81704],[53.24488,40.77497],[53.33082,40.77607],[53.36996,40.83519],[53.39869,40.76276],[53.48308,40.73705],[53.55535,40.7735],[53.56276,40.85297],[53.58741,40.89159],[53.62468,40.88703],[53.65699,40.86542],[53.64959,40.84492],[53.67066,40.81078],[53.64959,40.78352],[53.67644,40.7259],[53.72462,40.68793],[53.70476,40.65009],[53.72104,40.62568],[53.86264,40.62617],[53.94776,40.67365],[54.01075,40.65786],[54.08814,40.6822],[54.09522,40.69782],[54.05421,40.71528],[54.17107,40.72968],[54.23219,40.72834],[54.21754,40.69025],[54.2527,40.67658],[54.40358,40.67365],[54.36264,40.68793],[54.43043,40.72142],[54.31821,40.72163],[54.26881,40.83991],[54.27328,40.87226],[54.2483,40.87499],[54.25001,40.89061],[54.31251,40.9239],[54.36052,40.91706],[54.46583,40.86595],[54.43784,40.81704],[54.47495,40.80988],[54.6399,40.83877],[54.709,40.885],[54.76002,40.96503],[54.67799,41.07087],[54.76743,41.03677],[54.72006,41.08047],[54.7326,41.09813],[54.71608,41.11518],[54.6364,41.13296],[54.63502,41.16266],[54.60043,41.19233],[54.4004,41.30903],[54.29477,41.34748],[54.19077,41.40729],[54.14479,41.45978],[54.07398,41.48798],[54.03028,41.56948],[54.00856,41.76484],[53.9323,41.88426],[53.89877,41.90534],[53.917,42.0069],[53.90691,42.06293],[53.8187,42.12442],[53.76791,42.13614],[53.72462,42.12604],[53.68181,42.14395],[53.37517,42.10554],[53.29672,42.07884],[53.21974,42.08145],[53.16383,42.1037],[52.9603,41.98436],[52.82146,41.76488],[52.78207,41.72553],[52.76922,41.6756],[52.78468,41.66307],[52.83082,41.70148],[52.88054,41.6979],[52.91652,41.67422],[52.89601,41.62954],[52.89894,41.56598],[52.81349,41.37934],[52.844,41.24018],[52.90968,41.12271],[52.88234,41.05044],[52.84832,41.0777],[52.85108,41.16332],[52.81349,41.22175],[52.81349,41.26264],[52.761,41.37759],[52.7234,41.39423],[52.69361,41.44452],[52.64625,41.4582],[52.56218,41.51948],[52.56023,41.54385],[52.58774,41.58271],[52.59254,41.64574],[52.56023,41.68781],[52.52955,41.69123],[52.43767,41.74888],[52.76466,41.99377],[52.97871,42.12663],[53.41227,42.25817],[54.04717,42.3454],[54.12262,42.3376],[54.19528,42.31806],[54.73829,42.04821],[54.90707,41.93214],[54.94076,41.88962],[54.93497,41.83373],[54.95068,41.79556],[55.10003,41.64415],[55.22839,41.47282],[55.35676,41.38905],[55.42952,41.29081],[55.4783,41.26678],[55.6355,41.26436],[55.91011,41.32663],[56.79346,41.28833],[57.01019,41.25412],[57.08006,41.32203],[57.1614,41.36797],[57.07417,41.39499],[57.0196,41.46595],[57.01205,41.55783],[56.96048,41.6472],[56.97195,41.74854],[56.95015,41.86605],[56.97836,41.89512],[57.11551,41.95209],[57.2078,42.07056],[57.28821,42.12942],[57.38226,42.16363],[57.61977,42.14818],[57.85045,42.19143],[57.8273,42.22737],[57.88807,42.26158],[57.93748,42.35424],[57.90864,42.43043],[58.01602,42.49971],[58.0799,42.4973],[58.13323,42.45457],[58.20382,42.4695],[58.32505,42.43186],[58.38468,42.38783],[58.3976,42.28786],[58.49062,42.29757],[58.30624,42.52867],[58.14573,42.59257],[58.12134,42.62425],[58.14883,42.649],[58.25828,42.68951],[58.44184,42.64784],[58.53455,42.6545],[58.58788,42.79119],[58.89442,42.54784],[59.00924,42.51846],[59.122,42.538],[59.14608,42.52676],[59.22381,42.46087],[59.25843,42.34754],[59.36158,42.32579],[59.42648,42.28677],[59.68951,42.3098],[59.86635,42.30422],[59.96071,42.22272],[60.0282,42.19952],[60.03699,42.1697],[59.98366,42.14559],[59.97446,42.09924],[59.9972,42.01062],[59.91927,41.98966],[59.90645,41.96661],[59.93177,41.94765],[59.98366,41.94904],[60.08877,41.91936],[60.16752,41.84959],[60.22891,41.81962],[60.25268,41.78006],[60.2254,41.76546],[60.10241,41.79528],[60.04918,41.7535],[60.05828,41.71859],[60.16473,41.58496],[60.09259,41.54548],[60.07171,41.51437],[60.05921,41.43416],[60.09424,41.38952],[60.29992,41.30983],[60.41453,41.23526],[60.4781,41.21211],[60.65886,41.24379],[60.8603,41.25299],[60.93026,41.24022],[60.97801,41.20281],[61.01026,41.23723],[61.02277,41.21686],[61.09966,41.2241],[61.2026,41.16881],[61.28136,41.15728],[61.34399,41.19382],[61.3875,41.23578],[61.41075,41.292],[61.43318,41.30032],[61.65436,41.24942],[61.87791,41.12498],[61.9793,40.99884],[61.98271,40.88567],[62.03681,40.73633],[62.10006,40.66041],[62.13417,40.57783],[62.19184,40.49903],[62.35328,40.4304],[62.40506,40.24524],[62.43575,40.19419],[62.4216,40.11507],[62.45281,40.00924],[62.59316,39.89023],[63.47755,39.40292],[63.70927,39.19089],[64.15059,38.94946],[64.20598,38.94946],[64.28339,38.97969],[64.33734,38.97096],[64.42432,38.88295],[64.6349,38.74415],[64.97772,38.61227],[65.2053,38.44964],[65.60414,38.23741],[65.67163,38.21968],[65.7402,38.22408],[65.81436,38.26619],[65.87668,38.27296],[66.04349,38.22619],[66.13356,38.17529],[66.23108,38.14878],[66.30694,38.08039],[66.40833,38.04285],[66.59038,38.01298],[66.62434,37.99383],[66.64578,37.9459],[66.51881,37.78271],[66.51912,37.62525],[66.49349,37.52221],[66.54662,37.45079],[66.497,37.39774],[66.49483,37.37942],[66.51959,37.36418],[66.46993,37.32976],[66.45106,37.32294],[66.4135,37.34963],[66.29443,37.33121],[66.21847,37.3748],[66.16307,37.37689],[66.07967,37.44087],[65.85518,37.50794],[65.80433,37.5653],[65.76144,37.57838],[65.73943,37.52905],[65.68103,37.52639],[65.65871,37.51027],[65.62099,37.4304],[65.62409,37.34514],[65.53686,37.25711],[65.50141,37.24228],[65.06309,37.23323],[64.80791,37.13551],[64.76016,37.09262],[64.77876,36.93847],[64.76522,36.90462],[64.62136,36.69259],[64.592,36.62107],[64.6105,36.50093],[64.59438,36.42419],[64.4777,36.27164],[64.30365,36.21154],[64.26613,36.15247],[64.1587,36.16028],[64.05726,36.10524],[64.03622,36.0764],[64.04511,35.99873],[63.94998,36.02886],[63.88983,36.02964],[63.76591,35.97729],[63.58209,35.95905],[63.51109,35.90184],[63.43022,35.87104],[63.34293,35.85626],[63.10409,35.85647],[63.0844,35.82608],[63.11204,35.76991],[63.21442,35.69927],[63.1799,35.66646],[63.07665,35.6247],[63.07737,35.55876],[63.10073,35.52496],[63.08021,35.43706],[62.91821,35.38818],[62.76049,35.30245],[62.69362,35.24839],[62.60453,35.2194],[62.53549,35.22736],[62.4589,35.28188],[62.43188,35.28064],[62.2862,35.14065],[62.25096,35.20235],[62.25122,35.26038],[62.2337,35.29376],[62.13634,35.34136],[62.00746,35.43892],[61.91935,35.45184],[61.73962,35.41376],[61.60475,35.4306],[61.5387,35.45231],[61.4277,35.54284],[61.39318,35.55359],[61.38347,35.58646],[61.35153,35.60713],[61.35153,35.6278],[61.26968,35.6185]]],[[[53.02638,39.03937],[53.05763,39.09443],[53.0879,39.08812],[53.05885,39.06708],[53.05397,39.0268],[53.10206,38.75507],[53.04021,38.90668],[53.02638,39.03937]]],[[[53.47999,39.59333],[53.51295,39.59121],[53.53972,39.53962],[53.5062,39.50861],[53.48658,39.51634],[53.4629,39.5738],[53.47999,39.59333]]]]}},{"type":"Feature","properties":{"name":"Nepal","adm0_a3":"NPL"},"geometry":{"type":"Polygon","coordinates":[[[88.02995,27.89334],[88.16462,27.84536],[88.15966,27.77412],[88.11088,27.6395],[88.02334,27.49491],[88.04163,27.43807],[88.01476,27.37807],[88.03512,27.32257],[87.98934,27.21839],[87.96918,27.1108],[88.00949,27.04564],[88.05595,27.01804],[88.09682,26.95934],[88.15139,26.86281],[88.16783,26.76292],[88.16338,26.70514],[88.10168,26.58194],[88.07419,26.45394],[88.04432,26.40568],[88.00665,26.36986],[87.97549,26.36656],[87.91477,26.40826],[87.86981,26.46464],[87.8216,26.43751],[87.76899,26.45146],[87.72754,26.40376],[87.68119,26.42423],[87.58698,26.37803],[87.48032,26.4234],[87.41645,26.42697],[87.3564,26.40371],[87.32622,26.35333],[87.30049,26.34599],[87.2453,26.37023],[87.2191,26.4081],[87.13502,26.3942],[87.10629,26.40475],[87.06671,26.46562],[87.04133,26.58019],[86.97245,26.53197],[86.87597,26.49492],[86.82186,26.43813],[86.7382,26.44371],[86.7136,26.41456],[86.49491,26.52784],[86.35367,26.58262],[86.316,26.58096],[86.28443,26.61202],[86.19586,26.58267],[86.11586,26.60256],[86.01137,26.65445],[85.95215,26.64204],[85.82854,26.56613],[85.80973,26.60303],[85.781,26.5992],[85.71289,26.65321],[85.70183,26.79661],[85.59858,26.85438],[85.43962,26.78772],[85.38588,26.78844],[85.33704,26.74679],[85.30237,26.73734],[85.19493,26.75888],[85.16568,26.78627],[85.16202,26.85102],[85.12284,26.8657],[85.01856,26.8458],[85.01804,26.87443],[84.95273,26.89764],[84.92405,26.95567],[84.81749,27.0106],[84.7607,26.99902],[84.62727,27.03649],[84.62148,27.05799],[84.6544,27.12537],[84.65765,27.2034],[84.60655,27.31048],[84.57704,27.32903],[84.28941,27.37611],[84.22554,27.44039],[84.18585,27.43864],[84.11717,27.51328],[84.0796,27.50954],[84.00767,27.44081],[83.92302,27.44995],[83.83409,27.43404],[83.87765,27.36991],[83.8546,27.34505],[83.59043,27.45662],[83.38703,27.47047],[83.35592,27.45249],[83.37096,27.41021],[83.36275,27.38562],[83.32435,27.34169],[83.28244,27.33094],[83.24942,27.3481],[83.21924,27.39378],[83.13279,27.44422],[83.01047,27.44339],[82.87626,27.48755],[82.75214,27.49496],[82.72971,27.51817],[82.70925,27.63092],[82.67969,27.69441],[82.65214,27.70415],[82.44068,27.66643],[82.40193,27.67718],[82.34792,27.72601],[82.02722,27.91241],[81.9759,27.91695],[81.8832,27.84905],[81.85565,27.85094],[81.75013,27.90967],[81.68895,27.9632],[81.61505,27.98124],[81.56192,28.02599],[81.47346,28.0664],[81.43527,28.12978],[81.39604,28.16063],[81.35791,28.16598],[81.33812,28.13273],[81.2962,28.12831],[81.29941,28.14252],[81.27678,28.15379],[81.29595,28.16746],[81.22432,28.25078],[81.1697,28.36132],[81.00041,28.397],[80.97602,28.43692],[80.90527,28.44085],[80.87225,28.49687],[80.78166,28.51475],[80.72709,28.55968],[80.67862,28.57472],[80.63562,28.62787],[80.56359,28.64704],[80.55584,28.67895],[80.5176,28.68003],[80.48762,28.65647],[80.48845,28.56244],[80.40835,28.62634],[80.3297,28.62748],[80.29105,28.68967],[80.23327,28.73272],[80.16206,28.75328],[80.11421,28.80258],[80.03639,28.83703],[80.03112,28.8978],[80.05292,28.94911],[80.10791,28.99459],[80.11307,29.07221],[80.13261,29.11021],[80.22066,29.12608],[80.23307,29.13931],[80.2188,29.21109],[80.25818,29.20246],[80.28009,29.31015],[80.25498,29.31664],[80.21374,29.41689],[80.21767,29.43464],[80.25746,29.45006],[80.32009,29.51582],[80.32722,29.54858],[80.3852,29.60484],[80.3544,29.70488],[80.36898,29.75793],[80.47615,29.80614],[80.54953,29.89368],[80.57134,29.94686],[80.64141,29.96344],[80.71583,30.01331],[80.76967,30.07729],[80.82982,30.11713],[80.84967,30.14338],[80.83644,30.17005],[80.88388,30.2104],[80.92083,30.17666],[80.98816,30.19656],[81.00651,30.18891],[81.09777,30.01693],[81.21683,30.0082],[81.22572,30.05047],[81.27202,30.07992],[81.26696,30.12509],[81.3224,30.13377],[81.35005,30.15723],[81.37785,30.23263],[81.36804,30.30105],[81.38752,30.37391],[81.42612,30.37251],[81.46281,30.34135],[81.50937,30.32838],[81.53681,30.37856],[81.61401,30.4169],[81.77902,30.35804],[81.84439,30.37117],[81.94123,30.35396],[81.96903,30.32828],[82.08877,30.33009],[82.08499,30.23082],[82.15569,30.18136],[82.12758,30.12436],[82.15383,30.05817],[82.21067,30.06442],[82.25573,30.03967],[82.31888,30.03181],[82.3473,30.00344],[82.39443,30.00313],[82.45706,29.95409],[82.54181,29.92324],[82.6185,29.83983],[82.68899,29.82774],[82.69095,29.78074],[82.83658,29.65979],[82.89972,29.68842],[82.93192,29.66418],[82.9759,29.66403],[83.06494,29.57879],[83.07956,29.57964],[83.09336,29.61514],[83.17356,29.62127],[83.26084,29.54205],[83.2472,29.49474],[83.26394,29.47301],[83.32797,29.48502],[83.3552,29.46074],[83.35701,29.41536],[83.38724,29.3935],[83.39313,29.35624],[83.503,29.26103],[83.52372,29.18359],[83.63927,29.15476],[83.69549,29.22618],[83.79321,29.23475],[83.91439,29.2894],[83.95796,29.28904],[83.97584,29.26374],[84.01252,29.2702],[84.03521,29.24762],[84.08973,29.25661],[84.11236,29.2091],[84.15546,29.20664],[84.16166,29.19253],[84.13226,29.1438],[84.16621,29.09846],[84.17546,29.0574],[84.23143,29.02598],[84.20672,28.94066],[84.23515,28.90002],[84.37659,28.84884],[84.42273,28.79917],[84.45084,28.73388],[84.61621,28.69365],[84.63264,28.66879],[84.68298,28.65076],[84.67776,28.6044],[84.75563,28.58541],[84.81196,28.54198],[84.92849,28.53847],[84.95495,28.5743],[85.05494,28.63869],[85.16098,28.595],[85.15375,28.5249],[85.12316,28.50459],[85.10946,28.4593],[85.07758,28.43568],[85.08021,28.31879],[85.10941,28.29225],[85.17359,28.30432],[85.22392,28.27169],[85.3126,28.28277],[85.36257,28.25967],[85.43156,28.29706],[85.47569,28.2791],[85.5653,28.27538],[85.61181,28.25114],[85.69294,28.33522],[85.69976,28.2691],[85.73449,28.22153],[85.86337,28.14335],[85.8983,28.03602],[85.95659,27.97623],[85.96269,27.89137],[86.0617,27.88905],[86.11286,27.9268],[86.09813,27.98563],[86.07917,28.00113],[86.0847,28.04387],[86.06873,28.07676],[86.15596,28.15652],[86.18604,28.13353],[86.17224,28.07183],[86.20304,28.00258],[86.27807,27.98369],[86.32773,27.93969],[86.36298,27.9461],[86.4253,27.90992],[86.51046,27.95243],[86.5162,28.01224],[86.55356,28.10415],[86.61232,28.08028],[86.66198,28.10684],[86.73174,28.07692],[86.7398,28.0215],[86.84047,28.01478],[86.91472,27.94512],[87.00568,27.9515],[87.11652,27.84458],[87.1558,27.8258],[87.29052,27.81608],[87.36384,27.85525],[87.38534,27.84941],[87.36912,27.80394],[87.53159,27.8368],[87.57334,27.80502],[87.63608,27.82365],[87.72682,27.80776],[87.77984,27.83944],[87.83668,27.90832],[87.97843,27.88052],[88.02995,27.89334]]]}},{"type":"Feature","properties":{"name":"Pakistan","adm0_a3":"PAK"},"geometry":{"type":"MultiPolygon","coordinates":[[[[73.71171,36.8932],[73.72028,36.85114],[73.79894,36.82799],[73.8873,36.77052],[73.88575,36.71419],[73.72122,36.72711],[73.67863,36.70396],[73.62231,36.71016],[73.59512,36.73548],[73.51988,36.73073],[73.41601,36.75207],[73.29633,36.71745],[73.21344,36.7129],[73.17655,36.73486],[73.0734,36.69854],[73.09448,36.6033],[73.055,36.53963],[72.97986,36.5078],[72.98493,36.47276],[72.89574,36.46155],[72.87693,36.38429],[72.83021,36.37039],[72.69244,36.27107],[72.62185,36.27665],[72.57204,36.2427],[72.55136,36.17356],[72.56211,36.14999],[72.52914,36.09754],[72.58909,36.01615],[72.5156,35.90396],[72.65585,35.85414],[72.79238,35.83756],[72.87217,35.8743],[72.9716,35.87812],[73.04219,35.85606],[73.08839,35.8759],[73.15474,35.8249],[73.12849,35.79632],[73.12559,35.7248],[73.30708,35.60031],[73.38253,35.58822],[73.40971,35.54775],[73.44258,35.56176],[73.5048,35.53385],[73.62954,35.543],[73.77206,35.52197],[73.78416,35.44714],[73.72752,35.41763],[73.69021,35.35743],[73.68742,35.31015],[73.71842,35.2641],[73.72215,35.21573],[73.80962,35.23352],[73.86435,35.2023],[73.9243,35.19889],[73.95407,35.17072],[73.99228,35.17527],[74.03148,35.1468],[74.10186,35.14049],[74.1244,35.10509],[74.06755,35.05538],[74.10031,35.00965],[74.06693,34.98179],[74.06145,34.94169],[74.01784,34.88066],[73.95438,34.86268],[73.884,34.81069],[73.8195,34.81049],[73.74023,34.78475],[73.70127,34.75566],[73.65083,34.6767],[73.65951,34.63365],[73.62344,34.56399],[73.59316,34.58833],[73.46407,34.57055],[73.43668,34.52216],[73.42592,34.43033],[73.4002,34.37553],[73.4741,34.26918],[73.51864,34.00777],[73.57983,33.91046],[73.56722,33.80344],[73.60029,33.70859],[73.57311,33.63366],[73.61466,33.59312],[73.63502,33.5408],[73.61466,33.51966],[73.62758,33.45207],[73.60422,33.44158],[73.57383,33.3874],[73.60319,33.33303],[73.60029,33.24671],[73.58117,33.22916],[73.61466,33.23244],[73.65486,33.18469],[73.64535,33.14309],[73.62251,33.12449],[73.80586,33.01514],[73.90735,33.02995],[73.94301,33.01819],[73.98301,32.96907],[74.31699,32.82307],[74.3065,32.80991],[74.34619,32.76689],[74.43869,32.78598],[74.50091,32.74601],[74.57377,32.75255],[74.61408,32.7704],[74.63589,32.82208],[74.67175,32.84058],[74.68912,32.80882],[74.64974,32.72315],[74.65604,32.64067],[74.62958,32.58809],[74.66255,32.49838],[74.68932,32.47135],[74.72498,32.46081],[74.83815,32.47487],[74.90698,32.44518],[75.02367,32.46626],[75.12599,32.41174],[75.23017,32.3802],[75.32691,32.31247],[75.35905,32.26167],[75.31657,32.21075],[75.29466,32.14889],[75.19575,32.12863],[75.17312,32.10972],[75.17415,32.08683],[75.13839,32.09349],[75.10211,32.07809],[75.04082,32.09799],[75.02263,32.09468],[75.03018,32.06642],[74.98615,32.06321],[74.95566,32.03221],[74.8891,32.0289],[74.87319,32.01169],[74.82864,32.02544],[74.78368,31.94286],[74.69842,31.95025],[74.67,31.90415],[74.55042,31.827],[74.53512,31.77114],[74.48944,31.71119],[74.55558,31.61223],[74.61718,31.45891],[74.53222,31.30321],[74.50639,31.17541],[74.53677,31.11516],[74.61698,31.11526],[74.65883,31.08379],[74.57946,31.04271],[74.56406,31.00436],[74.51931,30.96245],[74.44158,30.94617],[74.40128,30.8931],[74.31922,30.89341],[74.3002,30.83817],[74.25669,30.81528],[74.26671,30.78835],[74.19116,30.71704],[74.16367,30.6649],[74.06745,30.61054],[74.05753,30.53137],[74.0044,30.50894],[73.92926,30.41908],[73.89991,30.42212],[73.90611,30.39484],[73.85175,30.37267],[73.84234,30.35298],[73.89164,30.32978],[73.93464,30.26105],[73.94435,30.18829],[73.73972,30.04845],[73.55782,30.01254],[73.37033,29.92732],[73.23287,29.5366],[72.93036,29.04768],[72.35458,28.76719],[72.2565,28.64559],[72.19779,28.44488],[72.14994,28.35377],[71.9882,28.2281],[71.9083,28.13557],[71.8744,27.95969],[71.56073,27.86853],[71.39779,27.86838],[71.22633,27.84536],[70.91379,27.71782],[70.83157,27.70146],[70.76176,27.70978],[70.71039,27.74115],[70.64073,27.85479],[70.63319,27.93163],[70.5349,28.01596],[70.45625,28.03979],[70.34194,28.01147],[70.10195,27.81174],[69.99354,27.57108],[69.90806,27.49729],[69.84802,27.41037],[69.57558,27.18842],[69.53444,27.12558],[69.50757,27.05008],[69.46509,26.80777],[69.47284,26.76658],[69.50416,26.73516],[69.6594,26.6777],[69.77226,26.59507],[69.81556,26.58029],[70.05606,26.58908],[70.1296,26.56251],[70.15807,26.53011],[70.14691,26.21742],[70.07828,26.09965],[70.06464,25.98033],[70.11498,25.88173],[70.21399,25.78633],[70.24923,25.70768],[70.36013,25.67347],[70.47723,25.67632],[70.59226,25.70882],[70.63231,25.70138],[70.65386,25.67446],[70.65448,25.39659],[70.71049,25.33587],[70.73489,25.26735],[70.84857,25.16332],[70.91524,24.94662],[71.06386,24.68258],[70.97714,24.63969],[70.95482,24.58452],[70.95777,24.55602],[70.98087,24.53473],[70.97714,24.46494],[71.07502,24.43642],[71.08277,24.41151],[70.99668,24.3566],[70.91772,24.36172],[70.84093,24.30583],[70.85147,24.26488],[70.75545,24.23144],[70.62151,24.24116],[70.56766,24.27281],[70.54565,24.36218],[70.57521,24.40004],[70.56291,24.42409],[70.41635,24.40195],[70.3532,24.36627],[70.29853,24.36342],[70.24256,24.33061],[70.09787,24.29883],[70.05214,24.20206],[70.01596,24.17406],[69.97204,24.16522],[69.71459,24.16858],[69.56307,24.27676],[69.28082,24.28374],[69.16671,24.25317],[69.0677,24.28844],[68.96264,24.25723],[68.9042,24.32058],[68.88508,24.31356],[68.83877,24.23646],[68.81965,24.2503],[68.79919,24.32908],[68.74731,24.33118],[68.72591,24.28922],[68.72447,23.96518],[68.43156,23.96714],[68.35364,23.93929],[68.34888,23.96461],[68.33043,23.96657],[68.33503,23.941],[68.31405,23.91591],[68.30041,23.9105],[68.26393,23.93593],[68.26036,23.89554],[68.20729,23.87702],[68.18304,23.84211],[68.15748,23.9051],[68.17058,23.83991],[68.14332,23.76114],[68.1491,23.69452],[68.10222,23.73383],[68.09889,23.7093],[68.06276,23.72313],[68.05388,23.74372],[68.07439,23.76484],[68.08172,23.80565],[68.10222,23.81574],[68.05942,23.86188],[68.06373,23.92316],[68.01352,23.93928],[68.05388,23.82941],[68.01352,23.76854],[67.99415,23.81118],[67.95086,23.8089],[67.93425,23.83299],[67.90992,23.83625],[67.89991,23.86758],[67.86891,23.85049],[67.85523,23.91193],[67.83172,23.80952],[67.7186,23.8437],[67.74366,23.80878],[67.71567,23.79169],[67.6316,23.80345],[67.6504,23.93305],[67.63738,23.87425],[67.61451,23.85008],[67.58937,23.86652],[67.58839,23.88467],[67.57456,23.87177],[67.54664,23.89826],[67.53012,23.89126],[67.54664,23.871],[67.47853,23.89151],[67.51254,23.89826],[67.54054,23.93928],[67.49887,23.9256],[67.50636,23.97403],[67.45118,23.9877],[67.4782,24.03242],[67.51987,24.04507],[67.53305,24.07026],[67.50978,24.05207],[67.44068,24.07026],[67.35402,24.07087],[67.34132,24.08637],[67.27914,24.28124],[67.29282,24.30296],[67.28598,24.32958],[67.36248,24.34394],[67.27166,24.36909],[67.28663,24.43952],[67.2588,24.41909],[67.24684,24.46796],[67.21095,24.50845],[67.2308,24.52509],[67.19459,24.54727],[67.1836,24.59032],[67.25262,24.59032],[67.209,24.61376],[67.15211,24.61571],[67.17555,24.68871],[67.25554,24.74799],[67.23268,24.77074],[67.16733,24.76016],[67.13966,24.80329],[67.08123,24.80329],[67.08253,24.77416],[66.9651,24.84357],[66.9651,24.81004],[66.88209,24.85102],[66.65414,24.83918],[66.65675,24.85871],[66.70444,24.89204],[66.68133,24.91055],[66.68133,24.94888],[66.69956,25.08527],[66.73715,25.1811],[66.71022,25.23924],[66.54786,25.36563],[66.55372,25.38544],[66.57928,25.37938],[66.59116,25.3996],[66.58709,25.42622],[66.55055,25.4571],[66.53102,25.51813],[66.49285,25.51805],[66.43702,25.59772],[66.38771,25.59243],[66.37257,25.60391],[66.3755,25.62568],[66.33855,25.6081],[66.25815,25.61201],[66.20395,25.59321],[66.09441,25.47484],[66.21306,25.49136],[66.2588,25.52485],[66.25815,25.54312],[66.33644,25.55337],[66.42319,25.48102],[66.45623,25.49604],[66.4922,25.48102],[66.45753,25.45376],[66.51157,25.41421],[66.49838,25.3985],[66.35955,25.46524],[66.2518,25.47289],[66.15919,25.44693],[65.85841,25.41755],[65.65211,25.34447],[65.46778,25.38544],[65.38234,25.37116],[65.39536,25.39228],[65.29233,25.36498],[65.25978,25.38044],[65.23227,25.37067],[65.188,25.31102],[65.15528,25.29609],[64.92066,25.32705],[64.7444,25.32404],[64.69597,25.29759],[64.66863,25.25511],[64.66863,25.20673],[64.71022,25.17939],[64.65504,25.16572],[64.60035,25.17316],[64.6277,25.22846],[64.56544,25.27025],[64.5184,25.27558],[64.49204,25.24567],[64.4393,25.2346],[64.36069,25.28303],[64.2658,25.29865],[64.24464,25.3166],[64.09449,25.33588],[64.10694,25.38544],[64.08351,25.40351],[64.08375,25.42674],[64.14088,25.42886],[64.15528,25.44693],[64.04542,25.45034],[63.97657,25.41279],[63.99708,25.41962],[64.01173,25.39728],[64.04884,25.41649],[64.0796,25.36498],[64.05974,25.34455],[63.9441,25.33491],[63.7378,25.38532],[63.57252,25.36498],[63.49578,25.29141],[63.46949,25.28925],[63.51873,25.22085],[63.5005,25.19367],[63.41114,25.22248],[63.30812,25.22036],[63.14405,25.26093],[63.02784,25.22036],[62.77052,25.26191],[62.52748,25.26419],[62.47718,25.25906],[62.46762,25.22354],[62.48943,25.21418],[62.41383,25.20653],[62.34311,25.15546],[62.33912,25.12474],[62.38724,25.10158],[62.38105,25.08757],[62.25606,25.09863],[62.31528,25.13019],[62.29748,25.18513],[62.25422,25.21203],[62.14519,25.21841],[62.08003,25.19715],[62.05899,25.16164],[62.09718,25.10712],[61.88111,25.10301],[61.84734,25.03791],[61.79048,25.01776],[61.72955,25.02178],[61.72853,25.08308],[61.76002,25.11538],[61.78305,25.18797],[61.74952,25.17316],[61.69418,25.20051],[61.58823,25.20209],[61.62004,25.28549],[61.64319,25.61332],[61.67348,25.65828],[61.66035,25.76918],[61.68143,25.79548],[61.73931,25.80328],[61.7545,25.81998],[61.8099,26.16745],[61.83295,26.22538],[62.09417,26.31483],[62.12384,26.374],[62.24342,26.35064],[62.26512,26.36098],[62.249,26.41653],[62.29788,26.47404],[62.29199,26.50123],[62.35586,26.53662],[62.39669,26.53905],[62.4185,26.56231],[62.59533,26.5807],[62.6406,26.60515],[62.70194,26.60401],[62.75356,26.64416],[63.09804,26.63838],[63.14134,26.6254],[63.16377,26.64509],[63.17431,26.68504],[63.18956,26.84601],[63.26165,26.87175],[63.23498,26.94115],[63.23136,27.06584],[63.26092,27.11561],[63.31963,27.11731],[63.27126,27.2034],[63.1771,27.25844],[62.89242,27.21348],[62.82932,27.23364],[62.80064,27.22516],[62.74235,27.26681],[62.76809,27.27436],[62.77878,27.29983],[62.75604,27.3481],[62.8147,27.49496],[62.78028,27.82972],[62.73568,27.99498],[62.76152,28.24644],[62.7393,28.25833],[62.57564,28.22903],[62.49229,28.3007],[62.46428,28.34982],[62.36279,28.41889],[62.04911,28.48632],[61.89279,28.5426],[61.65301,28.75633],[61.5665,28.87098],[61.5109,29.00738],[61.46801,29.04174],[61.48775,29.08066],[61.46088,29.09388],[61.43773,29.13962],[61.39794,29.15907],[61.38698,29.20664],[61.33282,29.27491],[61.34657,29.34906],[61.33737,29.37438],[61.27918,29.40663],[60.84438,29.85818],[62.37447,29.42487],[62.47751,29.40782],[63.5686,29.49748],[63.97199,29.42957],[64.08609,29.3866],[64.11338,29.3963],[64.1726,29.4843],[64.4777,29.57037],[64.82031,29.56789],[65.03637,29.54016],[66.19563,29.83534],[66.27521,29.88515],[66.34053,29.95657],[66.2193,30.05786],[66.30529,30.24477],[66.32182,30.43737],[66.31376,30.4783],[66.26493,30.55783],[66.26798,30.60139],[66.36626,30.92287],[66.39231,30.94462],[66.55003,30.97697],[66.66309,31.08312],[66.69699,31.19582],[66.75952,31.21479],[66.83848,31.27701],[66.94328,31.31473],[67.01682,31.30915],[67.02596,31.27303],[67.01527,31.24466],[67.03527,31.23592],[67.13676,31.24109],[67.21376,31.21226],[67.3462,31.20776],[67.58366,31.26522],[67.6928,31.32522],[67.76473,31.33406],[67.77036,31.39467],[67.65115,31.39529],[67.61146,31.4108],[67.55611,31.51219],[67.56898,31.52986],[67.69631,31.52082],[67.78116,31.56417],[67.84271,31.6235],[67.96606,31.63822],[68.04658,31.6884],[68.13856,31.82467],[68.20682,31.80788],[68.25504,31.76638],[68.35606,31.76251],[68.49802,31.72525],[68.5498,31.75352],[68.43957,31.76659],[68.41875,31.78302],[68.52748,31.82297],[68.67579,31.7747],[68.69491,31.75636],[68.70545,31.70127],[68.80384,31.60257],[68.94099,31.64365],[68.97727,31.64148],[69.04011,31.67311],[69.11431,31.73775],[69.22376,31.88193],[69.29885,31.93769],[69.25105,32.13065],[69.2681,32.30134],[69.228,32.4213],[69.23286,32.46267],[69.28195,32.5328],[69.36122,32.56848],[69.42602,32.65509],[69.41466,32.72558],[69.38324,32.74446],[69.37631,32.77188],[69.47729,32.85683],[69.48721,32.88588],[69.4685,32.99429],[69.48773,33.02837],[69.54752,33.07501],[69.66777,33.077],[69.77184,33.11478],[69.83871,33.08666],[69.88093,33.08925],[69.95581,33.1277],[69.99472,33.12733],[70.048,33.19407],[70.12479,33.19903],[70.29445,33.31895],[70.30158,33.35179],[70.28572,33.38287],[70.15497,33.50661],[70.17409,33.63211],[70.13255,33.66143],[70.11813,33.71652],[69.95752,33.7527],[69.88543,33.88946],[69.84719,33.92695],[69.84109,33.9418],[69.87199,33.97152],[69.87261,34.01723],[69.91602,34.03888],[70.00284,34.04379],[70.32819,33.95728],[70.52198,33.9387],[70.86222,33.96478],[70.88433,34.00705],[70.93973,34.00092],[71.06262,34.05425],[71.06277,34.10531],[71.10809,34.16523],[71.09709,34.26246],[71.12639,34.33222],[71.12205,34.35682],[71.05094,34.38979],[70.99151,34.44307],[70.96123,34.48761],[70.95699,34.532],[70.98583,34.55619],[71.06582,34.55846],[71.0806,34.67292],[71.20308,34.74816],[71.28948,34.87503],[71.46957,34.9497],[71.51132,35.00872],[71.50895,35.07202],[71.60414,35.13817],[71.63793,35.18969],[71.52982,35.30089],[71.53158,35.32792],[71.62088,35.41014],[71.58171,35.49313],[71.59349,35.54936],[71.49272,35.60956],[71.48332,35.62656],[71.51401,35.66558],[71.51536,35.70149],[71.47556,35.74102],[71.47091,35.77994],[71.43102,35.8437],[71.36069,35.90029],[71.3564,35.93305],[71.25744,35.97155],[71.17093,36.027],[71.16592,36.04571],[71.22307,36.12539],[71.30209,36.16332],[71.31914,36.20058],[71.40275,36.23138],[71.47908,36.30052],[71.55835,36.32786],[71.54719,36.37163],[71.61044,36.45793],[71.6493,36.45276],[71.73632,36.39592],[71.78263,36.39654],[71.79441,36.4076],[71.77322,36.48005],[71.87471,36.49906],[71.97703,36.56304],[72.03884,36.58046],[72.0591,36.62712],[72.17165,36.65363],[72.15346,36.7021],[72.21361,36.72644],[72.45411,36.75796],[72.51674,36.8006],[72.6296,36.83295],[72.86773,36.83042],[72.94586,36.85222],[72.99051,36.84158],[73.0425,36.86426],[73.19184,36.87703],[73.2675,36.86654],[73.33178,36.88209],[73.71171,36.8932]]],[[[67.39039,24.04926],[67.45802,24.06273],[67.48536,24.04853],[67.45395,24.01341],[67.42693,24.00751],[67.3934,24.02806],[67.3755,24.06273],[67.39039,24.04926]]]]}},{"type":"Feature","properties":{"name":"Yemen","adm0_a3":"YEM"},"geometry":{"type":"MultiPolygon","coordinates":[[[[51.97862,18.99564],[52.72146,17.29817],[52.80156,17.26742],[53.09034,16.6424],[53.02182,16.61945],[52.98487,16.62816],[52.85108,16.55614],[52.53256,16.44725],[52.29274,16.26382],[52.22145,16.16088],[52.22438,16.11359],[52.15553,15.98387],[52.18653,15.91909],[52.17547,15.87792],[52.22438,15.84675],[52.22145,15.71699],[52.24488,15.6577],[52.22836,15.61612],[52.04713,15.57001],[51.9131,15.51533],[51.8742,15.49152],[51.86866,15.45156],[51.82928,15.4687],[51.67994,15.40347],[51.66212,15.37714],[51.67644,15.34028],[51.53053,15.31684],[51.47429,15.2707],[51.36785,15.22972],[51.34246,15.2377],[51.26881,15.20181],[50.66147,15.0585],[50.55405,15.04857],[50.45948,15.01044],[50.35825,14.93334],[50.30226,14.91747],[50.17954,14.84333],[50.14625,14.8498],[50.04184,14.81826],[50.0298,14.85029],[49.94215,14.83877],[49.57814,14.73729],[49.46046,14.67357],[49.37241,14.64981],[49.1902,14.54857],[49.1819,14.51659],[49.13706,14.53266],[49.09278,14.5196],[49.00994,14.40111],[49.00367,14.32477],[48.88697,14.25031],[48.85255,14.16698],[48.79762,14.14045],[48.73829,14.06818],[48.69581,14.04361],[48.56479,14.04605],[48.46876,13.98896],[48.45045,14.01065],[48.33823,14.0163],[48.34571,14.00263],[48.18873,13.96914],[48.19361,13.99339],[48.14039,14.03058],[48.01686,14.05728],[47.93116,14.03058],[47.86655,13.96166],[47.82097,13.93846],[47.64568,13.8732],[47.3982,13.65485],[47.16684,13.5856],[46.91188,13.53327],[46.82423,13.4763],[46.70069,13.43032],[46.60475,13.4409],[46.52003,13.41303],[46.313,13.41356],[46.23455,13.43635],[46.11134,13.40681],[45.81544,13.37954],[45.66578,13.34199],[45.49415,13.19465],[45.48146,13.15754],[45.403,13.07014],[45.19353,13.01268],[45.11818,12.96174],[45.05877,12.82714],[45.0586,12.76203],[45.01775,12.75983],[44.97934,12.78229],[44.98097,12.79731],[45.03517,12.80366],[45.04249,12.82087],[45.01515,12.85871],[44.99806,12.83145],[44.94459,12.83397],[44.91676,12.79946],[44.87159,12.80353],[44.87184,12.76996],[44.92091,12.77139],[44.91277,12.7482],[44.88136,12.72988],[44.78517,12.77228],[44.72779,12.74201],[44.71925,12.7801],[44.69361,12.80345],[44.61061,12.81957],[44.54282,12.79731],[44.41554,12.67015],[44.40699,12.68525],[44.19117,12.61913],[44.13803,12.63898],[44.18995,12.63215],[44.19117,12.66047],[44.15349,12.65595],[44.06235,12.61172],[43.9463,12.59805],[43.89479,12.65266],[43.6006,12.75629],[43.52556,12.69038],[43.46803,12.6839],[43.48121,12.77342],[43.47316,12.84662],[43.40138,12.94343],[43.3864,13.00727],[43.34181,13.06265],[43.30885,13.13931],[43.24887,13.21271],[43.22633,13.28388],[43.2483,13.34894],[43.25424,13.52656],[43.29518,13.5856],[43.28094,13.72211],[43.2435,13.79434],[43.23316,13.87637],[43.16172,13.95399],[43.09552,14.08396],[42.98732,14.48924],[42.95932,14.5135],[42.96599,14.53026],[42.98365,14.52033],[43.0215,14.44208],[43.01401,14.49677],[43.02866,14.53799],[42.98732,14.63386],[42.99985,14.66332],[42.96168,14.70856],[42.94223,14.78889],[42.88364,14.88369],[42.88331,14.91551],[42.91041,14.84138],[42.94565,14.81143],[42.95232,14.87954],[42.93727,14.94847],[42.88014,15.02485],[42.88234,15.10248],[42.86402,15.13642],[42.73341,15.2093],[42.69142,15.21426],[42.6714,15.18537],[42.63771,15.19086],[42.61012,15.2436],[42.68263,15.24649],[42.6919,15.2707],[42.67823,15.3083],[42.71241,15.36628],[42.69939,15.31167],[42.77426,15.26044],[42.77858,15.22162],[42.79493,15.2093],[42.8069,15.34431],[42.77719,15.42194],[42.77426,15.49103],[42.71925,15.57001],[42.73341,15.59223],[42.70826,15.62783],[42.71363,15.69473],[42.6919,15.70209],[42.74171,15.75324],[42.75245,15.81639],[42.82,15.87494],[42.83481,15.91535],[42.8401,16.0978],[42.78948,16.37096],[42.89819,16.4189],[42.90677,16.47936],[42.97095,16.49579],[43.03627,16.5363],[43.08495,16.67257],[43.17998,16.66462],[43.16851,16.73722],[43.20861,16.7734],[43.2115,16.79686],[43.14582,16.83448],[43.11264,16.91003],[43.1359,17.00961],[43.11843,17.08625],[43.15616,17.2097],[43.2486,17.25192],[43.24184,17.29342],[43.16504,17.32592],[43.30307,17.45904],[43.41288,17.51996],[43.50337,17.51345],[43.61954,17.45883],[43.73064,17.35243],[43.88671,17.35367],[43.89404,17.31217],[43.91513,17.30184],[43.93869,17.3052],[44.00391,17.36783],[44.08535,17.34344],[44.14902,17.40483],[44.21154,17.39062],[44.40414,17.41873],[44.56196,17.40447],[44.64645,17.4318],[45.16539,17.42839],[45.22213,17.41739],[45.43038,17.31202],[46.32263,17.22407],[46.7101,17.27538],[46.7472,17.25476],[46.97034,16.95685],[47.16134,16.94744],[47.42758,17.09183],[47.45796,17.13089],[47.58901,17.46328],[48.16195,18.14892],[49.03585,18.57972],[49.12882,18.6121],[51.97862,18.99564]]],[[[53.24833,12.1213],[53.28688,12.12734],[53.31027,12.11144],[53.24833,12.1213]]],[[[53.06837,12.17494],[53.08707,12.14856],[53.07183,12.13028],[52.98526,12.16273],[53.00395,12.17694],[53.06837,12.17494]]],[[[52.31937,12.18826],[52.38958,12.19725],[52.37113,12.17156],[52.38846,12.14887],[52.24023,12.15688],[52.22438,12.18032],[52.17986,12.17284],[52.16236,12.19741],[52.11232,12.19864],[52.06412,12.23547],[52.11844,12.24155],[52.20043,12.20644],[52.31937,12.18826]]],[[[43.44223,12.66722],[43.44744,12.63866],[43.4358,12.63215],[43.39015,12.66633],[43.44223,12.66722]]],[[[54.47066,12.54357],[54.51609,12.55843],[54.54029,12.55024],[54.45742,12.51923],[54.44468,12.48472],[54.40234,12.46722],[54.24594,12.43354],[54.21876,12.3994],[54.1405,12.35134],[54.04755,12.35296],[54.00824,12.32986],[53.96998,12.34186],[53.73116,12.30041],[53.57215,12.33461],[53.50563,12.41633],[53.3069,12.5434],[53.363,12.54491],[53.38942,12.56078],[53.40317,12.59805],[53.39603,12.65647],[53.47008,12.67142],[53.49987,12.71206],[53.51895,12.71435],[53.65476,12.70476],[53.76289,12.6197],[53.8461,12.5986],[53.876,12.64729],[54.0081,12.64574],[54.1194,12.70112],[54.16789,12.665],[54.19549,12.6754],[54.21876,12.65266],[54.26002,12.64753],[54.47066,12.54357]]],[[[42.71925,13.74262],[42.78256,13.77993],[42.79184,13.75072],[42.74391,13.68842],[42.68849,13.66376],[42.71925,13.74262]]],[[[42.76759,14.07152],[42.80177,14.02314],[42.78175,13.91999],[42.75408,13.92072],[42.76759,13.94868],[42.72153,13.96939],[42.6919,14.01317],[42.76759,14.07152]]],[[[42.63103,15.45425],[42.58155,15.39159],[42.62818,15.39867],[42.61411,15.30805],[42.56837,15.26887],[42.54575,15.29442],[42.55893,15.39297],[42.6019,15.44628],[42.63103,15.45425]]]]}},{"type":"Feature","properties":{"name":"Hong Kong","adm0_a3":"HKG"},"geometry":{"type":"MultiPolygon","coordinates":[[[[114.23471,22.55618],[114.20932,22.52371],[114.25457,22.55097],[114.28924,22.50519],[114.33513,22.50642],[114.25375,22.45177],[114.21176,22.47057],[114.21713,22.44794],[114.20224,22.45808],[114.16749,22.44806],[114.21176,22.4206],[114.20932,22.39867],[114.23821,22.43537],[114.26718,22.43073],[114.27255,22.40965],[114.28899,22.42601],[114.27646,22.444],[114.32374,22.48005],[114.34758,22.42292],[114.35987,22.46117],[114.37021,22.44001],[114.39975,22.43614],[114.4013,22.41275],[114.38176,22.41905],[114.37021,22.39798],[114.38974,22.36595],[114.37639,22.37063],[114.3576,22.33242],[114.31861,22.38939],[114.278,22.39098],[114.27646,22.34805],[114.25839,22.36209],[114.27255,22.3207],[114.31162,22.29731],[114.28899,22.28718],[114.29672,22.25829],[114.25554,22.32233],[114.23894,22.28168],[114.19549,22.31826],[114.17189,22.28872],[114.15952,22.32225],[114.12355,22.33714],[114.10483,22.36986],[114.02052,22.35037],[113.97063,22.38707],[113.97462,22.37206],[113.94484,22.36209],[113.9144,22.37612],[113.89698,22.40876],[113.94101,22.42678],[113.99863,22.48855],[114.01116,22.47289],[114.02988,22.47826],[114.03061,22.49551],[114.09146,22.53439],[114.14872,22.53811],[114.17322,22.56395],[114.23471,22.55618]]],[[[114.11085,22.17707],[114.11411,22.21613],[114.1067,22.23578],[114.13282,22.21613],[114.12574,22.20523],[114.15463,22.2036],[114.13909,22.19111],[114.14536,22.1787],[114.11085,22.17707]]],[[[114.22177,22.27936],[114.25148,22.25906],[114.25611,22.2036],[114.23276,22.21149],[114.22267,22.23884],[114.21949,22.19188],[114.20769,22.18956],[114.18385,22.24103],[114.16489,22.22785],[114.11256,22.27151],[114.13909,22.28872],[114.22177,22.27936]]],[[[113.8392,22.2049],[113.8506,22.25674],[113.89251,22.29271],[113.9284,22.28486],[113.97674,22.29808],[114.01734,22.33552],[114.05486,22.33633],[114.05022,22.31993],[114.01271,22.31135],[114.01889,22.26459],[113.99537,22.26777],[114.00725,22.2521],[113.99244,22.2412],[114.01498,22.22708],[114.00017,22.21613],[113.98194,22.20824],[113.98064,22.23725],[113.94565,22.23725],[113.92148,22.22398],[113.91912,22.20502],[113.89251,22.2224],[113.8392,22.2049]]]]}},{"type":"Feature","properties":{"name":"Madagascar","adm0_a3":"MDG"},"geometry":{"type":"MultiPolygon","coordinates":[[[[47.22281,-15.0],[47.29176,-14.92344],[47.37184,-14.89056],[47.36834,-14.84661],[47.3086,-14.87518],[47.2837,-14.84694],[47.44484,-14.67156],[47.46534,-14.66546],[47.4961,-14.7116],[47.49301,-14.78338],[47.5171,-14.81959],[47.43084,-14.93572],[47.41778,-15.0],[47.22281,-15.0]]],[[[47.52296,-14.99871],[47.55128,-14.97666],[47.56251,-14.98504],[47.57057,-14.93328],[47.65187,-14.75888],[47.79713,-14.56634],[47.85914,-14.6408],[47.9144,-14.66204],[47.92066,-14.70973],[47.93629,-14.67156],[47.9144,-14.6408],[47.94215,-14.61924],[47.9686,-14.62217],[47.99627,-14.67539],[48.00026,-14.7623],[48.01686,-14.73707],[48.01303,-14.63006],[47.92604,-14.5665],[47.85377,-14.5945],[47.80388,-14.54559],[47.75294,-14.60052],[47.72136,-14.54534],[47.73561,-14.52484],[47.70151,-14.44638],[47.72193,-14.33807],[47.77369,-14.2903],[47.79086,-14.22324],[47.81446,-14.216],[47.86101,-14.24879],[47.92677,-14.24627],[47.94353,-14.23252],[47.95533,-14.18524],[47.94174,-14.13486],[47.90699,-14.0997],[47.9201,-14.08603],[48.01368,-14.14056],[47.97853,-14.26238],[47.98276,-14.32537],[48.00294,-14.31756],[48.0031,-14.28525],[48.03395,-14.26238],[48.01051,-14.20957],[48.04477,-14.15162],[48.04819,-14.08408],[47.94109,-14.00408],[48.0171,-13.96543],[48.0171,-13.95281],[47.91749,-13.89764],[47.87582,-13.78428],[47.8838,-13.72845],[47.9275,-13.70924],[47.89519,-13.67897],[47.90431,-13.6032],[47.91782,-13.58262],[47.95297,-13.59026],[47.96559,-13.52077],[47.98487,-13.50677],[48.0031,-13.51735],[47.9826,-13.54314],[47.98951,-13.55836],[48.01051,-13.55153],[48.01531,-13.58017],[48.05096,-13.54412],[48.03126,-13.51718],[48.06837,-13.51735],[48.08367,-13.52874],[48.09938,-13.59938],[48.14243,-13.59539],[48.1753,-13.716],[48.19402,-13.72698],[48.18133,-13.74676],[48.19239,-13.76686],[48.24822,-13.79998],[48.29868,-13.79827],[48.34116,-13.75555],[48.32456,-13.72967],[48.33204,-13.66139],[48.35955,-13.59938],[48.33334,-13.54632],[48.36427,-13.54355],[48.39356,-13.58571],[48.42758,-13.52418],[48.48976,-13.51735],[48.48976,-13.497],[48.53419,-13.52077],[48.48227,-13.41513],[48.48227,-13.36045],[48.50701,-13.37314],[48.52442,-13.4109],[48.60499,-13.44549],[48.71095,-13.43231],[48.78012,-13.38388],[48.80502,-13.35296],[48.78761,-13.3331],[48.8392,-13.26043],[48.8187,-13.17636],[48.84352,-13.08082],[48.90553,-12.96111],[48.94166,-12.9284],[48.95533,-12.8117],[48.91472,-12.74961],[48.90187,-12.68239],[48.8659,-12.64723],[48.88697,-12.56463],[48.86793,-12.55145],[48.8392,-12.56463],[48.83872,-12.53525],[48.77369,-12.43524],[48.77084,-12.45477],[48.72999,-12.43499],[48.75961,-12.39813],[48.85271,-12.41375],[48.90406,-12.48895],[48.94581,-12.47991],[48.98463,-12.33343],[49.02418,-12.32578],[49.0652,-12.27728],[49.07993,-12.29518],[49.1198,-12.24261],[49.15122,-12.25075],[49.16822,-12.21592],[49.16139,-12.18174],[49.20151,-12.14666],[49.14088,-12.09856],[49.09303,-12.09856],[49.16139,-12.05071],[49.2234,-12.10605],[49.21681,-12.06504],[49.1819,-12.04388],[49.24252,-11.95371],[49.27809,-11.94769],[49.31593,-11.98594],[49.32276,-12.0289],[49.34913,-12.06618],[49.35304,-12.14625],[49.37306,-12.19818],[49.32944,-12.15716],[49.28492,-12.1784],[49.26384,-12.14023],[49.24,-12.16286],[49.2492,-12.18027],[49.22967,-12.2221],[49.29176,-12.23944],[49.27125,-12.2636],[49.2815,-12.28484],[49.30714,-12.25514],[49.32586,-12.27728],[49.31951,-12.29518],[49.34938,-12.29852],[49.36687,-12.2916],[49.35841,-12.24619],[49.38136,-12.22283],[49.42172,-12.27435],[49.45623,-12.37347],[49.49659,-12.34612],[49.5394,-12.37819],[49.5381,-12.407],[49.49041,-12.407],[49.52768,-12.44264],[49.5586,-12.42067],[49.58644,-12.48203],[49.59498,-12.52972],[49.59246,-12.54266],[49.57472,-12.52972],[49.57211,-12.48952],[49.56609,-12.5167],[49.5809,-12.57366],[49.56251,-12.62786],[49.57472,-12.65667],[49.60027,-12.64723],[49.65333,-12.69476],[49.6753,-12.75709],[49.6548,-12.80486],[49.68881,-12.80486],[49.71949,-12.73992],[49.74415,-12.74342],[49.73666,-12.75709],[49.80494,-12.80486],[49.81471,-12.86582],[49.87379,-12.88836],[49.87452,-12.90846],[49.85255,-12.92441],[49.90447,-12.96234],[49.94215,-13.03387],[49.94215,-13.2195],[49.97316,-13.27109],[49.9769,-13.34612],[50.0241,-13.34612],[50.03289,-13.36053],[50.0241,-13.41155],[50.04054,-13.497],[50.07252,-13.54412],[50.07936,-13.60613],[50.09929,-13.61517],[50.09742,-13.67571],[50.14291,-13.78314],[50.15349,-13.98252],[50.17628,-14.08563],[50.16424,-14.22308],[50.2129,-14.2872],[50.18922,-14.43914],[50.21078,-14.61517],[50.2409,-14.70599],[50.23227,-14.73821],[50.20973,-14.75066],[50.26531,-14.79778],[50.2837,-14.87916],[50.33984,-15.0],[47.52296,-14.99871]]],[[[48.33937,-13.36834],[48.365,-13.38795],[48.34962,-13.41237],[48.23585,-13.38714],[48.22902,-13.40065],[48.21599,-13.39463],[48.195,-13.31878],[48.20387,-13.26979],[48.18873,-13.26426],[48.1989,-13.25107],[48.26922,-13.26832],[48.2693,-13.2011],[48.31837,-13.20029],[48.31495,-13.24676],[48.35418,-13.31227],[48.33937,-13.36834]]]]}},{"type":"Feature","properties":{"name":"Philippines","adm0_a3":"PHL"},"geometry":{"type":"MultiPolygon","coordinates":[[[[119.63982,11.05777],[119.64796,11.01529],[119.61313,11.00845],[119.57976,11.04597],[119.57976,11.09785],[119.63982,11.05777]]],[[[119.62843,11.19017],[119.60987,11.15672],[119.57008,11.14436],[119.57293,11.17914],[119.60434,11.19864],[119.62843,11.19017]]],[[[120.0,15.27923],[119.88819,15.42902],[119.9087,15.4523],[119.90187,15.48298],[119.94093,15.47578],[119.96388,15.51435],[119.90431,15.59707],[119.91969,15.69033],[119.8672,15.74307],[119.89405,15.7639],[119.89503,15.87401],[119.85402,15.94916],[119.8283,15.95572],[119.77084,15.91498],[119.75587,15.94457],[119.75782,16.05899],[119.77833,16.13784],[119.75571,16.20344],[119.78191,16.32225],[119.81251,16.3675],[119.87029,16.3854],[119.91635,16.38084],[119.92579,16.36498],[119.90187,16.2508],[119.97022,16.22655],[120.0,16.19373],[120.0,15.27923]]],[[[119.99773,5.1269],[119.98048,5.12645],[119.95411,5.07551],[119.92237,5.08771],[119.89161,5.0598],[119.82984,5.04881],[119.81935,5.0598],[119.81251,5.1225],[119.94272,5.19013],[119.96485,5.2226],[120.0,5.22895],[119.99773,5.1269]]],[[[118.52052,7.01337],[118.53077,6.97895],[118.5031,6.97142],[118.44516,6.98233],[118.42726,7.01822],[118.45631,7.041],[118.51026,7.04719],[118.54444,7.01309],[118.52052,7.01337]]],[[[117.08497,8.05785],[117.09156,8.01154],[117.07154,7.99315],[117.08676,7.87214],[117.02369,7.82184],[117.03419,7.80463],[117.00994,7.80028],[116.95582,7.92109],[116.96168,8.062],[116.98219,8.02729],[116.99676,8.02733],[117.01319,8.062],[117.05844,8.06981],[117.08497,8.05785]]],[[[117.03053,8.06826],[116.99586,8.10301],[117.04542,8.13581],[117.06813,8.08625],[117.03053,8.06826]]],[[[117.18971,8.17674],[117.20574,8.1555],[117.18482,8.15013],[117.15235,8.17007],[117.18971,8.17674]]],[[[117.35532,8.30272],[117.35955,8.21906],[117.34254,8.19721],[117.28972,8.18431],[117.27003,8.26752],[117.28443,8.32274],[117.31861,8.32892],[117.35532,8.30272]]],[[[117.25343,8.32197],[117.26393,8.30101],[117.19012,8.26203],[117.18946,8.29955],[117.24285,8.34321],[117.23601,8.32274],[117.25343,8.32197]]],[[[119.84352,10.64224],[120.0,10.58048],[119.98414,10.53132],[119.95021,10.53547],[119.94272,10.51504],[119.9087,10.55598],[119.91489,10.48086],[119.82162,10.44855],[119.78858,10.45698],[119.77833,10.53547],[119.75262,10.53978],[119.84352,10.64224]]],[[[119.66277,10.57099],[119.72535,10.51862],[119.70997,10.49453],[119.66847,10.48086],[119.57586,10.38052],[119.46306,10.37848],[119.35597,10.32884],[119.25734,10.22199],[119.22071,10.08417],[119.1963,10.05634],[119.07203,10.00796],[118.87477,9.97187],[118.81935,9.93903],[118.77418,9.93415],[118.7505,9.88752],[118.78468,9.78824],[118.77784,9.7342],[118.73561,9.74348],[118.72967,9.78042],[118.70094,9.77554],[118.71632,9.69257],[118.74293,9.69684],[118.75636,9.66767],[118.72999,9.66527],[118.69532,9.57807],[118.6692,9.56997],[118.4979,9.31367],[118.43084,9.27318],[118.35377,9.18317],[118.18914,9.15599],[118.13697,9.13085],[118.11305,9.04898],[118.09547,9.04597],[118.05836,8.95209],[118.01368,8.8876],[117.91041,8.82974],[117.75538,8.69017],[117.66733,8.66474],[117.5656,8.66108],[117.55812,8.59642],[117.51287,8.50678],[117.4935,8.49966],[117.47218,8.51382],[117.34498,8.47126],[117.19077,8.33832],[117.19044,8.37816],[117.22234,8.43818],[117.22234,8.50023],[117.27003,8.58902],[117.26393,8.61009],[117.27996,8.60497],[117.29152,8.64082],[117.34205,8.68427],[117.37599,8.74681],[117.43556,8.77314],[117.51979,8.89973],[117.62273,8.99185],[117.65553,9.05793],[117.71225,9.08161],[117.7295,9.06415],[117.76189,9.07795],[117.79127,9.13483],[117.78403,9.15135],[117.86647,9.2036],[117.90447,9.26122],[117.98951,9.2674],[118.00318,9.2333],[118.05437,9.29145],[118.13356,9.34317],[118.13356,9.38471],[118.19288,9.42182],[118.21632,9.47797],[118.27719,9.51972],[118.33277,9.58641],[118.36012,9.65843],[118.42026,9.68073],[118.42433,9.6979],[118.53053,9.77424],[118.66798,9.97435],[118.6565,9.99616],[118.7225,10.03583],[118.77166,10.1308],[118.77662,10.08307],[118.76295,10.06924],[118.77947,10.0563],[118.80112,10.04902],[118.83237,10.08365],[118.81577,10.18891],[118.89112,10.21332],[118.9336,10.20966],[118.95834,10.23526],[118.94972,10.28221],[119.02475,10.30956],[119.03395,10.34935],[118.98439,10.34406],[118.97641,10.35737],[119.00196,10.39753],[119.02752,10.40717],[119.07203,10.39151],[119.08432,10.4228],[119.1067,10.4256],[119.0857,10.46662],[119.12037,10.48774],[119.13526,10.38813],[119.22999,10.48542],[119.27809,10.5082],[119.25074,10.55598],[119.29078,10.55768],[119.3191,10.59007],[119.34498,10.72358],[119.3169,10.77269],[119.27394,10.77167],[119.26612,10.82661],[119.2234,10.85082],[119.25758,10.8911],[119.2225,10.94172],[119.24724,10.94977],[119.25074,10.92593],[119.26442,10.9396],[119.29168,10.93268],[119.27809,10.91283],[119.29168,10.88496],[119.27125,10.88496],[119.27809,10.87494],[119.31284,10.87812],[119.30584,10.85712],[119.33326,10.82347],[119.34693,10.83096],[119.40496,10.76236],[119.41871,10.76992],[119.44508,10.72748],[119.46754,10.73265],[119.43971,10.79605],[119.4568,10.83096],[119.41822,10.86091],[119.35524,10.87775],[119.34693,10.89859],[119.36061,10.93268],[119.32472,10.9335],[119.32,11.00088],[119.32594,11.02277],[119.36061,11.00096],[119.3274,11.06444],[119.33497,11.10293],[119.37729,11.05622],[119.41529,11.05622],[119.43214,11.12222],[119.38795,11.18659],[119.4236,11.2132],[119.42555,11.31354],[119.47381,11.35786],[119.49106,11.42088],[119.50904,11.41307],[119.52955,11.33055],[119.55242,11.33739],[119.56902,11.26166],[119.51637,11.1175],[119.56178,11.05903],[119.57244,11.01533],[119.55926,11.00096],[119.51759,11.01187],[119.50457,10.88496],[119.53159,10.81981],[119.59344,10.83714],[119.60271,10.82441],[119.59083,10.67243],[119.65358,10.67512],[119.66847,10.65217],[119.63445,10.65217],[119.66277,10.57099]]],[[[119.87615,11.47964],[119.83286,11.37836],[119.82057,11.3996],[119.83286,11.42617],[119.79542,11.43301],[119.77084,11.40632],[119.71616,11.46035],[119.72869,11.47801],[119.77084,11.44042],[119.78517,11.49445],[119.81251,11.46035],[119.82358,11.47256],[119.83286,11.46035],[119.84449,11.49067],[119.82602,11.50873],[119.8484,11.52066],[119.8672,11.51557],[119.87615,11.47964]]],[[[120.0,11.68115],[119.96697,11.66437],[119.95021,11.70938],[119.95639,11.73469],[119.98439,11.71418],[119.97706,11.74144],[120.0,11.76713],[120.0,11.68115]]],[[[119.99806,11.79609],[119.97706,11.79609],[119.95924,11.76586],[119.92921,11.77558],[119.90187,11.82404],[119.92237,11.83771],[119.87452,11.89297],[119.85402,11.95441],[119.89161,11.94013],[119.89283,11.96259],[119.91969,11.98151],[119.95932,11.93],[120.0,11.92632],[119.99806,11.79609]]],[[[120.0,12.01215],[119.94239,12.08714],[119.89503,12.20767],[119.86036,12.15917],[119.84767,12.16673],[119.8672,12.194],[119.87232,12.2517],[119.92237,12.27652],[119.88071,12.26903],[119.88502,12.3227],[119.92693,12.31647],[119.93588,12.27652],[120.0,12.2642],[120.0,12.01215]]],[[[119.46876,4.8937],[119.50359,4.76423],[119.45655,4.65571],[119.46274,4.77578],[119.4354,4.90278],[119.46876,4.8937]]],[[[119.96062,8.8771],[119.95834,8.87718],[119.95973,8.8806],[119.96062,8.8771]]],[[[119.96925,8.88093],[119.97193,8.88239],[119.97145,8.88093],[119.96925,8.88093]]],[[[119.96323,8.88703],[119.96608,8.88569],[119.96485,8.885],[119.96323,8.88703]]],[[[119.96762,8.89228],[119.9673,8.88935],[119.96567,8.89142],[119.96762,8.89228]]],[[[119.81235,4.81684],[119.85768,4.79857],[119.834,4.79662],[119.81235,4.81684]]],[[[119.82106,4.86278],[119.79038,4.90595],[119.80437,4.92744],[119.85076,4.88788],[119.84205,4.86567],[119.82106,4.86278]]],[[[119.81251,5.06989],[119.74578,5.04401],[119.7693,5.09756],[119.79835,5.12104],[119.81251,5.06989]]],[[[119.99293,16.23017],[119.92237,16.30378],[119.97316,16.35057],[120.0,16.32426],[119.99293,16.23017]]]]}},{"type":"Feature","properties":{"name":"Sri Lanka","adm0_a3":"LKA"},"geometry":{"type":"MultiPolygon","coordinates":[[[[81.88071,7.32709],[81.88461,6.98017],[81.83155,6.76537],[81.7798,6.6636],[81.77564,6.61042],[81.68149,6.46214],[81.32496,6.20539],[81.20444,6.16275],[81.18767,6.18159],[81.17644,6.15038],[81.11256,6.12031],[80.90268,6.07079],[80.86231,6.03986],[80.80909,6.0351],[80.71437,5.95791],[80.65626,5.95791],[80.59083,5.92373],[80.53956,5.94428],[80.46518,5.94066],[80.44402,5.97089],[80.41196,5.95995],[80.35841,5.97842],[80.34099,5.97093],[80.20387,6.02619],[80.094,6.13605],[80.03199,6.26634],[80.01206,6.36131],[79.9642,6.47187],[79.97788,6.4787],[79.96957,6.53535],[79.86305,6.8072],[79.84816,6.8902],[79.86158,7.01187],[79.81373,7.18073],[79.82032,7.20551],[79.84816,7.12295],[79.86158,7.16743],[79.82634,7.2104],[79.83383,7.23282],[79.77858,7.60273],[79.79298,7.60273],[79.80201,7.65933],[79.69679,8.09829],[79.7072,8.14208],[79.69679,8.21906],[79.72877,8.2497],[79.77858,8.35004],[79.74448,8.28116],[79.77858,8.26],[79.7461,8.20612],[79.72755,8.11091],[79.7295,8.08112],[79.75196,8.05463],[79.73194,8.01313],[79.76384,7.99014],[79.81023,7.98652],[79.83383,8.00308],[79.79347,8.07282],[79.82716,8.13654],[79.80665,8.24018],[79.82716,8.27774],[79.87379,8.53807],[79.91652,8.576],[79.94166,8.64248],[79.95053,8.73981],[79.92644,8.80191],[79.93019,8.88447],[79.91554,8.93854],[80.04802,9.02627],[80.10564,9.19286],[80.11817,9.30044],[80.06617,9.33259],[80.05299,9.39155],[80.19703,9.47346],[80.16131,9.52057],[80.05299,9.59638],[80.23341,9.53425],[80.27223,9.50414],[80.26588,9.4667],[80.28688,9.4527],[80.42661,9.50019],[80.61476,9.44619],[80.47145,9.52806],[80.42897,9.51777],[80.36866,9.53022],[80.29754,9.59125],[80.18605,9.6485],[80.1736,9.64867],[80.17596,9.62434],[80.19996,9.59919],[80.18605,9.58413],[80.11549,9.63573],[80.094,9.64484],[80.13559,9.60383],[79.95802,9.68574],[79.90968,9.7683],[79.97071,9.81513],[80.12232,9.81892],[80.13014,9.77733],[80.22234,9.75446],[80.33855,9.62922],[80.44402,9.57591],[80.31984,9.67276],[80.24781,9.75507],[80.13868,9.79873],[80.13673,9.81391],[80.15772,9.82294],[80.24675,9.82587],[80.40992,9.6175],[80.7444,9.35969],[80.79884,9.29487],[80.7365,9.30899],[80.79363,9.25056],[80.81398,9.23949],[80.80356,9.27163],[80.8239,9.27049],[80.88217,9.14517],[80.8401,9.15599],[80.83448,9.14175],[80.87306,9.12645],[80.87534,9.10358],[80.8965,9.1166],[80.91635,9.06216],[80.95834,9.01789],[80.94435,9.00056],[80.93067,9.02098],[80.87534,9.04149],[80.93507,8.96491],[80.91489,8.94392],[80.9476,8.93293],[80.97853,8.97997],[81.04672,8.88215],[81.09278,8.85163],[81.11427,8.79999],[81.15016,8.77717],[81.17652,8.69888],[81.1823,8.71223],[81.19752,8.70572],[81.2317,8.65107],[81.20436,8.61009],[81.22495,8.61685],[81.24977,8.5458],[81.22486,8.54182],[81.22999,8.55793],[81.21225,8.5727],[81.21062,8.50707],[81.15903,8.53457],[81.13396,8.50129],[81.17026,8.5207],[81.21314,8.4724],[81.2811,8.46703],[81.29664,8.47679],[81.28639,8.50023],[81.33416,8.51455],[81.36573,8.48216],[81.38942,8.36371],[81.35182,8.40469],[81.35662,8.36249],[81.39926,8.33926],[81.4485,8.128],[81.43035,8.10301],[81.40358,8.1918],[81.39625,8.13654],[81.43556,8.09317],[81.46437,8.11603],[81.5197,7.99934],[81.53395,8.01362],[81.54021,7.98631],[81.56072,7.99934],[81.56072,7.9584],[81.59547,7.91743],[81.57586,7.88939],[81.58758,7.85529],[81.60825,7.83169],[81.6364,7.83552],[81.71314,7.71182],[81.69093,7.70515],[81.62664,7.7602],[81.59547,7.72626],[81.65903,7.72333],[81.7116,7.65054],[81.7116,7.62254],[81.71404,7.64374],[81.74903,7.62254],[81.77296,7.56798],[81.77296,7.52391],[81.75758,7.50544],[81.7798,7.47236],[81.77101,7.45698],[81.79339,7.46552],[81.80779,7.41035],[81.82602,7.47419],[81.85572,7.41218],[81.88071,7.32709]]],[[[81.73707,7.67097],[81.72511,7.73994],[81.80633,7.59858],[81.82325,7.51138],[81.80779,7.47919],[81.78736,7.49681],[81.78736,7.59345],[81.73707,7.67097]]],[[[79.70297,9.07998],[79.70118,9.09919],[79.7588,9.10358],[79.84164,9.07722],[79.91652,9.02098],[79.85434,9.04149],[79.90968,8.97321],[79.88575,8.97622],[79.79981,9.04898],[79.70297,9.07998]]],[[[79.72283,9.49262],[79.66603,9.49128],[79.6587,9.55536],[79.67628,9.53498],[79.71925,9.52436],[79.72283,9.49262]]],[[[79.89584,9.6175],[79.84067,9.69941],[79.86052,9.75625],[79.88234,9.76089],[79.89405,9.75739],[79.8947,9.68818],[79.92644,9.67894],[79.9336,9.65473],[79.97788,9.62434],[79.89584,9.6175]]]]}},{"type":"Feature","properties":{"name":"Taiwan","adm0_a3":"TWN"},"geometry":{"type":"MultiPolygon","coordinates":[[[[118.4226,24.52797],[118.46736,24.46183],[118.44878,24.41551],[118.40362,24.43601],[118.37286,24.4332],[118.31822,24.39054],[118.28395,24.40127],[118.28207,24.47736],[118.31666,24.49335],[118.35481,24.47056],[118.38141,24.47351],[118.39422,24.52269],[118.4226,24.52797]]],[[[119.64796,23.60346],[119.66847,23.54881],[119.64064,23.56354],[119.58237,23.51895],[119.52711,23.53998],[119.58717,23.54881],[119.55242,23.56249],[119.55242,23.5904],[119.61313,23.6103],[119.60629,23.5904],[119.64796,23.60346]]],[[[119.47446,23.57974],[119.50131,23.65038],[119.51734,23.6376],[119.49171,23.57103],[119.44239,23.56249],[119.47446,23.57974]]],[[[119.58513,23.62474],[119.54526,23.66494],[119.56642,23.67918],[119.5962,23.65327],[119.58513,23.62474]]]]}},{"type":"Feature","properties":{"name":"Fr. S. and Antarctic Lands","adm0_a3":"ATF"},"geometry":{"type":"Polygon","coordinates":[[[47.29957,-11.55063],[47.30641,-11.56992],[47.28793,-11.56552],[47.29957,-11.55063]]]}},{"type":"Feature","properties":{"name":"Seychelles","adm0_a3":"SYC"},"geometry":{"type":"MultiPolygon","coordinates":[[[[46.50978,-9.71998],[46.49049,-9.75555],[46.47967,-9.75107],[46.48699,-9.73016],[46.50978,-9.71998]]],[[[47.50734,-9.69818],[47.5158,-9.70013],[47.50734,-9.71307],[47.50734,-9.69818]]],[[[53.34164,-5.42995],[53.34474,-5.44101],[53.334,-5.42018],[53.34164,-5.42995]]],[[[55.66586,-3.81178],[55.65187,-3.8012],[55.65968,-3.79111],[55.66586,-3.81178]]],[[[46.44776,-9.33766],[46.52516,-9.38128],[46.4546,-9.42645],[46.38071,-9.42457],[46.23439,-9.45232],[46.20737,-9.38551],[46.23048,-9.41367],[46.2741,-9.42636],[46.32049,-9.42376],[46.43458,-9.37811],[46.46876,-9.38551],[46.44776,-9.33766]]],[[[46.3794,-9.35703],[46.27613,-9.33929],[46.3152,-9.32643],[46.42709,-9.33766],[46.3794,-9.35703]]],[[[56.2588,-7.14023],[56.28745,-7.11004],[56.24708,-7.19264],[56.2588,-7.14023]]],[[[55.44898,-4.67785],[55.36726,-4.63926],[55.41762,-4.61138],[55.4337,-4.56254],[55.4549,-4.56223],[55.46722,-4.58343],[55.45668,-4.6258],[55.52856,-4.68019],[55.51685,-4.75041],[55.53792,-4.80377],[55.50421,-4.79581],[55.4869,-4.76211],[55.46349,-4.75977],[55.46817,-4.74151],[55.49158,-4.73636],[55.478,-4.70641],[55.44898,-4.67785]]],[[[55.24195,-4.504],[55.22804,-4.48748],[55.22543,-4.44492],[55.26922,-4.48016],[55.24195,-4.504]]],[[[55.74676,-4.3581],[55.67718,-4.29641],[55.70444,-4.29023],[55.78704,-4.33059],[55.74676,-4.3581]]],[[[52.74724,-7.00506],[52.7422,-7.00172],[52.74187,-6.99432],[52.74724,-7.00506]]],[[[55.38185,-5.86549],[55.38006,-5.86907],[55.38282,-5.85394],[55.38185,-5.86549]]],[[[55.36051,-4.66133],[55.37382,-4.66643],[55.37291,-4.66789],[55.36051,-4.66133]]],[[[55.39753,-4.67336],[55.40683,-4.675],[55.40537,-4.67993],[55.39753,-4.67336]]],[[[55.49371,-4.62798],[55.50582,-4.63965],[55.49196,-4.63425],[55.49371,-4.62798]]],[[[55.50509,-4.62623],[55.51151,-4.62477],[55.51107,-4.62958],[55.50509,-4.62623]]],[[[55.49678,-4.60303],[55.51443,-4.60055],[55.49678,-4.6147],[55.49678,-4.60303]]],[[[55.73291,-4.29246],[55.72213,-4.27684],[55.74295,-4.27833],[55.73291,-4.29246]]],[[[55.66003,-4.33039],[55.66561,-4.33411],[55.6604,-4.33485],[55.66003,-4.33039]]],[[[55.64887,-4.34861],[55.6511,-4.35344],[55.64367,-4.34935],[55.64887,-4.34861]]],[[[55.6604,-4.21028],[55.67528,-4.21214],[55.65928,-4.21288],[55.6604,-4.21028]]],[[[55.83182,-4.33745],[55.85711,-4.36497],[55.84149,-4.38282],[55.82327,-4.35976],[55.83182,-4.33745]]],[[[55.86678,-4.32332],[55.88314,-4.3289],[55.88463,-4.33671],[55.86678,-4.32332]]],[[[55.8664,-4.28874],[55.87087,-4.28986],[55.87384,-4.29618],[55.8664,-4.28874]]],[[[55.91772,-4.34043],[55.92367,-4.34303],[55.92256,-4.34972],[55.91772,-4.34043]]],[[[55.93252,-4.58243],[55.95014,-4.59099],[55.93907,-4.59225],[55.93252,-4.58243]]]]}},{"type":"Feature","properties":{"name":"Mauritius","adm0_a3":"MUS"},"geometry":{"type":"Polygon","coordinates":[[[56.5298,-10.35296],[56.53566,-10.32391],[56.56935,-10.40651],[56.5298,-10.35296]]]}},{"type":"Feature","properties":{"name":"Comoros","adm0_a3":"COM"},"geometry":{"type":"MultiPolygon","coordinates":[[[[43.72722,-12.2636],[43.85011,-12.34612],[43.85816,-12.37135],[43.66521,-12.35247],[43.65895,-12.31829],[43.63396,-12.30104],[43.63575,-12.23691],[43.72722,-12.2636]]],[[[44.52638,-12.21884],[44.52296,-12.37282],[44.5027,-12.37672],[44.47332,-12.32977],[44.39959,-12.27996],[44.38526,-12.25172],[44.2684,-12.20501],[44.20639,-12.16058],[44.32309,-12.18792],[44.34352,-12.17425],[44.37355,-12.18035],[44.41529,-12.11932],[44.41179,-12.08554],[44.46705,-12.06439],[44.52638,-12.21884]]],[[[43.43051,-11.70818],[43.4983,-11.88201],[43.47999,-11.92278],[43.43767,-11.93157],[43.36996,-11.86061],[43.30177,-11.84954],[43.27101,-11.82822],[43.21778,-11.75026],[43.21599,-11.716],[43.24415,-11.67295],[43.24684,-11.44061],[43.27654,-11.37957],[43.35572,-11.36126],[43.39487,-11.40016],[43.37713,-11.60508],[43.38608,-11.6456],[43.43051,-11.70818]]]]}},{"type":"Feature","properties":{"name":"Indian Ocean Ter.","adm0_a3":"IOA"},"geometry":{"type":"MultiPolygon","coordinates":[[[[96.8694,-12.18792],[96.84522,-12.19769],[96.83058,-12.17995],[96.82154,-12.12656],[96.83619,-12.18206],[96.8694,-12.18792]]],[[[96.91391,-12.19451],[96.88852,-12.18743],[96.91619,-12.1618],[96.91391,-12.19451]]],[[[105.71469,-10.43719],[105.69459,-10.56487],[105.67872,-10.56601],[105.66407,-10.51849],[105.58497,-10.51637],[105.59425,-10.45403],[105.65455,-10.4699],[105.68523,-10.44036],[105.71469,-10.43719]]]]}},{"type":"Feature","properties":{"name":"Br. Indian Ocean Ter.","adm0_a3":"IOT"},"geometry":{"type":"MultiPolygon","coordinates":[[[[72.43287,-7.42539],[72.48032,-7.36468],[72.48064,-7.39056],[72.43287,-7.43222],[72.42604,-7.32293],[72.35768,-7.26832],[72.43287,-7.3161],[72.43287,-7.42539]]],[[[72.49464,-7.29616],[72.47381,-7.34002],[72.47902,-7.36191],[72.46803,-7.34059],[72.4865,-7.30242],[72.43971,-7.22674],[72.49464,-7.29616]]],[[[71.35035,-6.65252],[71.35523,-6.65634],[71.35035,-6.6535],[71.35035,-6.65252]]],[[[71.261,-6.37802],[71.26735,-6.37005],[71.2614,-6.3886],[71.261,-6.37802]]],[[[71.34474,-6.20485],[71.35328,-6.1784],[71.36052,-6.17734],[71.34474,-6.20485]]],[[[71.76466,-5.43385],[71.77174,-5.43336],[71.7732,-5.4402],[71.76466,-5.43385]]],[[[72.23097,-5.31927],[72.22828,-5.3248],[72.22145,-5.32781],[72.23097,-5.31927]]],[[[71.74708,-5.26995],[71.74545,-5.27874],[71.73707,-5.28525],[71.74708,-5.26995]]],[[[71.76856,-5.23414],[71.76645,-5.23919],[71.76026,-5.23659],[71.76856,-5.23414]]],[[[71.96648,-5.22747],[71.96168,-5.23008],[71.96274,-5.22698],[71.96648,-5.22747]]]]}},{"type":"Feature","properties":{"name":"Singapore","adm0_a3":"SGP"},"geometry":{"type":"Polygon","coordinates":[[[103.80494,1.44864],[104.00343,1.37417],[103.97486,1.33446],[103.83888,1.26626],[103.78956,1.26789],[103.75514,1.2971],[103.66529,1.3041],[103.64039,1.32225],[103.69508,1.42133],[103.80494,1.44864]]]}},{"type":"Feature","properties":{"name":"Maldives","adm0_a3":"MDV"},"geometry":{"type":"MultiPolygon","coordinates":[[[[73.17254,-0.68857],[73.16586,-0.68841],[73.1631,-0.68182],[73.17254,-0.68857]]],[[[73.20411,-0.67116],[73.19646,-0.68133],[73.19142,-0.68279],[73.20411,-0.67116]]],[[[73.12696,-0.66627],[73.12387,-0.66473],[73.12428,-0.65618],[73.12696,-0.66627]]],[[[73.22731,-0.64284],[73.22682,-0.63258],[73.23487,-0.6194],[73.24,-0.62558],[73.22731,-0.64284]]],[[[73.24464,-0.60719],[73.23634,-0.59238],[73.24732,-0.5779],[73.24838,-0.58082],[73.24464,-0.60719]]],[[[73.44304,-0.29274],[73.44451,-0.3043],[73.43507,-0.28362],[73.44304,-0.29274]]],[[[73.09547,0.22801],[73.10434,0.21963],[73.10288,0.21345],[73.09547,0.22801]]],[[[73.21746,0.23774],[73.21095,0.23216],[73.209,0.23998],[73.21746,0.23774]]],[[[73.03614,0.26093],[73.04038,0.25947],[73.04038,0.25934],[73.03614,0.26093]]],[[[73.37908,0.28518],[73.36964,0.28002],[73.3711,0.28596],[73.37908,0.28518]]],[[[72.98097,0.30362],[72.98813,0.30191],[72.98601,0.29955],[72.98097,0.30362]]],[[[73.5066,0.38776],[73.50864,0.38068],[73.50856,0.38056],[73.5066,0.38776]]],[[[72.95777,0.3968],[72.96111,0.39427],[72.96119,0.39403],[72.95777,0.3968]]],[[[72.9406,0.48729],[72.93702,0.49364],[72.94093,0.49628],[72.9406,0.48729]]],[[[73.49204,0.5078],[73.49464,0.49897],[73.48976,0.50259],[73.49204,0.5078]]],[[[73.38429,0.64033],[73.38673,0.6354],[73.38478,0.63557],[73.38429,0.64033]]],[[[73.36883,0.76044],[73.37184,0.75658],[73.36996,0.75702],[73.36883,0.76044]]],[[[73.34978,0.84406],[73.35288,0.84154],[73.35108,0.84064],[73.34978,0.84406]]],[[[72.82797,3.50544],[72.83513,3.50544],[72.83106,3.50357],[72.82797,3.50544]]],[[[72.79119,3.51089],[72.79518,3.51464],[72.79884,3.51195],[72.79119,3.51089]]],[[[72.91179,3.54173],[72.91993,3.55215],[72.9284,3.55191],[72.91179,3.54173]]],[[[72.94191,3.61884],[72.94557,3.61372],[72.93849,3.61372],[72.94191,3.61884]]],[[[72.68971,3.71796],[72.69744,3.71882],[72.69459,3.71499],[72.68971,3.71796]]],[[[73.46925,3.93696],[73.46998,3.93513],[73.46754,3.93366],[73.46925,3.93696]]],[[[72.70314,4.00332],[72.7046,3.9964],[72.69939,3.9982],[72.70314,4.00332]]],[[[73.50831,4.09341],[73.50229,4.10077],[73.50815,4.10358],[73.50831,4.09341]]],[[[72.9725,4.2604],[72.9756,4.26236],[72.97576,4.2604],[72.9725,4.2604]]],[[[73.70281,4.43472],[73.6976,4.43146],[73.69744,4.43138],[73.70281,4.43472]]],[[[73.70265,4.45291],[73.69988,4.44916],[73.69996,4.45165],[73.70265,4.45291]]],[[[73.37729,4.46528],[73.37387,4.46699],[73.37672,4.47443],[73.37729,4.46528]]],[[[73.40121,4.62983],[73.40528,4.6284],[73.403,4.62743],[73.40121,4.62983]]],[[[73.49049,4.72338],[73.49073,4.71674],[73.48846,4.71597],[73.49049,4.72338]]],[[[72.97267,4.89436],[72.96966,4.88072],[72.96949,4.88052],[72.97267,4.89436]]],[[[72.92286,4.89908],[72.92091,4.89785],[72.91749,4.89859],[72.92286,4.89908]]],[[[73.43653,4.96988],[73.44117,4.97492],[73.44728,4.97134],[73.43653,4.96988]]],[[[72.90943,5.03079],[72.91017,5.0327],[72.91285,5.03408],[72.90943,5.03079]]],[[[72.92774,5.03653],[72.92709,5.03392],[72.92433,5.03303],[72.92774,5.03653]]],[[[73.04477,5.12181],[73.04347,5.11884],[73.04127,5.11839],[73.04477,5.12181]]],[[[73.04526,5.12889],[73.05144,5.12665],[73.04762,5.12637],[73.04526,5.12889]]],[[[73.09132,5.16136],[73.0879,5.15799],[73.08774,5.15794],[73.09132,5.16136]]],[[[73.10711,5.17097],[73.10694,5.17178],[73.11052,5.17032],[73.10711,5.17097]]],[[[72.86012,5.23794],[72.85922,5.2355],[72.85662,5.23444],[72.86012,5.23794]]],[[[73.13185,5.2425],[73.12843,5.24116],[73.13185,5.24457],[73.13185,5.2425]]],[[[73.49977,5.24689],[73.49724,5.24502],[73.49383,5.246],[73.49977,5.24689]]],[[[73.5936,5.2827],[73.57765,5.27456],[73.57,5.27676],[73.5936,5.2827]]],[[[73.11264,5.29845],[73.10922,5.29515],[73.10922,5.2967],[73.11264,5.29845]]],[[[73.46705,5.30834],[73.46437,5.30687],[73.4642,5.30683],[73.46705,5.30834]]],[[[73.62957,5.33283],[73.62721,5.33112],[73.6233,5.33186],[73.62957,5.33283]]],[[[73.6434,5.34394],[73.64007,5.34219],[73.6399,5.34219],[73.6434,5.34394]]],[[[72.9524,5.35008],[72.94956,5.34931],[72.95314,5.35277],[72.9524,5.35008]]],[[[73.39617,5.35712],[73.40064,5.35765],[73.40121,5.35615],[73.39617,5.35712]]],[[[73.32325,5.36823],[73.33009,5.36685],[73.31772,5.36579],[73.32325,5.36823]]],[[[73.3449,5.42682],[73.3475,5.42878],[73.35076,5.42768],[73.3449,5.42682]]],[[[73.53492,5.44986],[73.53126,5.45043],[73.53745,5.4514],[73.53492,5.44986]]],[[[73.36297,5.46308],[73.36313,5.45938],[73.36069,5.45783],[73.36297,5.46308]]],[[[72.93702,5.46552],[72.94028,5.46214],[72.93824,5.46149],[72.93702,5.46552]]],[[[73.00978,5.49091],[73.01303,5.48745],[73.011,5.4868],[73.00978,5.49091]]],[[[73.45932,5.54173],[73.45631,5.54267],[73.46241,5.54361],[73.45932,5.54173]]],[[[72.99879,5.71198],[73.00229,5.7071],[72.99977,5.70698],[72.99879,5.71198]]],[[[72.9485,6.34443],[72.95395,6.34561],[72.95314,6.34349],[72.9485,6.34443]]],[[[72.89088,6.44823],[72.89723,6.4479],[72.89633,6.44579],[72.89088,6.44823]]],[[[73.10499,-0.5792],[73.11158,-0.61712],[73.11866,-0.64129],[73.0949,-0.60467],[73.09116,-0.58603],[73.10499,-0.5792]]],[[[73.36516,1.79104],[73.37582,1.78856],[73.36817,1.78294],[73.36516,1.79104]]],[[[73.39479,1.79877],[73.40211,1.7956],[73.39438,1.79474],[73.39479,1.79877]]],[[[73.45265,1.82681],[73.45672,1.82038],[73.45411,1.82054],[73.45265,1.82681]]],[[[73.51808,1.84272],[73.4992,1.8277],[73.49806,1.8288],[73.51808,1.84272]]],[[[73.5315,1.86351],[73.53297,1.86164],[73.5324,1.86009],[73.5315,1.86351]]],[[[73.24366,1.88874],[73.24399,1.89411],[73.25172,1.8924],[73.24366,1.88874]]],[[[73.54884,1.91136],[73.54086,1.8924],[73.55307,1.93244],[73.54884,1.91136]]],[[[73.54981,1.96568],[73.5477,1.96833],[73.55006,1.97639],[73.54981,1.96568]]],[[[73.31723,1.9914],[73.32325,1.98648],[73.31837,1.9831],[73.31723,1.9914]]],[[[73.54298,2.02216],[73.54029,2.02253],[73.5442,2.0266],[73.54298,2.02216]]],[[[73.38697,2.02863],[73.38624,2.03034],[73.38697,2.03303],[73.38697,2.02863]]],[[[73.55144,2.07258],[73.55128,2.07807],[73.55567,2.08251],[73.55144,2.07258]]],[[[73.56764,2.10993],[73.58041,2.10578],[73.56178,2.09471],[73.56764,2.10993]]],[[[73.04371,2.16645],[73.03981,2.16462],[73.03826,2.16454],[73.04371,2.16645]]],[[[73.09889,2.18464],[73.10231,2.18098],[73.09946,2.18195],[73.09889,2.18464]]],[[[73.11687,2.19766],[73.12086,2.1918],[73.115,2.1918],[73.11687,2.19766]]],[[[72.94842,2.27489],[72.9463,2.27237],[72.94313,2.27302],[72.94842,2.27489]]],[[[72.92701,2.31607],[72.92254,2.31957],[72.92612,2.32746],[72.92701,2.31607]]],[[[73.344,2.34805],[73.3436,2.34418],[73.34205,2.34211],[73.344,2.34805]]],[[[73.35426,2.4372],[73.36704,2.39802],[73.36256,2.38491],[73.35426,2.4372]]],[[[73.3152,2.49413],[73.31153,2.49925],[73.31479,2.5058],[73.3152,2.49413]]],[[[73.14381,2.55036],[73.14096,2.55036],[73.14552,2.55329],[73.14381,2.55036]]],[[[72.90056,2.67756],[72.90642,2.67967],[72.90447,2.67573],[72.90056,2.67756]]],[[[72.87371,2.68366],[72.86695,2.68895],[72.87257,2.69416],[72.87371,2.68366]]],[[[73.03224,2.7451],[73.028,2.73823],[73.02231,2.74168],[73.03224,2.7451]]],[[[73.34848,2.77538],[73.35353,2.77192],[73.35141,2.7707],[73.34848,2.77538]]],[[[73.39064,2.77538],[73.39186,2.78148],[73.39926,2.78571],[73.39064,2.77538]]],[[[73.5486,2.89273],[73.55104,2.89061],[73.54908,2.88813],[73.5486,2.89273]]],[[[73.36036,2.90388],[73.3628,2.89838],[73.35727,2.89981],[73.36036,2.90388]]],[[[73.0149,2.94741],[73.00904,2.94644],[73.00847,2.95332],[73.0149,2.94741]]],[[[73.56422,2.95462],[73.56202,2.94611],[73.56178,2.95038],[73.56422,2.95462]]],[[[73.58587,2.96153],[73.57748,2.95116],[73.57846,2.95734],[73.58587,2.96153]]],[[[72.86492,2.96088],[72.86769,2.96088],[72.86508,2.95816],[72.86492,2.96088]]],[[[72.90162,3.08381],[72.90447,3.07738],[72.89991,3.07685],[72.90162,3.08381]]],[[[73.61256,3.10297],[73.60841,3.10041],[73.61305,3.10676],[73.61256,3.10297]]],[[[72.97511,3.10419],[72.98178,3.10505],[72.9782,3.10273],[72.97511,3.10419]]],[[[73.04225,3.20547],[73.04689,3.20205],[73.0407,3.19847],[73.04225,3.20547]]],[[[73.02898,3.24689],[73.03566,3.24779],[73.03199,3.24555],[73.02898,3.24689]]],[[[72.83326,3.31249],[72.83611,3.30598],[72.83139,3.30561],[72.83326,3.31249]]],[[[73.51637,3.36123],[73.51881,3.35912],[73.51922,3.35639],[73.51637,3.36123]]],[[[73.74855,3.44819],[73.7531,3.44644],[73.75318,3.44636],[73.74855,3.44819]]],[[[73.50847,3.49657],[73.50611,3.49771],[73.50587,3.50121],[73.50847,3.49657]]],[[[72.9524,3.73383],[72.95582,3.7287],[72.94898,3.72858],[72.9524,3.73383]]],[[[72.94581,3.77212],[72.94939,3.767],[72.94239,3.76695],[72.94581,3.77212]]],[[[72.94459,3.83686],[72.94809,3.83169],[72.94117,3.83169],[72.94459,3.83686]]],[[[73.43246,3.84683],[73.43344,3.84272],[73.4323,3.84174],[73.43246,3.84683]]],[[[73.44353,3.92056],[73.44304,3.91877],[73.43816,3.91645],[73.44353,3.92056]]],[[[73.3449,3.94457],[73.34148,3.94204],[73.34148,3.9431],[73.3449,3.94457]]],[[[73.42262,4.11835],[73.4214,4.11636],[73.41896,4.11571],[73.42262,4.11835]]],[[[73.55288,4.2368],[73.53817,4.18331],[73.51089,4.16209],[73.4312,4.18465],[73.51202,4.1863],[73.53327,4.231],[73.55288,4.2368]]],[[[72.95867,4.26252],[72.95436,4.26146],[72.94516,4.2663],[72.95867,4.26252]]],[[[73.59588,4.34227],[73.59246,4.34016],[73.58912,4.34056],[73.59588,4.34227]]],[[[73.60768,4.3581],[73.61183,4.35651],[73.60955,4.35562],[73.60768,4.3581]]],[[[73.63168,4.36848],[73.63706,4.364],[73.63364,4.36469],[73.63168,4.36848]]],[[[73.66798,4.3935],[73.6683,4.38687],[73.66619,4.38593],[73.66798,4.3935]]],[[[72.95606,4.4221],[72.94337,4.43159],[72.95704,4.4383],[72.95606,4.4221]]],[[[73.54981,4.61538],[73.55388,4.61392],[73.55161,4.61298],[73.54981,4.61538]]],[[[73.62957,5.41852],[73.63673,5.4029],[73.6325,5.38605],[73.62957,5.41852]]],[[[72.99903,5.46109],[73.00262,5.45759],[73.00099,5.45624],[72.99903,5.46109]]],[[[72.8777,5.49209],[72.88111,5.48847],[72.87916,5.48786],[72.8777,5.49209]]],[[[73.01287,5.61571],[73.01612,5.61225],[73.01401,5.61156],[73.01287,5.61571]]],[[[73.00856,5.67504],[73.01189,5.67154],[73.00978,5.67084],[73.00856,5.67504]]],[[[73.39283,5.7377],[73.38071,5.71459],[73.37957,5.71516],[73.39283,5.7377]]],[[[72.98585,5.76557],[72.98276,5.76252],[72.98683,5.77074],[72.98585,5.76557]]],[[[73.3768,5.78734],[73.38453,5.78693],[73.38071,5.78412],[73.3768,5.78734]]],[[[72.97104,5.81045],[72.97511,5.80455],[72.97511,5.80443],[72.97104,5.81045]]],[[[73.44313,5.84125],[73.43377,5.83088],[73.43344,5.83072],[73.44313,5.84125]]],[[[72.96371,5.86404],[72.96648,5.85029],[72.96192,5.85668],[72.96371,5.86404]]],[[[73.42319,5.90689],[73.42848,5.90445],[73.42628,5.90327],[73.42319,5.90689]]],[[[72.93019,5.95694],[72.92579,5.96328],[72.93165,5.96906],[72.93019,5.95694]]],[[[73.39533,5.9578],[73.38453,5.96475],[73.38982,5.97028],[73.39533,5.9578]]],[[[72.90968,5.98212],[72.91285,5.9763],[72.90984,5.97793],[72.90968,5.98212]]],[[[73.25074,6.0834],[73.24903,6.07954],[73.24545,6.07978],[73.25074,6.0834]]],[[[73.24887,6.11018],[73.24724,6.10798],[73.24684,6.10773],[73.24887,6.11018]]],[[[73.22047,6.13207],[73.219,6.1293],[73.21518,6.12857],[73.22047,6.13207]]],[[[73.26539,6.15355],[73.26726,6.15095],[73.26515,6.15062],[73.26539,6.15355]]],[[[73.21892,6.17227],[73.21404,6.16877],[73.21583,6.17121],[73.21892,6.17227]]],[[[73.27084,6.18936],[73.26808,6.1787],[73.26596,6.185],[73.27084,6.18936]]],[[[73.03045,6.22102],[73.02914,6.21898],[73.02898,6.21882],[73.03045,6.22102]]],[[[73.23634,6.23212],[73.24391,6.23164],[73.24024,6.22895],[73.23634,6.23212]]],[[[73.12615,6.284],[73.1229,6.28335],[73.12843,6.28685],[73.12615,6.284]]],[[[73.20932,6.28685],[73.21306,6.28921],[73.20875,6.28644],[73.20932,6.28685]]],[[[73.08334,6.30858],[73.08139,6.30561],[73.07814,6.30508],[73.08334,6.30858]]],[[[73.19418,6.3216],[73.20192,6.32217],[73.20102,6.31826],[73.19418,6.3216]]],[[[73.12094,6.33104],[73.11964,6.32917],[73.11931,6.32892],[73.12094,6.33104]]],[[[73.18727,6.35078],[73.18214,6.34634],[73.18019,6.34711],[73.18727,6.35078]]],[[[73.0193,6.36359],[73.02491,6.36481],[73.02418,6.3627],[73.0193,6.36359]]],[[[72.68588,6.41161],[72.68718,6.40742],[72.68588,6.40648],[72.68588,6.41161]]],[[[72.90113,6.43635],[72.90748,6.43594],[72.90659,6.43382],[72.90113,6.43635]]],[[[73.04624,6.43626],[73.04314,6.4337],[73.04881,6.44134],[73.04624,6.43626]]],[[[72.9568,6.56],[72.95802,6.55435],[72.95582,6.55532],[72.9568,6.56]]],[[[72.92311,6.55988],[72.92872,6.5611],[72.92774,6.5589],[72.92311,6.55988]]],[[[73.02556,6.57925],[73.03045,6.57608],[73.02817,6.57518],[73.02556,6.57925]]],[[[73.0394,6.62287],[73.0407,6.61717],[73.03842,6.61815],[73.0394,6.62287]]],[[[73.06178,6.66096],[73.06227,6.6669],[73.06951,6.66796],[73.06178,6.66096]]],[[[73.09929,6.70893],[73.10043,6.69977],[73.09588,6.69843],[73.09929,6.70893]]],[[[73.03199,6.75658],[73.03688,6.75348],[73.03468,6.75259],[73.03199,6.75658]]],[[[72.91326,6.76488],[72.91432,6.75922],[72.91228,6.76016],[72.91326,6.76488]]],[[[73.15952,6.78653],[73.15284,6.74921],[73.13168,6.72504],[73.15952,6.78653]]],[[[73.19728,6.82811],[73.18377,6.82111],[73.18084,6.82343],[73.18165,6.83051],[73.19728,6.82811]]],[[[72.99024,6.84243],[72.99155,6.83674],[72.98943,6.83763],[72.99024,6.84243]]],[[[73.13901,6.84443],[73.14031,6.83869],[73.13803,6.83967],[73.13901,6.84443]]],[[[72.97153,6.84976],[72.97633,6.84667],[72.97413,6.84585],[72.97153,6.84976]]],[[[73.09295,6.8531],[73.094,6.84756],[73.09181,6.84833],[73.09295,6.8531]]],[[[72.95924,6.86164],[72.96062,6.85606],[72.95834,6.857],[72.95924,6.86164]]],[[[73.10174,6.89354],[73.10662,6.89045],[73.10434,6.88955],[73.10174,6.89354]]],[[[73.21404,6.91852],[73.21306,6.90461],[73.20395,6.88496],[73.20192,6.90225],[73.21404,6.91852]]],[[[72.92596,6.95742],[72.92628,6.9538],[72.92458,6.9517],[72.92596,6.95742]]],[[[73.19467,6.95124],[73.19191,6.9676],[73.1985,6.97134],[73.19467,6.95124]]],[[[72.89194,6.9877],[72.89047,6.98542],[72.89194,6.99103],[72.89194,6.9877]]],[[[72.97975,7.02753],[72.98146,7.01398],[72.97731,7.01903],[72.97975,7.02753]]],[[[72.94996,7.05642],[72.9485,7.05085],[72.94776,7.0539],[72.94996,7.05642]]],[[[72.91285,7.0926],[72.91188,7.0832],[72.90659,7.09101],[72.91285,7.0926]]],[[[72.8838,7.10724],[72.88453,7.1037],[72.8825,7.10163],[72.8838,7.10724]]]]}},{"type":"Feature","properties":{"name":"Bahrain","adm0_a3":"BHR"},"geometry":{"type":"MultiPolygon","coordinates":[[[[50.59474,26.1603],[50.6199,26.18547],[50.63278,26.14682],[50.64566,26.14575],[50.63493,26.11569],[50.61476,26.11115],[50.61842,25.96475],[50.60353,25.85456],[50.56528,25.78954],[50.53142,25.88524],[50.46778,25.95759],[50.46046,25.9853],[50.4909,26.048],[50.4489,26.16161],[50.46119,26.22525],[50.48146,26.24258],[50.54542,26.22773],[50.58668,26.2425],[50.60353,26.19766],[50.55161,26.19424],[50.59474,26.1603]]],[[[50.38268,26.1597],[50.41917,26.16614],[50.42347,26.11999],[50.3859,26.12321],[50.38053,26.13931],[50.38268,26.1597]]],[[[50.60165,26.27885],[50.65532,26.2767],[50.65639,26.24665],[50.6843,26.22196],[50.67357,26.20264],[50.64781,26.23914],[50.61238,26.24128],[50.5995,26.26275],[50.60165,26.27885]]],[[[50.7414,25.67418],[50.80089,25.73114],[50.78317,25.69697],[50.79583,25.68494],[50.76229,25.66786],[50.77621,25.63874],[50.75659,25.57989],[50.73761,25.59571],[50.749,25.62103],[50.7414,25.67418]]],[[[50.77558,25.75266],[50.7914,25.74886],[50.78064,25.74506],[50.77558,25.75266]]],[[[50.80469,25.67925],[50.81671,25.66912],[50.80848,25.66406],[50.80469,25.67925]]],[[[50.78507,25.64824],[50.81671,25.64444],[50.81165,25.63178],[50.79076,25.63052],[50.78507,25.64824]]]]}},{"type":"Feature","properties":{"name":"Spratly Is.","adm0_a3":"PGA"},"geometry":{"type":"MultiPolygon","coordinates":[[[[115.36598,10.23916],[115.36793,10.23916],[115.3672,10.23749],[115.36598,10.23916]]],[[[114.37086,9.68415],[114.38185,9.69017],[114.37338,9.67951],[114.37086,9.68415]]],[[[114.03395,10.0124],[114.03777,10.02106],[114.04005,10.01948],[114.03395,10.0124]]],[[[114.37127,10.18049],[114.3589,10.18342],[114.36598,10.1872],[114.37127,10.18049]]],[[[114.46844,10.36774],[114.46461,10.378],[114.46974,10.37665],[114.46844,10.36774]]],[[[114.36378,10.36786],[114.36036,10.37857],[114.36695,10.36807],[114.36378,10.36786]]],[[[114.45484,10.38833],[114.45192,10.39663],[114.45834,10.39582],[114.45484,10.38833]]],[[[115.81463,10.73432],[115.83269,10.72773],[115.81463,10.72333],[115.81463,10.73432]]],[[[115.84571,10.82241],[115.83123,10.83344],[115.84881,10.8264],[115.84571,10.82241]]],[[[114.28305,11.041],[114.27858,11.05004],[114.28688,11.04662],[114.28305,11.041]]],[[[115.02036,11.10928],[115.0101,11.11591],[115.02076,11.11799],[115.02036,11.10928]]],[[[114.35996,9.77005],[114.3628,9.76911],[114.36134,9.76712],[114.35996,9.77005]]]]}},{"type":"Feature","properties":{"name":"Macao","adm0_a3":"MAC"},"geometry":{"type":"MultiPolygon","coordinates":[[[[113.56943,22.16075],[113.56023,22.14155],[113.58749,22.12486],[113.5468,22.10537],[113.53443,22.1612],[113.56943,22.16075]]],[[[113.53891,22.22077],[113.55714,22.20246],[113.52475,22.17373],[113.53525,22.20755],[113.52434,22.21255],[113.53891,22.22077]]]]}},{"type":"Feature","properties":{"name":"Scarborough Reef","adm0_a3":"SCR"},"geometry":{"type":"Polygon","coordinates":[[[117.75389,15.15437],[117.75389,15.15008],[117.75186,15.15189],[117.75389,15.15437]]]}}]}